ISO-10303-21;
HEADER;
FILE_DESCRIPTION(('FreeCAD Model'),'2;1');
FILE_NAME('Open CASCADE Shape Model','2026-08-10T23:12:21',('FreeCAD'),(
    'FreeCAD'),'Open CASCADE STEP processor 7.8','FreeCAD','Unknown');
FILE_SCHEMA(('AUTOMOTIVE_DESIGN { 1 0 10303 214 1 1 1 1 }'));
ENDSEC;
DATA;
#1 = APPLICATION_PROTOCOL_DEFINITION('international standard',
  'automotive_design',2000,#2);
#2 = APPLICATION_CONTEXT(
  'core data for automotive mechanical design processes');
#3 = SHAPE_DEFINITION_REPRESENTATION(#4,#10);
#4 = PRODUCT_DEFINITION_SHAPE('','',#5);
#5 = PRODUCT_DEFINITION('design','',#6,#9);
#6 = PRODUCT_DEFINITION_FORMATION('','',#7);
#7 = PRODUCT('Open CASCADE STEP translator 7.8 1',
  'Open CASCADE STEP translator 7.8 1','',(#8));
#8 = PRODUCT_CONTEXT('',#2,'mechanical');
#9 = PRODUCT_DEFINITION_CONTEXT('part definition',#2,'design');
#10 = ADVANCED_BREP_SHAPE_REPRESENTATION('',(#11,#15),#4495);
#11 = AXIS2_PLACEMENT_3D('',#12,#13,#14);
#12 = CARTESIAN_POINT('',(0.,0.,0.));
#13 = DIRECTION('',(0.,0.,1.));
#14 = DIRECTION('',(1.,0.,-0.));
#15 = MANIFOLD_SOLID_BREP('',#16);
#16 = CLOSED_SHELL('',(#17,#57,#88,#119,#141,#364,#404,#435,#466,#488,
    #711,#753,#784,#816,#1025,#1104,#1129,#1153,#1256,#1273,#1298,#1377,
    #1401,#1419,#1451,#1483,#1515,#1547,#1572,#1597,#1622,#1639,#1664,
    #1681,#1698,#1715,#1732,#1744,#1769,#1794,#1819,#1844,#1869,#1894,
    #1919,#1936,#1961,#1993,#2191,#2219,#2247,#2275,#2334,#2393,#2452,
    #2511,#2570,#2629,#2688,#2747,#2772,#2797,#2822,#2847,#2869,#2886,
    #2903,#2920,#2937,#2949,#2971,#2988,#3005,#3022,#3039,#3051,#3073,
    #3090,#3107,#3124,#3141,#3153,#3175,#3192,#3209,#3226,#3243,#3255,
    #3277,#3294,#3311,#3328,#3345,#3357,#3379,#3396,#3413,#3430,#3447,
    #3459,#3481,#3498,#3515,#3532,#3549,#3561,#3583,#3600,#3617,#3634,
    #3651,#3663,#3683,#3703,#3723,#3743,#3768,#3793,#3818,#3843,#3852,
    #3861,#3870,#3879,#3901,#3919,#3941,#3959,#3989,#4010,#4035,#4044,
    #4074,#4095,#4120,#4129,#4169,#4191,#4216,#4225,#4257,#4278,#4303,
    #4312,#4352,#4374,#4399,#4408,#4440,#4461,#4486));
#17 = ADVANCED_FACE('',(#18),#52,.F.);
#18 = FACE_BOUND('',#19,.F.);
#19 = EDGE_LOOP('',(#20,#30,#38,#46));
#20 = ORIENTED_EDGE('',*,*,#21,.F.);
#21 = EDGE_CURVE('',#22,#24,#26,.T.);
#22 = VERTEX_POINT('',#23);
#23 = CARTESIAN_POINT('',(-79.,-22.255,10.125));
#24 = VERTEX_POINT('',#25);
#25 = CARTESIAN_POINT('',(-79.,22.255,10.125));
#26 = LINE('',#27,#28);
#27 = CARTESIAN_POINT('',(-79.,-22.255,10.125));
#28 = VECTOR('',#29,1.);
#29 = DIRECTION('',(-0.,1.,0.));
#30 = ORIENTED_EDGE('',*,*,#31,.T.);
#31 = EDGE_CURVE('',#22,#32,#34,.T.);
#32 = VERTEX_POINT('',#33);
#33 = CARTESIAN_POINT('',(-76.,-22.255,10.125));
#34 = LINE('',#35,#36);
#35 = CARTESIAN_POINT('',(-79.,-22.255,10.125));
#36 = VECTOR('',#37,1.);
#37 = DIRECTION('',(1.,0.,-0.));
#38 = ORIENTED_EDGE('',*,*,#39,.T.);
#39 = EDGE_CURVE('',#32,#40,#42,.T.);
#40 = VERTEX_POINT('',#41);
#41 = CARTESIAN_POINT('',(-76.,22.255,10.125));
#42 = LINE('',#43,#44);
#43 = CARTESIAN_POINT('',(-76.,-22.255,10.125));
#44 = VECTOR('',#45,1.);
#45 = DIRECTION('',(-0.,1.,0.));
#46 = ORIENTED_EDGE('',*,*,#47,.F.);
#47 = EDGE_CURVE('',#24,#40,#48,.T.);
#48 = LINE('',#49,#50);
#49 = CARTESIAN_POINT('',(-79.,22.255,10.125));
#50 = VECTOR('',#51,1.);
#51 = DIRECTION('',(1.,0.,-0.));
#52 = PLANE('',#53);
#53 = AXIS2_PLACEMENT_3D('',#54,#55,#56);
#54 = CARTESIAN_POINT('',(-79.,-22.255,10.125));
#55 = DIRECTION('',(0.,0.,1.));
#56 = DIRECTION('',(1.,0.,-0.));
#57 = ADVANCED_FACE('',(#58),#83,.T.);
#58 = FACE_BOUND('',#59,.T.);
#59 = EDGE_LOOP('',(#60,#61,#69,#77));
#60 = ORIENTED_EDGE('',*,*,#47,.F.);
#61 = ORIENTED_EDGE('',*,*,#62,.T.);
#62 = EDGE_CURVE('',#24,#63,#65,.T.);
#63 = VERTEX_POINT('',#64);
#64 = CARTESIAN_POINT('',(-79.,22.255,45.875));
#65 = LINE('',#66,#67);
#66 = CARTESIAN_POINT('',(-79.,22.255,10.125));
#67 = VECTOR('',#68,1.);
#68 = DIRECTION('',(0.,0.,1.));
#69 = ORIENTED_EDGE('',*,*,#70,.T.);
#70 = EDGE_CURVE('',#63,#71,#73,.T.);
#71 = VERTEX_POINT('',#72);
#72 = CARTESIAN_POINT('',(-76.,22.255,45.875));
#73 = LINE('',#74,#75);
#74 = CARTESIAN_POINT('',(-79.,22.255,45.875));
#75 = VECTOR('',#76,1.);
#76 = DIRECTION('',(1.,0.,-0.));
#77 = ORIENTED_EDGE('',*,*,#78,.F.);
#78 = EDGE_CURVE('',#40,#71,#79,.T.);
#79 = LINE('',#80,#81);
#80 = CARTESIAN_POINT('',(-76.,22.255,10.125));
#81 = VECTOR('',#82,1.);
#82 = DIRECTION('',(0.,0.,1.));
#83 = PLANE('',#84);
#84 = AXIS2_PLACEMENT_3D('',#85,#86,#87);
#85 = CARTESIAN_POINT('',(-79.,22.255,10.125));
#86 = DIRECTION('',(-0.,1.,0.));
#87 = DIRECTION('',(0.,0.,1.));
#88 = ADVANCED_FACE('',(#89),#114,.T.);
#89 = FACE_BOUND('',#90,.T.);
#90 = EDGE_LOOP('',(#91,#99,#107,#113));
#91 = ORIENTED_EDGE('',*,*,#92,.F.);
#92 = EDGE_CURVE('',#93,#63,#95,.T.);
#93 = VERTEX_POINT('',#94);
#94 = CARTESIAN_POINT('',(-79.,-22.255,45.875));
#95 = LINE('',#96,#97);
#96 = CARTESIAN_POINT('',(-79.,-22.255,45.875));
#97 = VECTOR('',#98,1.);
#98 = DIRECTION('',(-0.,1.,0.));
#99 = ORIENTED_EDGE('',*,*,#100,.T.);
#100 = EDGE_CURVE('',#93,#101,#103,.T.);
#101 = VERTEX_POINT('',#102);
#102 = CARTESIAN_POINT('',(-76.,-22.255,45.875));
#103 = LINE('',#104,#105);
#104 = CARTESIAN_POINT('',(-79.,-22.255,45.875));
#105 = VECTOR('',#106,1.);
#106 = DIRECTION('',(1.,0.,-0.));
#107 = ORIENTED_EDGE('',*,*,#108,.T.);
#108 = EDGE_CURVE('',#101,#71,#109,.T.);
#109 = LINE('',#110,#111);
#110 = CARTESIAN_POINT('',(-76.,-22.255,45.875));
#111 = VECTOR('',#112,1.);
#112 = DIRECTION('',(-0.,1.,0.));
#113 = ORIENTED_EDGE('',*,*,#70,.F.);
#114 = PLANE('',#115);
#115 = AXIS2_PLACEMENT_3D('',#116,#117,#118);
#116 = CARTESIAN_POINT('',(-79.,-22.255,45.875));
#117 = DIRECTION('',(0.,0.,1.));
#118 = DIRECTION('',(1.,0.,-0.));
#119 = ADVANCED_FACE('',(#120),#136,.F.);
#120 = FACE_BOUND('',#121,.F.);
#121 = EDGE_LOOP('',(#122,#123,#129,#130));
#122 = ORIENTED_EDGE('',*,*,#31,.F.);
#123 = ORIENTED_EDGE('',*,*,#124,.T.);
#124 = EDGE_CURVE('',#22,#93,#125,.T.);
#125 = LINE('',#126,#127);
#126 = CARTESIAN_POINT('',(-79.,-22.255,10.125));
#127 = VECTOR('',#128,1.);
#128 = DIRECTION('',(0.,0.,1.));
#129 = ORIENTED_EDGE('',*,*,#100,.T.);
#130 = ORIENTED_EDGE('',*,*,#131,.F.);
#131 = EDGE_CURVE('',#32,#101,#132,.T.);
#132 = LINE('',#133,#134);
#133 = CARTESIAN_POINT('',(-76.,-22.255,10.125));
#134 = VECTOR('',#135,1.);
#135 = DIRECTION('',(0.,0.,1.));
#136 = PLANE('',#137);
#137 = AXIS2_PLACEMENT_3D('',#138,#139,#140);
#138 = CARTESIAN_POINT('',(-79.,-22.255,10.125));
#139 = DIRECTION('',(-0.,1.,0.));
#140 = DIRECTION('',(0.,0.,1.));
#141 = ADVANCED_FACE('',(#142,#148,#198,#209,#259,#309),#359,.T.);
#142 = FACE_BOUND('',#143,.T.);
#143 = EDGE_LOOP('',(#144,#145,#146,#147));
#144 = ORIENTED_EDGE('',*,*,#131,.F.);
#145 = ORIENTED_EDGE('',*,*,#39,.T.);
#146 = ORIENTED_EDGE('',*,*,#78,.T.);
#147 = ORIENTED_EDGE('',*,*,#108,.F.);
#148 = FACE_BOUND('',#149,.T.);
#149 = EDGE_LOOP('',(#150,#160,#168,#176,#184,#192));
#150 = ORIENTED_EDGE('',*,*,#151,.F.);
#151 = EDGE_CURVE('',#152,#154,#156,.T.);
#152 = VERTEX_POINT('',#153);
#153 = CARTESIAN_POINT('',(-76.,19.331921938165,16.775));
#154 = VERTEX_POINT('',#155);
#155 = CARTESIAN_POINT('',(-76.,17.253460969083,20.375));
#156 = LINE('',#157,#158);
#157 = CARTESIAN_POINT('',(-76.,19.331921938165,16.775));
#158 = VECTOR('',#159,1.);
#159 = DIRECTION('',(0.,-0.5,0.866025403784));
#160 = ORIENTED_EDGE('',*,*,#161,.F.);
#161 = EDGE_CURVE('',#162,#152,#164,.T.);
#162 = VERTEX_POINT('',#163);
#163 = CARTESIAN_POINT('',(-76.,17.253460969083,13.175));
#164 = LINE('',#165,#166);
#165 = CARTESIAN_POINT('',(-76.,17.253460969083,13.175));
#166 = VECTOR('',#167,1.);
#167 = DIRECTION('',(0.,0.5,0.866025403784));
#168 = ORIENTED_EDGE('',*,*,#169,.F.);
#169 = EDGE_CURVE('',#170,#162,#172,.T.);
#170 = VERTEX_POINT('',#171);
#171 = CARTESIAN_POINT('',(-76.,13.096539030917,13.175));
#172 = LINE('',#173,#174);
#173 = CARTESIAN_POINT('',(-76.,13.096539030917,13.175));
#174 = VECTOR('',#175,1.);
#175 = DIRECTION('',(0.,1.,0.));
#176 = ORIENTED_EDGE('',*,*,#177,.F.);
#177 = EDGE_CURVE('',#178,#170,#180,.T.);
#178 = VERTEX_POINT('',#179);
#179 = CARTESIAN_POINT('',(-76.,11.018078061835,16.775));
#180 = LINE('',#181,#182);
#181 = CARTESIAN_POINT('',(-76.,11.018078061835,16.775));
#182 = VECTOR('',#183,1.);
#183 = DIRECTION('',(0.,0.5,-0.866025403784));
#184 = ORIENTED_EDGE('',*,*,#185,.F.);
#185 = EDGE_CURVE('',#186,#178,#188,.T.);
#186 = VERTEX_POINT('',#187);
#187 = CARTESIAN_POINT('',(-76.,13.096539030917,20.375));
#188 = LINE('',#189,#190);
#189 = CARTESIAN_POINT('',(-76.,13.096539030917,20.375));
#190 = VECTOR('',#191,1.);
#191 = DIRECTION('',(0.,-0.5,-0.866025403784));
#192 = ORIENTED_EDGE('',*,*,#193,.F.);
#193 = EDGE_CURVE('',#154,#186,#194,.T.);
#194 = LINE('',#195,#196);
#195 = CARTESIAN_POINT('',(-76.,17.253460969083,20.375));
#196 = VECTOR('',#197,1.);
#197 = DIRECTION('',(0.,-1.,0.));
#198 = FACE_BOUND('',#199,.T.);
#199 = EDGE_LOOP('',(#200));
#200 = ORIENTED_EDGE('',*,*,#201,.T.);
#201 = EDGE_CURVE('',#202,#202,#204,.T.);
#202 = VERTEX_POINT('',#203);
#203 = CARTESIAN_POINT('',(-76.,3.1595887418E-15,15.1));
#204 = CIRCLE('',#205,12.9);
#205 = AXIS2_PLACEMENT_3D('',#206,#207,#208);
#206 = CARTESIAN_POINT('',(-76.,0.,28.));
#207 = DIRECTION('',(-1.,0.,0.));
#208 = DIRECTION('',(0.,0.,-1.));
#209 = FACE_BOUND('',#210,.T.);
#210 = EDGE_LOOP('',(#211,#221,#229,#237,#245,#253));
#211 = ORIENTED_EDGE('',*,*,#212,.F.);
#212 = EDGE_CURVE('',#213,#215,#217,.T.);
#213 = VERTEX_POINT('',#214);
#214 = CARTESIAN_POINT('',(-76.,19.331921938165,39.225));
#215 = VERTEX_POINT('',#216);
#216 = CARTESIAN_POINT('',(-76.,17.253460969083,42.825));
#217 = LINE('',#218,#219);
#218 = CARTESIAN_POINT('',(-76.,19.331921938165,39.225));
#219 = VECTOR('',#220,1.);
#220 = DIRECTION('',(0.,-0.5,0.866025403784));
#221 = ORIENTED_EDGE('',*,*,#222,.F.);
#222 = EDGE_CURVE('',#223,#213,#225,.T.);
#223 = VERTEX_POINT('',#224);
#224 = CARTESIAN_POINT('',(-76.,17.253460969083,35.625));
#225 = LINE('',#226,#227);
#226 = CARTESIAN_POINT('',(-76.,17.253460969083,35.625));
#227 = VECTOR('',#228,1.);
#228 = DIRECTION('',(0.,0.5,0.866025403784));
#229 = ORIENTED_EDGE('',*,*,#230,.F.);
#230 = EDGE_CURVE('',#231,#223,#233,.T.);
#231 = VERTEX_POINT('',#232);
#232 = CARTESIAN_POINT('',(-76.,13.096539030917,35.625));
#233 = LINE('',#234,#235);
#234 = CARTESIAN_POINT('',(-76.,13.096539030917,35.625));
#235 = VECTOR('',#236,1.);
#236 = DIRECTION('',(0.,1.,0.));
#237 = ORIENTED_EDGE('',*,*,#238,.F.);
#238 = EDGE_CURVE('',#239,#231,#241,.T.);
#239 = VERTEX_POINT('',#240);
#240 = CARTESIAN_POINT('',(-76.,11.018078061835,39.225));
#241 = LINE('',#242,#243);
#242 = CARTESIAN_POINT('',(-76.,11.018078061835,39.225));
#243 = VECTOR('',#244,1.);
#244 = DIRECTION('',(0.,0.5,-0.866025403784));
#245 = ORIENTED_EDGE('',*,*,#246,.F.);
#246 = EDGE_CURVE('',#247,#239,#249,.T.);
#247 = VERTEX_POINT('',#248);
#248 = CARTESIAN_POINT('',(-76.,13.096539030917,42.825));
#249 = LINE('',#250,#251);
#250 = CARTESIAN_POINT('',(-76.,13.096539030917,42.825));
#251 = VECTOR('',#252,1.);
#252 = DIRECTION('',(0.,-0.5,-0.866025403784));
#253 = ORIENTED_EDGE('',*,*,#254,.F.);
#254 = EDGE_CURVE('',#215,#247,#255,.T.);
#255 = LINE('',#256,#257);
#256 = CARTESIAN_POINT('',(-76.,17.253460969083,42.825));
#257 = VECTOR('',#258,1.);
#258 = DIRECTION('',(0.,-1.,0.));
#259 = FACE_BOUND('',#260,.T.);
#260 = EDGE_LOOP('',(#261,#271,#279,#287,#295,#303));
#261 = ORIENTED_EDGE('',*,*,#262,.F.);
#262 = EDGE_CURVE('',#263,#265,#267,.T.);
#263 = VERTEX_POINT('',#264);
#264 = CARTESIAN_POINT('',(-76.,-11.01807806183,16.775));
#265 = VERTEX_POINT('',#266);
#266 = CARTESIAN_POINT('',(-76.,-13.09653903091,20.375));
#267 = LINE('',#268,#269);
#268 = CARTESIAN_POINT('',(-76.,-11.01807806183,16.775));
#269 = VECTOR('',#270,1.);
#270 = DIRECTION('',(0.,-0.5,0.866025403784));
#271 = ORIENTED_EDGE('',*,*,#272,.F.);
#272 = EDGE_CURVE('',#273,#263,#275,.T.);
#273 = VERTEX_POINT('',#274);
#274 = CARTESIAN_POINT('',(-76.,-13.09653903091,13.175));
#275 = LINE('',#276,#277);
#276 = CARTESIAN_POINT('',(-76.,-13.09653903091,13.175));
#277 = VECTOR('',#278,1.);
#278 = DIRECTION('',(0.,0.5,0.866025403784));
#279 = ORIENTED_EDGE('',*,*,#280,.F.);
#280 = EDGE_CURVE('',#281,#273,#283,.T.);
#281 = VERTEX_POINT('',#282);
#282 = CARTESIAN_POINT('',(-76.,-17.25346096908,13.175));
#283 = LINE('',#284,#285);
#284 = CARTESIAN_POINT('',(-76.,-17.25346096908,13.175));
#285 = VECTOR('',#286,1.);
#286 = DIRECTION('',(0.,1.,0.));
#287 = ORIENTED_EDGE('',*,*,#288,.F.);
#288 = EDGE_CURVE('',#289,#281,#291,.T.);
#289 = VERTEX_POINT('',#290);
#290 = CARTESIAN_POINT('',(-76.,-19.33192193816,16.775));
#291 = LINE('',#292,#293);
#292 = CARTESIAN_POINT('',(-76.,-19.33192193816,16.775));
#293 = VECTOR('',#294,1.);
#294 = DIRECTION('',(0.,0.5,-0.866025403784));
#295 = ORIENTED_EDGE('',*,*,#296,.F.);
#296 = EDGE_CURVE('',#297,#289,#299,.T.);
#297 = VERTEX_POINT('',#298);
#298 = CARTESIAN_POINT('',(-76.,-17.25346096908,20.375));
#299 = LINE('',#300,#301);
#300 = CARTESIAN_POINT('',(-76.,-17.25346096908,20.375));
#301 = VECTOR('',#302,1.);
#302 = DIRECTION('',(0.,-0.5,-0.866025403784));
#303 = ORIENTED_EDGE('',*,*,#304,.F.);
#304 = EDGE_CURVE('',#265,#297,#305,.T.);
#305 = LINE('',#306,#307);
#306 = CARTESIAN_POINT('',(-76.,-13.09653903091,20.375));
#307 = VECTOR('',#308,1.);
#308 = DIRECTION('',(0.,-1.,0.));
#309 = FACE_BOUND('',#310,.T.);
#310 = EDGE_LOOP('',(#311,#321,#329,#337,#345,#353));
#311 = ORIENTED_EDGE('',*,*,#312,.F.);
#312 = EDGE_CURVE('',#313,#315,#317,.T.);
#313 = VERTEX_POINT('',#314);
#314 = CARTESIAN_POINT('',(-76.,-11.01807806183,39.225));
#315 = VERTEX_POINT('',#316);
#316 = CARTESIAN_POINT('',(-76.,-13.09653903091,42.825));
#317 = LINE('',#318,#319);
#318 = CARTESIAN_POINT('',(-76.,-11.01807806183,39.225));
#319 = VECTOR('',#320,1.);
#320 = DIRECTION('',(0.,-0.5,0.866025403784));
#321 = ORIENTED_EDGE('',*,*,#322,.F.);
#322 = EDGE_CURVE('',#323,#313,#325,.T.);
#323 = VERTEX_POINT('',#324);
#324 = CARTESIAN_POINT('',(-76.,-13.09653903091,35.625));
#325 = LINE('',#326,#327);
#326 = CARTESIAN_POINT('',(-76.,-13.09653903091,35.625));
#327 = VECTOR('',#328,1.);
#328 = DIRECTION('',(0.,0.5,0.866025403784));
#329 = ORIENTED_EDGE('',*,*,#330,.F.);
#330 = EDGE_CURVE('',#331,#323,#333,.T.);
#331 = VERTEX_POINT('',#332);
#332 = CARTESIAN_POINT('',(-76.,-17.25346096908,35.625));
#333 = LINE('',#334,#335);
#334 = CARTESIAN_POINT('',(-76.,-17.25346096908,35.625));
#335 = VECTOR('',#336,1.);
#336 = DIRECTION('',(0.,1.,0.));
#337 = ORIENTED_EDGE('',*,*,#338,.F.);
#338 = EDGE_CURVE('',#339,#331,#341,.T.);
#339 = VERTEX_POINT('',#340);
#340 = CARTESIAN_POINT('',(-76.,-19.33192193816,39.225));
#341 = LINE('',#342,#343);
#342 = CARTESIAN_POINT('',(-76.,-19.33192193816,39.225));
#343 = VECTOR('',#344,1.);
#344 = DIRECTION('',(0.,0.5,-0.866025403784));
#345 = ORIENTED_EDGE('',*,*,#346,.F.);
#346 = EDGE_CURVE('',#347,#339,#349,.T.);
#347 = VERTEX_POINT('',#348);
#348 = CARTESIAN_POINT('',(-76.,-17.25346096908,42.825));
#349 = LINE('',#350,#351);
#350 = CARTESIAN_POINT('',(-76.,-17.25346096908,42.825));
#351 = VECTOR('',#352,1.);
#352 = DIRECTION('',(0.,-0.5,-0.866025403784));
#353 = ORIENTED_EDGE('',*,*,#354,.F.);
#354 = EDGE_CURVE('',#315,#347,#355,.T.);
#355 = LINE('',#356,#357);
#356 = CARTESIAN_POINT('',(-76.,-13.09653903091,42.825));
#357 = VECTOR('',#358,1.);
#358 = DIRECTION('',(0.,-1.,0.));
#359 = PLANE('',#360);
#360 = AXIS2_PLACEMENT_3D('',#361,#362,#363);
#361 = CARTESIAN_POINT('',(-76.,-22.255,10.125));
#362 = DIRECTION('',(1.,0.,-0.));
#363 = DIRECTION('',(0.,0.,1.));
#364 = ADVANCED_FACE('',(#365),#399,.F.);
#365 = FACE_BOUND('',#366,.F.);
#366 = EDGE_LOOP('',(#367,#377,#385,#393));
#367 = ORIENTED_EDGE('',*,*,#368,.F.);
#368 = EDGE_CURVE('',#369,#371,#373,.T.);
#369 = VERTEX_POINT('',#370);
#370 = CARTESIAN_POINT('',(76.,-22.255,10.125));
#371 = VERTEX_POINT('',#372);
#372 = CARTESIAN_POINT('',(79.,-22.255,10.125));
#373 = LINE('',#374,#375);
#374 = CARTESIAN_POINT('',(76.,-22.255,10.125));
#375 = VECTOR('',#376,1.);
#376 = DIRECTION('',(1.,0.,-0.));
#377 = ORIENTED_EDGE('',*,*,#378,.T.);
#378 = EDGE_CURVE('',#369,#379,#381,.T.);
#379 = VERTEX_POINT('',#380);
#380 = CARTESIAN_POINT('',(76.,-22.255,45.875));
#381 = LINE('',#382,#383);
#382 = CARTESIAN_POINT('',(76.,-22.255,10.125));
#383 = VECTOR('',#384,1.);
#384 = DIRECTION('',(0.,0.,1.));
#385 = ORIENTED_EDGE('',*,*,#386,.T.);
#386 = EDGE_CURVE('',#379,#387,#389,.T.);
#387 = VERTEX_POINT('',#388);
#388 = CARTESIAN_POINT('',(79.,-22.255,45.875));
#389 = LINE('',#390,#391);
#390 = CARTESIAN_POINT('',(76.,-22.255,45.875));
#391 = VECTOR('',#392,1.);
#392 = DIRECTION('',(1.,0.,-0.));
#393 = ORIENTED_EDGE('',*,*,#394,.F.);
#394 = EDGE_CURVE('',#371,#387,#395,.T.);
#395 = LINE('',#396,#397);
#396 = CARTESIAN_POINT('',(79.,-22.255,10.125));
#397 = VECTOR('',#398,1.);
#398 = DIRECTION('',(0.,0.,1.));
#399 = PLANE('',#400);
#400 = AXIS2_PLACEMENT_3D('',#401,#402,#403);
#401 = CARTESIAN_POINT('',(76.,-22.255,10.125));
#402 = DIRECTION('',(-0.,1.,0.));
#403 = DIRECTION('',(0.,0.,1.));
#404 = ADVANCED_FACE('',(#405),#430,.T.);
#405 = FACE_BOUND('',#406,.T.);
#406 = EDGE_LOOP('',(#407,#415,#416,#424));
#407 = ORIENTED_EDGE('',*,*,#408,.F.);
#408 = EDGE_CURVE('',#379,#409,#411,.T.);
#409 = VERTEX_POINT('',#410);
#410 = CARTESIAN_POINT('',(76.,22.255,45.875));
#411 = LINE('',#412,#413);
#412 = CARTESIAN_POINT('',(76.,-22.255,45.875));
#413 = VECTOR('',#414,1.);
#414 = DIRECTION('',(-0.,1.,0.));
#415 = ORIENTED_EDGE('',*,*,#386,.T.);
#416 = ORIENTED_EDGE('',*,*,#417,.T.);
#417 = EDGE_CURVE('',#387,#418,#420,.T.);
#418 = VERTEX_POINT('',#419);
#419 = CARTESIAN_POINT('',(79.,22.255,45.875));
#420 = LINE('',#421,#422);
#421 = CARTESIAN_POINT('',(79.,-22.255,45.875));
#422 = VECTOR('',#423,1.);
#423 = DIRECTION('',(-0.,1.,0.));
#424 = ORIENTED_EDGE('',*,*,#425,.F.);
#425 = EDGE_CURVE('',#409,#418,#426,.T.);
#426 = LINE('',#427,#428);
#427 = CARTESIAN_POINT('',(76.,22.255,45.875));
#428 = VECTOR('',#429,1.);
#429 = DIRECTION('',(1.,0.,-0.));
#430 = PLANE('',#431);
#431 = AXIS2_PLACEMENT_3D('',#432,#433,#434);
#432 = CARTESIAN_POINT('',(76.,-22.255,45.875));
#433 = DIRECTION('',(0.,0.,1.));
#434 = DIRECTION('',(1.,0.,-0.));
#435 = ADVANCED_FACE('',(#436),#461,.T.);
#436 = FACE_BOUND('',#437,.T.);
#437 = EDGE_LOOP('',(#438,#448,#454,#455));
#438 = ORIENTED_EDGE('',*,*,#439,.F.);
#439 = EDGE_CURVE('',#440,#442,#444,.T.);
#440 = VERTEX_POINT('',#441);
#441 = CARTESIAN_POINT('',(76.,22.255,10.125));
#442 = VERTEX_POINT('',#443);
#443 = CARTESIAN_POINT('',(79.,22.255,10.125));
#444 = LINE('',#445,#446);
#445 = CARTESIAN_POINT('',(76.,22.255,10.125));
#446 = VECTOR('',#447,1.);
#447 = DIRECTION('',(1.,0.,-0.));
#448 = ORIENTED_EDGE('',*,*,#449,.T.);
#449 = EDGE_CURVE('',#440,#409,#450,.T.);
#450 = LINE('',#451,#452);
#451 = CARTESIAN_POINT('',(76.,22.255,10.125));
#452 = VECTOR('',#453,1.);
#453 = DIRECTION('',(0.,0.,1.));
#454 = ORIENTED_EDGE('',*,*,#425,.T.);
#455 = ORIENTED_EDGE('',*,*,#456,.F.);
#456 = EDGE_CURVE('',#442,#418,#457,.T.);
#457 = LINE('',#458,#459);
#458 = CARTESIAN_POINT('',(79.,22.255,10.125));
#459 = VECTOR('',#460,1.);
#460 = DIRECTION('',(0.,0.,1.));
#461 = PLANE('',#462);
#462 = AXIS2_PLACEMENT_3D('',#463,#464,#465);
#463 = CARTESIAN_POINT('',(76.,22.255,10.125));
#464 = DIRECTION('',(-0.,1.,0.));
#465 = DIRECTION('',(0.,0.,1.));
#466 = ADVANCED_FACE('',(#467),#483,.F.);
#467 = FACE_BOUND('',#468,.F.);
#468 = EDGE_LOOP('',(#469,#475,#476,#482));
#469 = ORIENTED_EDGE('',*,*,#470,.F.);
#470 = EDGE_CURVE('',#369,#440,#471,.T.);
#471 = LINE('',#472,#473);
#472 = CARTESIAN_POINT('',(76.,-22.255,10.125));
#473 = VECTOR('',#474,1.);
#474 = DIRECTION('',(-0.,1.,0.));
#475 = ORIENTED_EDGE('',*,*,#368,.T.);
#476 = ORIENTED_EDGE('',*,*,#477,.T.);
#477 = EDGE_CURVE('',#371,#442,#478,.T.);
#478 = LINE('',#479,#480);
#479 = CARTESIAN_POINT('',(79.,-22.255,10.125));
#480 = VECTOR('',#481,1.);
#481 = DIRECTION('',(-0.,1.,0.));
#482 = ORIENTED_EDGE('',*,*,#439,.F.);
#483 = PLANE('',#484);
#484 = AXIS2_PLACEMENT_3D('',#485,#486,#487);
#485 = CARTESIAN_POINT('',(76.,-22.255,10.125));
#486 = DIRECTION('',(0.,0.,1.));
#487 = DIRECTION('',(1.,0.,-0.));
#488 = ADVANCED_FACE('',(#489,#495,#545,#556,#606,#656),#706,.F.);
#489 = FACE_BOUND('',#490,.F.);
#490 = EDGE_LOOP('',(#491,#492,#493,#494));
#491 = ORIENTED_EDGE('',*,*,#378,.F.);
#492 = ORIENTED_EDGE('',*,*,#470,.T.);
#493 = ORIENTED_EDGE('',*,*,#449,.T.);
#494 = ORIENTED_EDGE('',*,*,#408,.F.);
#495 = FACE_BOUND('',#496,.F.);
#496 = EDGE_LOOP('',(#497,#507,#515,#523,#531,#539));
#497 = ORIENTED_EDGE('',*,*,#498,.F.);
#498 = EDGE_CURVE('',#499,#501,#503,.T.);
#499 = VERTEX_POINT('',#500);
#500 = CARTESIAN_POINT('',(76.,19.331921938165,16.775));
#501 = VERTEX_POINT('',#502);
#502 = CARTESIAN_POINT('',(76.,17.253460969083,20.375));
#503 = LINE('',#504,#505);
#504 = CARTESIAN_POINT('',(76.,19.331921938165,16.775));
#505 = VECTOR('',#506,1.);
#506 = DIRECTION('',(0.,-0.5,0.866025403784));
#507 = ORIENTED_EDGE('',*,*,#508,.F.);
#508 = EDGE_CURVE('',#509,#499,#511,.T.);
#509 = VERTEX_POINT('',#510);
#510 = CARTESIAN_POINT('',(76.,17.253460969083,13.175));
#511 = LINE('',#512,#513);
#512 = CARTESIAN_POINT('',(76.,17.253460969083,13.175));
#513 = VECTOR('',#514,1.);
#514 = DIRECTION('',(0.,0.5,0.866025403784));
#515 = ORIENTED_EDGE('',*,*,#516,.F.);
#516 = EDGE_CURVE('',#517,#509,#519,.T.);
#517 = VERTEX_POINT('',#518);
#518 = CARTESIAN_POINT('',(76.,13.096539030917,13.175));
#519 = LINE('',#520,#521);
#520 = CARTESIAN_POINT('',(76.,13.096539030917,13.175));
#521 = VECTOR('',#522,1.);
#522 = DIRECTION('',(0.,1.,0.));
#523 = ORIENTED_EDGE('',*,*,#524,.F.);
#524 = EDGE_CURVE('',#525,#517,#527,.T.);
#525 = VERTEX_POINT('',#526);
#526 = CARTESIAN_POINT('',(76.,11.018078061835,16.775));
#527 = LINE('',#528,#529);
#528 = CARTESIAN_POINT('',(76.,11.018078061835,16.775));
#529 = VECTOR('',#530,1.);
#530 = DIRECTION('',(0.,0.5,-0.866025403784));
#531 = ORIENTED_EDGE('',*,*,#532,.F.);
#532 = EDGE_CURVE('',#533,#525,#535,.T.);
#533 = VERTEX_POINT('',#534);
#534 = CARTESIAN_POINT('',(76.,13.096539030917,20.375));
#535 = LINE('',#536,#537);
#536 = CARTESIAN_POINT('',(76.,13.096539030917,20.375));
#537 = VECTOR('',#538,1.);
#538 = DIRECTION('',(0.,-0.5,-0.866025403784));
#539 = ORIENTED_EDGE('',*,*,#540,.F.);
#540 = EDGE_CURVE('',#501,#533,#541,.T.);
#541 = LINE('',#542,#543);
#542 = CARTESIAN_POINT('',(76.,17.253460969083,20.375));
#543 = VECTOR('',#544,1.);
#544 = DIRECTION('',(0.,-1.,0.));
#545 = FACE_BOUND('',#546,.F.);
#546 = EDGE_LOOP('',(#547));
#547 = ORIENTED_EDGE('',*,*,#548,.F.);
#548 = EDGE_CURVE('',#549,#549,#551,.T.);
#549 = VERTEX_POINT('',#550);
#550 = CARTESIAN_POINT('',(76.,3.1595887418E-15,40.9));
#551 = CIRCLE('',#552,12.9);
#552 = AXIS2_PLACEMENT_3D('',#553,#554,#555);
#553 = CARTESIAN_POINT('',(76.,0.,28.));
#554 = DIRECTION('',(1.,0.,0.));
#555 = DIRECTION('',(-0.,0.,1.));
#556 = FACE_BOUND('',#557,.F.);
#557 = EDGE_LOOP('',(#558,#568,#576,#584,#592,#600));
#558 = ORIENTED_EDGE('',*,*,#559,.F.);
#559 = EDGE_CURVE('',#560,#562,#564,.T.);
#560 = VERTEX_POINT('',#561);
#561 = CARTESIAN_POINT('',(76.,19.331921938165,39.225));
#562 = VERTEX_POINT('',#563);
#563 = CARTESIAN_POINT('',(76.,17.253460969083,42.825));
#564 = LINE('',#565,#566);
#565 = CARTESIAN_POINT('',(76.,19.331921938165,39.225));
#566 = VECTOR('',#567,1.);
#567 = DIRECTION('',(0.,-0.5,0.866025403784));
#568 = ORIENTED_EDGE('',*,*,#569,.F.);
#569 = EDGE_CURVE('',#570,#560,#572,.T.);
#570 = VERTEX_POINT('',#571);
#571 = CARTESIAN_POINT('',(76.,17.253460969083,35.625));
#572 = LINE('',#573,#574);
#573 = CARTESIAN_POINT('',(76.,17.253460969083,35.625));
#574 = VECTOR('',#575,1.);
#575 = DIRECTION('',(0.,0.5,0.866025403784));
#576 = ORIENTED_EDGE('',*,*,#577,.F.);
#577 = EDGE_CURVE('',#578,#570,#580,.T.);
#578 = VERTEX_POINT('',#579);
#579 = CARTESIAN_POINT('',(76.,13.096539030917,35.625));
#580 = LINE('',#581,#582);
#581 = CARTESIAN_POINT('',(76.,13.096539030917,35.625));
#582 = VECTOR('',#583,1.);
#583 = DIRECTION('',(0.,1.,0.));
#584 = ORIENTED_EDGE('',*,*,#585,.F.);
#585 = EDGE_CURVE('',#586,#578,#588,.T.);
#586 = VERTEX_POINT('',#587);
#587 = CARTESIAN_POINT('',(76.,11.018078061835,39.225));
#588 = LINE('',#589,#590);
#589 = CARTESIAN_POINT('',(76.,11.018078061835,39.225));
#590 = VECTOR('',#591,1.);
#591 = DIRECTION('',(0.,0.5,-0.866025403784));
#592 = ORIENTED_EDGE('',*,*,#593,.F.);
#593 = EDGE_CURVE('',#594,#586,#596,.T.);
#594 = VERTEX_POINT('',#595);
#595 = CARTESIAN_POINT('',(76.,13.096539030917,42.825));
#596 = LINE('',#597,#598);
#597 = CARTESIAN_POINT('',(76.,13.096539030917,42.825));
#598 = VECTOR('',#599,1.);
#599 = DIRECTION('',(0.,-0.5,-0.866025403784));
#600 = ORIENTED_EDGE('',*,*,#601,.F.);
#601 = EDGE_CURVE('',#562,#594,#602,.T.);
#602 = LINE('',#603,#604);
#603 = CARTESIAN_POINT('',(76.,17.253460969083,42.825));
#604 = VECTOR('',#605,1.);
#605 = DIRECTION('',(0.,-1.,0.));
#606 = FACE_BOUND('',#607,.F.);
#607 = EDGE_LOOP('',(#608,#618,#626,#634,#642,#650));
#608 = ORIENTED_EDGE('',*,*,#609,.F.);
#609 = EDGE_CURVE('',#610,#612,#614,.T.);
#610 = VERTEX_POINT('',#611);
#611 = CARTESIAN_POINT('',(76.,-11.01807806183,16.775));
#612 = VERTEX_POINT('',#613);
#613 = CARTESIAN_POINT('',(76.,-13.09653903091,20.375));
#614 = LINE('',#615,#616);
#615 = CARTESIAN_POINT('',(76.,-11.01807806183,16.775));
#616 = VECTOR('',#617,1.);
#617 = DIRECTION('',(0.,-0.5,0.866025403784));
#618 = ORIENTED_EDGE('',*,*,#619,.F.);
#619 = EDGE_CURVE('',#620,#610,#622,.T.);
#620 = VERTEX_POINT('',#621);
#621 = CARTESIAN_POINT('',(76.,-13.09653903091,13.175));
#622 = LINE('',#623,#624);
#623 = CARTESIAN_POINT('',(76.,-13.09653903091,13.175));
#624 = VECTOR('',#625,1.);
#625 = DIRECTION('',(0.,0.5,0.866025403784));
#626 = ORIENTED_EDGE('',*,*,#627,.F.);
#627 = EDGE_CURVE('',#628,#620,#630,.T.);
#628 = VERTEX_POINT('',#629);
#629 = CARTESIAN_POINT('',(76.,-17.25346096908,13.175));
#630 = LINE('',#631,#632);
#631 = CARTESIAN_POINT('',(76.,-17.25346096908,13.175));
#632 = VECTOR('',#633,1.);
#633 = DIRECTION('',(0.,1.,0.));
#634 = ORIENTED_EDGE('',*,*,#635,.F.);
#635 = EDGE_CURVE('',#636,#628,#638,.T.);
#636 = VERTEX_POINT('',#637);
#637 = CARTESIAN_POINT('',(76.,-19.33192193816,16.775));
#638 = LINE('',#639,#640);
#639 = CARTESIAN_POINT('',(76.,-19.33192193816,16.775));
#640 = VECTOR('',#641,1.);
#641 = DIRECTION('',(0.,0.5,-0.866025403784));
#642 = ORIENTED_EDGE('',*,*,#643,.F.);
#643 = EDGE_CURVE('',#644,#636,#646,.T.);
#644 = VERTEX_POINT('',#645);
#645 = CARTESIAN_POINT('',(76.,-17.25346096908,20.375));
#646 = LINE('',#647,#648);
#647 = CARTESIAN_POINT('',(76.,-17.25346096908,20.375));
#648 = VECTOR('',#649,1.);
#649 = DIRECTION('',(0.,-0.5,-0.866025403784));
#650 = ORIENTED_EDGE('',*,*,#651,.F.);
#651 = EDGE_CURVE('',#612,#644,#652,.T.);
#652 = LINE('',#653,#654);
#653 = CARTESIAN_POINT('',(76.,-13.09653903091,20.375));
#654 = VECTOR('',#655,1.);
#655 = DIRECTION('',(0.,-1.,0.));
#656 = FACE_BOUND('',#657,.F.);
#657 = EDGE_LOOP('',(#658,#668,#676,#684,#692,#700));
#658 = ORIENTED_EDGE('',*,*,#659,.F.);
#659 = EDGE_CURVE('',#660,#662,#664,.T.);
#660 = VERTEX_POINT('',#661);
#661 = CARTESIAN_POINT('',(76.,-11.01807806183,39.225));
#662 = VERTEX_POINT('',#663);
#663 = CARTESIAN_POINT('',(76.,-13.09653903091,42.825));
#664 = LINE('',#665,#666);
#665 = CARTESIAN_POINT('',(76.,-11.01807806183,39.225));
#666 = VECTOR('',#667,1.);
#667 = DIRECTION('',(0.,-0.5,0.866025403784));
#668 = ORIENTED_EDGE('',*,*,#669,.F.);
#669 = EDGE_CURVE('',#670,#660,#672,.T.);
#670 = VERTEX_POINT('',#671);
#671 = CARTESIAN_POINT('',(76.,-13.09653903091,35.625));
#672 = LINE('',#673,#674);
#673 = CARTESIAN_POINT('',(76.,-13.09653903091,35.625));
#674 = VECTOR('',#675,1.);
#675 = DIRECTION('',(0.,0.5,0.866025403784));
#676 = ORIENTED_EDGE('',*,*,#677,.F.);
#677 = EDGE_CURVE('',#678,#670,#680,.T.);
#678 = VERTEX_POINT('',#679);
#679 = CARTESIAN_POINT('',(76.,-17.25346096908,35.625));
#680 = LINE('',#681,#682);
#681 = CARTESIAN_POINT('',(76.,-17.25346096908,35.625));
#682 = VECTOR('',#683,1.);
#683 = DIRECTION('',(0.,1.,0.));
#684 = ORIENTED_EDGE('',*,*,#685,.F.);
#685 = EDGE_CURVE('',#686,#678,#688,.T.);
#686 = VERTEX_POINT('',#687);
#687 = CARTESIAN_POINT('',(76.,-19.33192193816,39.225));
#688 = LINE('',#689,#690);
#689 = CARTESIAN_POINT('',(76.,-19.33192193816,39.225));
#690 = VECTOR('',#691,1.);
#691 = DIRECTION('',(0.,0.5,-0.866025403784));
#692 = ORIENTED_EDGE('',*,*,#693,.F.);
#693 = EDGE_CURVE('',#694,#686,#696,.T.);
#694 = VERTEX_POINT('',#695);
#695 = CARTESIAN_POINT('',(76.,-17.25346096908,42.825));
#696 = LINE('',#697,#698);
#697 = CARTESIAN_POINT('',(76.,-17.25346096908,42.825));
#698 = VECTOR('',#699,1.);
#699 = DIRECTION('',(0.,-0.5,-0.866025403784));
#700 = ORIENTED_EDGE('',*,*,#701,.F.);
#701 = EDGE_CURVE('',#662,#694,#702,.T.);
#702 = LINE('',#703,#704);
#703 = CARTESIAN_POINT('',(76.,-13.09653903091,42.825));
#704 = VECTOR('',#705,1.);
#705 = DIRECTION('',(0.,-1.,0.));
#706 = PLANE('',#707);
#707 = AXIS2_PLACEMENT_3D('',#708,#709,#710);
#708 = CARTESIAN_POINT('',(76.,-22.255,10.125));
#709 = DIRECTION('',(1.,0.,-0.));
#710 = DIRECTION('',(0.,0.,1.));
#711 = ADVANCED_FACE('',(#712),#748,.T.);
#712 = FACE_BOUND('',#713,.F.);
#713 = EDGE_LOOP('',(#714,#724,#733,#741));
#714 = ORIENTED_EDGE('',*,*,#715,.T.);
#715 = EDGE_CURVE('',#716,#718,#720,.T.);
#716 = VERTEX_POINT('',#717);
#717 = CARTESIAN_POINT('',(76.,-49.,1.));
#718 = VERTEX_POINT('',#719);
#719 = CARTESIAN_POINT('',(76.,-49.,46.));
#720 = LINE('',#721,#722);
#721 = CARTESIAN_POINT('',(76.,-49.,0.));
#722 = VECTOR('',#723,1.);
#723 = DIRECTION('',(0.,0.,1.));
#724 = ORIENTED_EDGE('',*,*,#725,.T.);
#725 = EDGE_CURVE('',#718,#726,#728,.T.);
#726 = VERTEX_POINT('',#727);
#727 = CARTESIAN_POINT('',(84.,-41.,46.));
#728 = CIRCLE('',#729,8.);
#729 = AXIS2_PLACEMENT_3D('',#730,#731,#732);
#730 = CARTESIAN_POINT('',(76.,-41.,46.));
#731 = DIRECTION('',(0.,0.,1.));
#732 = DIRECTION('',(0.,-1.,0.));
#733 = ORIENTED_EDGE('',*,*,#734,.F.);
#734 = EDGE_CURVE('',#735,#726,#737,.T.);
#735 = VERTEX_POINT('',#736);
#736 = CARTESIAN_POINT('',(84.,-41.,1.));
#737 = LINE('',#738,#739);
#738 = CARTESIAN_POINT('',(84.,-41.,0.));
#739 = VECTOR('',#740,1.);
#740 = DIRECTION('',(0.,0.,1.));
#741 = ORIENTED_EDGE('',*,*,#742,.F.);
#742 = EDGE_CURVE('',#716,#735,#743,.T.);
#743 = CIRCLE('',#744,8.);
#744 = AXIS2_PLACEMENT_3D('',#745,#746,#747);
#745 = CARTESIAN_POINT('',(76.,-41.,1.));
#746 = DIRECTION('',(0.,0.,1.));
#747 = DIRECTION('',(0.,-1.,0.));
#748 = CYLINDRICAL_SURFACE('',#749,8.);
#749 = AXIS2_PLACEMENT_3D('',#750,#751,#752);
#750 = CARTESIAN_POINT('',(76.,-41.,0.));
#751 = DIRECTION('',(-0.,-0.,-1.));
#752 = DIRECTION('',(0.,-1.,0.));
#753 = ADVANCED_FACE('',(#754),#779,.F.);
#754 = FACE_BOUND('',#755,.F.);
#755 = EDGE_LOOP('',(#756,#766,#772,#773));
#756 = ORIENTED_EDGE('',*,*,#757,.T.);
#757 = EDGE_CURVE('',#758,#760,#762,.T.);
#758 = VERTEX_POINT('',#759);
#759 = CARTESIAN_POINT('',(-76.,-49.,1.));
#760 = VERTEX_POINT('',#761);
#761 = CARTESIAN_POINT('',(-76.,-49.,46.));
#762 = LINE('',#763,#764);
#763 = CARTESIAN_POINT('',(-76.,-49.,0.));
#764 = VECTOR('',#765,1.);
#765 = DIRECTION('',(0.,0.,1.));
#766 = ORIENTED_EDGE('',*,*,#767,.T.);
#767 = EDGE_CURVE('',#760,#718,#768,.T.);
#768 = LINE('',#769,#770);
#769 = CARTESIAN_POINT('',(-76.,-49.,46.));
#770 = VECTOR('',#771,1.);
#771 = DIRECTION('',(1.,0.,0.));
#772 = ORIENTED_EDGE('',*,*,#715,.F.);
#773 = ORIENTED_EDGE('',*,*,#774,.F.);
#774 = EDGE_CURVE('',#758,#716,#775,.T.);
#775 = LINE('',#776,#777);
#776 = CARTESIAN_POINT('',(-76.,-49.,1.));
#777 = VECTOR('',#778,1.);
#778 = DIRECTION('',(1.,0.,0.));
#779 = PLANE('',#780);
#780 = AXIS2_PLACEMENT_3D('',#781,#782,#783);
#781 = CARTESIAN_POINT('',(-76.,-49.,0.));
#782 = DIRECTION('',(0.,1.,0.));
#783 = DIRECTION('',(1.,0.,0.));
#784 = ADVANCED_FACE('',(#785),#811,.T.);
#785 = FACE_BOUND('',#786,.F.);
#786 = EDGE_LOOP('',(#787,#795,#796,#804));
#787 = ORIENTED_EDGE('',*,*,#788,.F.);
#788 = EDGE_CURVE('',#716,#789,#791,.T.);
#789 = VERTEX_POINT('',#790);
#790 = CARTESIAN_POINT('',(76.,-48.,0.));
#791 = LINE('',#792,#793);
#792 = CARTESIAN_POINT('',(76.,-49.,1.));
#793 = VECTOR('',#794,1.);
#794 = DIRECTION('',(-0.,0.707106781187,-0.707106781187));
#795 = ORIENTED_EDGE('',*,*,#742,.T.);
#796 = ORIENTED_EDGE('',*,*,#797,.T.);
#797 = EDGE_CURVE('',#735,#798,#800,.T.);
#798 = VERTEX_POINT('',#799);
#799 = CARTESIAN_POINT('',(83.,-41.,0.));
#800 = LINE('',#801,#802);
#801 = CARTESIAN_POINT('',(84.,-41.,1.));
#802 = VECTOR('',#803,1.);
#803 = DIRECTION('',(-0.707106781187,-1.212776164135E-15,-0.707106781187
    ));
#804 = ORIENTED_EDGE('',*,*,#805,.F.);
#805 = EDGE_CURVE('',#789,#798,#806,.T.);
#806 = CIRCLE('',#807,7.);
#807 = AXIS2_PLACEMENT_3D('',#808,#809,#810);
#808 = CARTESIAN_POINT('',(76.,-41.,0.));
#809 = DIRECTION('',(0.,0.,1.));
#810 = DIRECTION('',(0.,-1.,0.));
#811 = CONICAL_SURFACE('',#812,8.,0.785398163397);
#812 = AXIS2_PLACEMENT_3D('',#813,#814,#815);
#813 = CARTESIAN_POINT('',(76.,-41.,1.));
#814 = DIRECTION('',(0.,0.,1.));
#815 = DIRECTION('',(0.,-1.,0.));
#816 = ADVANCED_FACE('',(#817,#870),#1020,.T.);
#817 = FACE_BOUND('',#818,.T.);
#818 = EDGE_LOOP('',(#819,#820,#828,#837,#845,#854,#862,#869));
#819 = ORIENTED_EDGE('',*,*,#725,.T.);
#820 = ORIENTED_EDGE('',*,*,#821,.T.);
#821 = EDGE_CURVE('',#726,#822,#824,.T.);
#822 = VERTEX_POINT('',#823);
#823 = CARTESIAN_POINT('',(84.,41.,46.));
#824 = LINE('',#825,#826);
#825 = CARTESIAN_POINT('',(84.,-41.,46.));
#826 = VECTOR('',#827,1.);
#827 = DIRECTION('',(0.,1.,0.));
#828 = ORIENTED_EDGE('',*,*,#829,.T.);
#829 = EDGE_CURVE('',#822,#830,#832,.T.);
#830 = VERTEX_POINT('',#831);
#831 = CARTESIAN_POINT('',(76.,49.,46.));
#832 = CIRCLE('',#833,8.);
#833 = AXIS2_PLACEMENT_3D('',#834,#835,#836);
#834 = CARTESIAN_POINT('',(76.,41.,46.));
#835 = DIRECTION('',(0.,0.,1.));
#836 = DIRECTION('',(1.,-1.7763568394E-15,0.));
#837 = ORIENTED_EDGE('',*,*,#838,.T.);
#838 = EDGE_CURVE('',#830,#839,#841,.T.);
#839 = VERTEX_POINT('',#840);
#840 = CARTESIAN_POINT('',(-76.,49.,46.));
#841 = LINE('',#842,#843);
#842 = CARTESIAN_POINT('',(76.,49.,46.));
#843 = VECTOR('',#844,1.);
#844 = DIRECTION('',(-1.,0.,0.));
#845 = ORIENTED_EDGE('',*,*,#846,.T.);
#846 = EDGE_CURVE('',#839,#847,#849,.T.);
#847 = VERTEX_POINT('',#848);
#848 = CARTESIAN_POINT('',(-84.,41.,46.));
#849 = CIRCLE('',#850,8.);
#850 = AXIS2_PLACEMENT_3D('',#851,#852,#853);
#851 = CARTESIAN_POINT('',(-76.,41.,46.));
#852 = DIRECTION('',(0.,-0.,1.));
#853 = DIRECTION('',(0.,1.,0.));
#854 = ORIENTED_EDGE('',*,*,#855,.T.);
#855 = EDGE_CURVE('',#847,#856,#858,.T.);
#856 = VERTEX_POINT('',#857);
#857 = CARTESIAN_POINT('',(-84.,-41.,46.));
#858 = LINE('',#859,#860);
#859 = CARTESIAN_POINT('',(-84.,41.,46.));
#860 = VECTOR('',#861,1.);
#861 = DIRECTION('',(0.,-1.,0.));
#862 = ORIENTED_EDGE('',*,*,#863,.T.);
#863 = EDGE_CURVE('',#856,#760,#864,.T.);
#864 = CIRCLE('',#865,8.);
#865 = AXIS2_PLACEMENT_3D('',#866,#867,#868);
#866 = CARTESIAN_POINT('',(-76.,-41.,46.));
#867 = DIRECTION('',(0.,0.,1.));
#868 = DIRECTION('',(-1.,1.7763568394E-15,0.));
#869 = ORIENTED_EDGE('',*,*,#767,.T.);
#870 = FACE_BOUND('',#871,.T.);
#871 = EDGE_LOOP('',(#872,#882,#890,#898,#907,#915,#923,#931,#939,#948,
    #956,#964,#972,#981,#989,#997,#1005,#1013));
#872 = ORIENTED_EDGE('',*,*,#873,.T.);
#873 = EDGE_CURVE('',#874,#876,#878,.T.);
#874 = VERTEX_POINT('',#875);
#875 = CARTESIAN_POINT('',(79.,41.,46.));
#876 = VERTEX_POINT('',#877);
#877 = CARTESIAN_POINT('',(79.,40.,46.));
#878 = LINE('',#879,#880);
#879 = CARTESIAN_POINT('',(79.,-20.5,46.));
#880 = VECTOR('',#881,1.);
#881 = DIRECTION('',(0.,-1.,0.));
#882 = ORIENTED_EDGE('',*,*,#883,.T.);
#883 = EDGE_CURVE('',#876,#884,#886,.T.);
#884 = VERTEX_POINT('',#885);
#885 = CARTESIAN_POINT('',(79.,-40.,46.));
#886 = LINE('',#887,#888);
#887 = CARTESIAN_POINT('',(79.,-20.5,46.));
#888 = VECTOR('',#889,1.);
#889 = DIRECTION('',(0.,-1.,0.));
#890 = ORIENTED_EDGE('',*,*,#891,.T.);
#891 = EDGE_CURVE('',#884,#892,#894,.T.);
#892 = VERTEX_POINT('',#893);
#893 = CARTESIAN_POINT('',(79.,-41.,46.));
#894 = LINE('',#895,#896);
#895 = CARTESIAN_POINT('',(79.,-20.5,46.));
#896 = VECTOR('',#897,1.);
#897 = DIRECTION('',(0.,-1.,0.));
#898 = ORIENTED_EDGE('',*,*,#899,.T.);
#899 = EDGE_CURVE('',#892,#900,#902,.T.);
#900 = VERTEX_POINT('',#901);
#901 = CARTESIAN_POINT('',(76.,-44.,46.));
#902 = CIRCLE('',#903,3.);
#903 = AXIS2_PLACEMENT_3D('',#904,#905,#906);
#904 = CARTESIAN_POINT('',(76.,-41.,46.));
#905 = DIRECTION('',(-0.,0.,-1.));
#906 = DIRECTION('',(-4.736951571734E-15,-1.,0.));
#907 = ORIENTED_EDGE('',*,*,#908,.T.);
#908 = EDGE_CURVE('',#900,#909,#911,.T.);
#909 = VERTEX_POINT('',#910);
#910 = CARTESIAN_POINT('',(75.,-44.,46.));
#911 = LINE('',#912,#913);
#912 = CARTESIAN_POINT('',(-38.,-44.,46.));
#913 = VECTOR('',#914,1.);
#914 = DIRECTION('',(-1.,0.,0.));
#915 = ORIENTED_EDGE('',*,*,#916,.T.);
#916 = EDGE_CURVE('',#909,#917,#919,.T.);
#917 = VERTEX_POINT('',#918);
#918 = CARTESIAN_POINT('',(-5.792018101904E-08,-44.,46.));
#919 = LINE('',#920,#921);
#920 = CARTESIAN_POINT('',(-38.,-44.,46.));
#921 = VECTOR('',#922,1.);
#922 = DIRECTION('',(-1.,0.,0.));
#923 = ORIENTED_EDGE('',*,*,#924,.T.);
#924 = EDGE_CURVE('',#917,#925,#927,.T.);
#925 = VERTEX_POINT('',#926);
#926 = CARTESIAN_POINT('',(-75.,-44.,46.));
#927 = LINE('',#928,#929);
#928 = CARTESIAN_POINT('',(-38.,-44.,46.));
#929 = VECTOR('',#930,1.);
#930 = DIRECTION('',(-1.,0.,0.));
#931 = ORIENTED_EDGE('',*,*,#932,.T.);
#932 = EDGE_CURVE('',#925,#933,#935,.T.);
#933 = VERTEX_POINT('',#934);
#934 = CARTESIAN_POINT('',(-76.,-44.,46.));
#935 = LINE('',#936,#937);
#936 = CARTESIAN_POINT('',(-38.,-44.,46.));
#937 = VECTOR('',#938,1.);
#938 = DIRECTION('',(-1.,0.,0.));
#939 = ORIENTED_EDGE('',*,*,#940,.T.);
#940 = EDGE_CURVE('',#933,#941,#943,.T.);
#941 = VERTEX_POINT('',#942);
#942 = CARTESIAN_POINT('',(-79.,-41.,46.));
#943 = CIRCLE('',#944,3.);
#944 = AXIS2_PLACEMENT_3D('',#945,#946,#947);
#945 = CARTESIAN_POINT('',(-76.,-41.,46.));
#946 = DIRECTION('',(-0.,0.,-1.));
#947 = DIRECTION('',(-1.,4.736951571734E-15,0.));
#948 = ORIENTED_EDGE('',*,*,#949,.T.);
#949 = EDGE_CURVE('',#941,#950,#952,.T.);
#950 = VERTEX_POINT('',#951);
#951 = CARTESIAN_POINT('',(-79.,-40.,46.));
#952 = LINE('',#953,#954);
#953 = CARTESIAN_POINT('',(-79.,20.5,46.));
#954 = VECTOR('',#955,1.);
#955 = DIRECTION('',(-0.,1.,0.));
#956 = ORIENTED_EDGE('',*,*,#957,.T.);
#957 = EDGE_CURVE('',#950,#958,#960,.T.);
#958 = VERTEX_POINT('',#959);
#959 = CARTESIAN_POINT('',(-79.,40.,46.));
#960 = LINE('',#961,#962);
#961 = CARTESIAN_POINT('',(-79.,20.5,46.));
#962 = VECTOR('',#963,1.);
#963 = DIRECTION('',(-0.,1.,0.));
#964 = ORIENTED_EDGE('',*,*,#965,.T.);
#965 = EDGE_CURVE('',#958,#966,#968,.T.);
#966 = VERTEX_POINT('',#967);
#967 = CARTESIAN_POINT('',(-79.,41.,46.));
#968 = LINE('',#969,#970);
#969 = CARTESIAN_POINT('',(-79.,20.5,46.));
#970 = VECTOR('',#971,1.);
#971 = DIRECTION('',(-0.,1.,0.));
#972 = ORIENTED_EDGE('',*,*,#973,.T.);
#973 = EDGE_CURVE('',#966,#974,#976,.T.);
#974 = VERTEX_POINT('',#975);
#975 = CARTESIAN_POINT('',(-76.,44.,46.));
#976 = CIRCLE('',#977,3.);
#977 = AXIS2_PLACEMENT_3D('',#978,#979,#980);
#978 = CARTESIAN_POINT('',(-76.,41.,46.));
#979 = DIRECTION('',(0.,-0.,-1.));
#980 = DIRECTION('',(4.736951571734E-15,1.,-0.));
#981 = ORIENTED_EDGE('',*,*,#982,.T.);
#982 = EDGE_CURVE('',#974,#983,#985,.T.);
#983 = VERTEX_POINT('',#984);
#984 = CARTESIAN_POINT('',(-75.,44.,46.));
#985 = LINE('',#986,#987);
#986 = CARTESIAN_POINT('',(38.,44.,46.));
#987 = VECTOR('',#988,1.);
#988 = DIRECTION('',(1.,0.,-0.));
#989 = ORIENTED_EDGE('',*,*,#990,.T.);
#990 = EDGE_CURVE('',#983,#991,#993,.T.);
#991 = VERTEX_POINT('',#992);
#992 = CARTESIAN_POINT('',(1.528724892264E-08,44.,46.));
#993 = LINE('',#994,#995);
#994 = CARTESIAN_POINT('',(38.,44.,46.));
#995 = VECTOR('',#996,1.);
#996 = DIRECTION('',(1.,0.,-0.));
#997 = ORIENTED_EDGE('',*,*,#998,.T.);
#998 = EDGE_CURVE('',#991,#999,#1001,.T.);
#999 = VERTEX_POINT('',#1000);
#1000 = CARTESIAN_POINT('',(75.,44.,46.));
#1001 = LINE('',#1002,#1003);
#1002 = CARTESIAN_POINT('',(38.,44.,46.));
#1003 = VECTOR('',#1004,1.);
#1004 = DIRECTION('',(1.,0.,-0.));
#1005 = ORIENTED_EDGE('',*,*,#1006,.T.);
#1006 = EDGE_CURVE('',#999,#1007,#1009,.T.);
#1007 = VERTEX_POINT('',#1008);
#1008 = CARTESIAN_POINT('',(76.,44.,46.));
#1009 = LINE('',#1010,#1011);
#1010 = CARTESIAN_POINT('',(38.,44.,46.));
#1011 = VECTOR('',#1012,1.);
#1012 = DIRECTION('',(1.,0.,-0.));
#1013 = ORIENTED_EDGE('',*,*,#1014,.T.);
#1014 = EDGE_CURVE('',#1007,#874,#1015,.T.);
#1015 = CIRCLE('',#1016,3.);
#1016 = AXIS2_PLACEMENT_3D('',#1017,#1018,#1019);
#1017 = CARTESIAN_POINT('',(76.,41.,46.));
#1018 = DIRECTION('',(0.,-0.,-1.));
#1019 = DIRECTION('',(1.,-4.736951571734E-15,0.));
#1020 = PLANE('',#1021);
#1021 = AXIS2_PLACEMENT_3D('',#1022,#1023,#1024);
#1022 = CARTESIAN_POINT('',(0.,0.,46.));
#1023 = DIRECTION('',(0.,0.,1.));
#1024 = DIRECTION('',(1.,0.,-0.));
#1025 = ADVANCED_FACE('',(#1026,#1044,#1055,#1066,#1077,#1088),#1099,.F.
  );
#1026 = FACE_BOUND('',#1027,.F.);
#1027 = EDGE_LOOP('',(#1028,#1029,#1030,#1038));
#1028 = ORIENTED_EDGE('',*,*,#734,.T.);
#1029 = ORIENTED_EDGE('',*,*,#821,.T.);
#1030 = ORIENTED_EDGE('',*,*,#1031,.F.);
#1031 = EDGE_CURVE('',#1032,#822,#1034,.T.);
#1032 = VERTEX_POINT('',#1033);
#1033 = CARTESIAN_POINT('',(84.,41.,1.));
#1034 = LINE('',#1035,#1036);
#1035 = CARTESIAN_POINT('',(84.,41.,0.));
#1036 = VECTOR('',#1037,1.);
#1037 = DIRECTION('',(0.,0.,1.));
#1038 = ORIENTED_EDGE('',*,*,#1039,.F.);
#1039 = EDGE_CURVE('',#735,#1032,#1040,.T.);
#1040 = LINE('',#1041,#1042);
#1041 = CARTESIAN_POINT('',(84.,-41.,1.));
#1042 = VECTOR('',#1043,1.);
#1043 = DIRECTION('',(0.,1.,0.));
#1044 = FACE_BOUND('',#1045,.F.);
#1045 = EDGE_LOOP('',(#1046));
#1046 = ORIENTED_EDGE('',*,*,#1047,.T.);
#1047 = EDGE_CURVE('',#1048,#1048,#1050,.T.);
#1048 = VERTEX_POINT('',#1049);
#1049 = CARTESIAN_POINT('',(84.,-15.175,41.425));
#1050 = CIRCLE('',#1051,2.2);
#1051 = AXIS2_PLACEMENT_3D('',#1052,#1053,#1054);
#1052 = CARTESIAN_POINT('',(84.,-15.175,39.225));
#1053 = DIRECTION('',(1.,0.,0.));
#1054 = DIRECTION('',(-0.,0.,1.));
#1055 = FACE_BOUND('',#1056,.F.);
#1056 = EDGE_LOOP('',(#1057));
#1057 = ORIENTED_EDGE('',*,*,#1058,.T.);
#1058 = EDGE_CURVE('',#1059,#1059,#1061,.T.);
#1059 = VERTEX_POINT('',#1060);
#1060 = CARTESIAN_POINT('',(84.,15.175,41.425));
#1061 = CIRCLE('',#1062,2.2);
#1062 = AXIS2_PLACEMENT_3D('',#1063,#1064,#1065);
#1063 = CARTESIAN_POINT('',(84.,15.175,39.225));
#1064 = DIRECTION('',(1.,0.,0.));
#1065 = DIRECTION('',(-0.,0.,1.));
#1066 = FACE_BOUND('',#1067,.F.);
#1067 = EDGE_LOOP('',(#1068));
#1068 = ORIENTED_EDGE('',*,*,#1069,.T.);
#1069 = EDGE_CURVE('',#1070,#1070,#1072,.T.);
#1070 = VERTEX_POINT('',#1071);
#1071 = CARTESIAN_POINT('',(84.,-15.175,18.975));
#1072 = CIRCLE('',#1073,2.2);
#1073 = AXIS2_PLACEMENT_3D('',#1074,#1075,#1076);
#1074 = CARTESIAN_POINT('',(84.,-15.175,16.775));
#1075 = DIRECTION('',(1.,0.,0.));
#1076 = DIRECTION('',(-0.,0.,1.));
#1077 = FACE_BOUND('',#1078,.F.);
#1078 = EDGE_LOOP('',(#1079));
#1079 = ORIENTED_EDGE('',*,*,#1080,.T.);
#1080 = EDGE_CURVE('',#1081,#1081,#1083,.T.);
#1081 = VERTEX_POINT('',#1082);
#1082 = CARTESIAN_POINT('',(84.,3.1595887418E-15,40.9));
#1083 = CIRCLE('',#1084,12.9);
#1084 = AXIS2_PLACEMENT_3D('',#1085,#1086,#1087);
#1085 = CARTESIAN_POINT('',(84.,0.,28.));
#1086 = DIRECTION('',(1.,0.,0.));
#1087 = DIRECTION('',(-0.,0.,1.));
#1088 = FACE_BOUND('',#1089,.F.);
#1089 = EDGE_LOOP('',(#1090));
#1090 = ORIENTED_EDGE('',*,*,#1091,.T.);
#1091 = EDGE_CURVE('',#1092,#1092,#1094,.T.);
#1092 = VERTEX_POINT('',#1093);
#1093 = CARTESIAN_POINT('',(84.,15.175,18.975));
#1094 = CIRCLE('',#1095,2.2);
#1095 = AXIS2_PLACEMENT_3D('',#1096,#1097,#1098);
#1096 = CARTESIAN_POINT('',(84.,15.175,16.775));
#1097 = DIRECTION('',(1.,0.,0.));
#1098 = DIRECTION('',(-0.,0.,1.));
#1099 = PLANE('',#1100);
#1100 = AXIS2_PLACEMENT_3D('',#1101,#1102,#1103);
#1101 = CARTESIAN_POINT('',(84.,-41.,0.));
#1102 = DIRECTION('',(-1.,0.,0.));
#1103 = DIRECTION('',(0.,1.,0.));
#1104 = ADVANCED_FACE('',(#1105),#1124,.T.);
#1105 = FACE_BOUND('',#1106,.F.);
#1106 = EDGE_LOOP('',(#1107,#1115,#1116,#1117));
#1107 = ORIENTED_EDGE('',*,*,#1108,.T.);
#1108 = EDGE_CURVE('',#1109,#856,#1111,.T.);
#1109 = VERTEX_POINT('',#1110);
#1110 = CARTESIAN_POINT('',(-84.,-41.,1.));
#1111 = LINE('',#1112,#1113);
#1112 = CARTESIAN_POINT('',(-84.,-41.,0.));
#1113 = VECTOR('',#1114,1.);
#1114 = DIRECTION('',(0.,0.,1.));
#1115 = ORIENTED_EDGE('',*,*,#863,.T.);
#1116 = ORIENTED_EDGE('',*,*,#757,.F.);
#1117 = ORIENTED_EDGE('',*,*,#1118,.F.);
#1118 = EDGE_CURVE('',#1109,#758,#1119,.T.);
#1119 = CIRCLE('',#1120,8.);
#1120 = AXIS2_PLACEMENT_3D('',#1121,#1122,#1123);
#1121 = CARTESIAN_POINT('',(-76.,-41.,1.));
#1122 = DIRECTION('',(0.,0.,1.));
#1123 = DIRECTION('',(-1.,1.7763568394E-15,0.));
#1124 = CYLINDRICAL_SURFACE('',#1125,8.);
#1125 = AXIS2_PLACEMENT_3D('',#1126,#1127,#1128);
#1126 = CARTESIAN_POINT('',(-76.,-41.,0.));
#1127 = DIRECTION('',(-0.,-0.,-1.));
#1128 = DIRECTION('',(-1.,1.7763568394E-15,0.));
#1129 = ADVANCED_FACE('',(#1130),#1148,.T.);
#1130 = FACE_BOUND('',#1131,.F.);
#1131 = EDGE_LOOP('',(#1132,#1140,#1141,#1142));
#1132 = ORIENTED_EDGE('',*,*,#1133,.F.);
#1133 = EDGE_CURVE('',#758,#1134,#1136,.T.);
#1134 = VERTEX_POINT('',#1135);
#1135 = CARTESIAN_POINT('',(-76.,-48.,0.));
#1136 = LINE('',#1137,#1138);
#1137 = CARTESIAN_POINT('',(-76.,-49.,1.));
#1138 = VECTOR('',#1139,1.);
#1139 = DIRECTION('',(4.329780281177E-17,0.707106781187,-0.707106781187)
  );
#1140 = ORIENTED_EDGE('',*,*,#774,.T.);
#1141 = ORIENTED_EDGE('',*,*,#788,.T.);
#1142 = ORIENTED_EDGE('',*,*,#1143,.F.);
#1143 = EDGE_CURVE('',#1134,#789,#1144,.T.);
#1144 = LINE('',#1145,#1146);
#1145 = CARTESIAN_POINT('',(-76.,-48.,0.));
#1146 = VECTOR('',#1147,1.);
#1147 = DIRECTION('',(1.,0.,0.));
#1148 = PLANE('',#1149);
#1149 = AXIS2_PLACEMENT_3D('',#1150,#1151,#1152);
#1150 = CARTESIAN_POINT('',(-76.,-48.5,0.5));
#1151 = DIRECTION('',(0.,-0.707106781187,-0.707106781187));
#1152 = DIRECTION('',(-1.,-0.,-0.));
#1153 = ADVANCED_FACE('',(#1154,#1207,#1218,#1229,#1240),#1251,.F.);
#1154 = FACE_BOUND('',#1155,.F.);
#1155 = EDGE_LOOP('',(#1156,#1157,#1165,#1174,#1182,#1191,#1199,#1206));
#1156 = ORIENTED_EDGE('',*,*,#805,.T.);
#1157 = ORIENTED_EDGE('',*,*,#1158,.T.);
#1158 = EDGE_CURVE('',#798,#1159,#1161,.T.);
#1159 = VERTEX_POINT('',#1160);
#1160 = CARTESIAN_POINT('',(83.,41.,9.436895709314E-16));
#1161 = LINE('',#1162,#1163);
#1162 = CARTESIAN_POINT('',(83.,-41.,0.));
#1163 = VECTOR('',#1164,1.);
#1164 = DIRECTION('',(0.,1.,0.));
#1165 = ORIENTED_EDGE('',*,*,#1166,.T.);
#1166 = EDGE_CURVE('',#1159,#1167,#1169,.T.);
#1167 = VERTEX_POINT('',#1168);
#1168 = CARTESIAN_POINT('',(76.,48.,0.));
#1169 = CIRCLE('',#1170,7.);
#1170 = AXIS2_PLACEMENT_3D('',#1171,#1172,#1173);
#1171 = CARTESIAN_POINT('',(76.,41.,0.));
#1172 = DIRECTION('',(0.,0.,1.));
#1173 = DIRECTION('',(1.,-1.7763568394E-15,0.));
#1174 = ORIENTED_EDGE('',*,*,#1175,.T.);
#1175 = EDGE_CURVE('',#1167,#1176,#1178,.T.);
#1176 = VERTEX_POINT('',#1177);
#1177 = CARTESIAN_POINT('',(-76.,48.,9.436895709314E-16));
#1178 = LINE('',#1179,#1180);
#1179 = CARTESIAN_POINT('',(76.,48.,0.));
#1180 = VECTOR('',#1181,1.);
#1181 = DIRECTION('',(-1.,0.,0.));
#1182 = ORIENTED_EDGE('',*,*,#1183,.T.);
#1183 = EDGE_CURVE('',#1176,#1184,#1186,.T.);
#1184 = VERTEX_POINT('',#1185);
#1185 = CARTESIAN_POINT('',(-83.,41.,0.));
#1186 = CIRCLE('',#1187,7.);
#1187 = AXIS2_PLACEMENT_3D('',#1188,#1189,#1190);
#1188 = CARTESIAN_POINT('',(-76.,41.,0.));
#1189 = DIRECTION('',(0.,-0.,1.));
#1190 = DIRECTION('',(0.,1.,0.));
#1191 = ORIENTED_EDGE('',*,*,#1192,.T.);
#1192 = EDGE_CURVE('',#1184,#1193,#1195,.T.);
#1193 = VERTEX_POINT('',#1194);
#1194 = CARTESIAN_POINT('',(-83.,-41.,9.436895709314E-16));
#1195 = LINE('',#1196,#1197);
#1196 = CARTESIAN_POINT('',(-83.,41.,0.));
#1197 = VECTOR('',#1198,1.);
#1198 = DIRECTION('',(0.,-1.,0.));
#1199 = ORIENTED_EDGE('',*,*,#1200,.T.);
#1200 = EDGE_CURVE('',#1193,#1134,#1201,.T.);
#1201 = CIRCLE('',#1202,7.);
#1202 = AXIS2_PLACEMENT_3D('',#1203,#1204,#1205);
#1203 = CARTESIAN_POINT('',(-76.,-41.,0.));
#1204 = DIRECTION('',(0.,0.,1.));
#1205 = DIRECTION('',(-1.,1.7763568394E-15,0.));
#1206 = ORIENTED_EDGE('',*,*,#1143,.T.);
#1207 = FACE_BOUND('',#1208,.F.);
#1208 = EDGE_LOOP('',(#1209));
#1209 = ORIENTED_EDGE('',*,*,#1210,.F.);
#1210 = EDGE_CURVE('',#1211,#1211,#1213,.T.);
#1211 = VERTEX_POINT('',#1212);
#1212 = CARTESIAN_POINT('',(-52.75,-39.5,0.));
#1213 = CIRCLE('',#1214,2.25);
#1214 = AXIS2_PLACEMENT_3D('',#1215,#1216,#1217);
#1215 = CARTESIAN_POINT('',(-55.,-39.5,0.));
#1216 = DIRECTION('',(0.,0.,1.));
#1217 = DIRECTION('',(1.,0.,-0.));
#1218 = FACE_BOUND('',#1219,.F.);
#1219 = EDGE_LOOP('',(#1220));
#1220 = ORIENTED_EDGE('',*,*,#1221,.F.);
#1221 = EDGE_CURVE('',#1222,#1222,#1224,.T.);
#1222 = VERTEX_POINT('',#1223);
#1223 = CARTESIAN_POINT('',(57.25,-39.5,0.));
#1224 = CIRCLE('',#1225,2.25);
#1225 = AXIS2_PLACEMENT_3D('',#1226,#1227,#1228);
#1226 = CARTESIAN_POINT('',(55.,-39.5,0.));
#1227 = DIRECTION('',(0.,0.,1.));
#1228 = DIRECTION('',(1.,0.,-0.));
#1229 = FACE_BOUND('',#1230,.F.);
#1230 = EDGE_LOOP('',(#1231));
#1231 = ORIENTED_EDGE('',*,*,#1232,.F.);
#1232 = EDGE_CURVE('',#1233,#1233,#1235,.T.);
#1233 = VERTEX_POINT('',#1234);
#1234 = CARTESIAN_POINT('',(-52.75,39.5,0.));
#1235 = CIRCLE('',#1236,2.25);
#1236 = AXIS2_PLACEMENT_3D('',#1237,#1238,#1239);
#1237 = CARTESIAN_POINT('',(-55.,39.5,0.));
#1238 = DIRECTION('',(0.,0.,1.));
#1239 = DIRECTION('',(1.,0.,-0.));
#1240 = FACE_BOUND('',#1241,.F.);
#1241 = EDGE_LOOP('',(#1242));
#1242 = ORIENTED_EDGE('',*,*,#1243,.F.);
#1243 = EDGE_CURVE('',#1244,#1244,#1246,.T.);
#1244 = VERTEX_POINT('',#1245);
#1245 = CARTESIAN_POINT('',(57.25,39.5,0.));
#1246 = CIRCLE('',#1247,2.25);
#1247 = AXIS2_PLACEMENT_3D('',#1248,#1249,#1250);
#1248 = CARTESIAN_POINT('',(55.,39.5,0.));
#1249 = DIRECTION('',(0.,0.,1.));
#1250 = DIRECTION('',(1.,0.,-0.));
#1251 = PLANE('',#1252);
#1252 = AXIS2_PLACEMENT_3D('',#1253,#1254,#1255);
#1253 = CARTESIAN_POINT('',(0.,0.,0.));
#1254 = DIRECTION('',(0.,0.,1.));
#1255 = DIRECTION('',(1.,0.,-0.));
#1256 = ADVANCED_FACE('',(#1257),#1268,.T.);
#1257 = FACE_BOUND('',#1258,.F.);
#1258 = EDGE_LOOP('',(#1259,#1260,#1261,#1267));
#1259 = ORIENTED_EDGE('',*,*,#797,.F.);
#1260 = ORIENTED_EDGE('',*,*,#1039,.T.);
#1261 = ORIENTED_EDGE('',*,*,#1262,.T.);
#1262 = EDGE_CURVE('',#1032,#1159,#1263,.T.);
#1263 = LINE('',#1264,#1265);
#1264 = CARTESIAN_POINT('',(83.5,41.,0.5));
#1265 = VECTOR('',#1266,1.);
#1266 = DIRECTION('',(-0.707106781187,0.,-0.707106781187));
#1267 = ORIENTED_EDGE('',*,*,#1158,.F.);
#1268 = PLANE('',#1269);
#1269 = AXIS2_PLACEMENT_3D('',#1270,#1271,#1272);
#1270 = CARTESIAN_POINT('',(83.5,-41.,0.5));
#1271 = DIRECTION('',(0.707106781187,0.,-0.707106781187));
#1272 = DIRECTION('',(-0.,-1.,-0.));
#1273 = ADVANCED_FACE('',(#1274),#1293,.T.);
#1274 = FACE_BOUND('',#1275,.F.);
#1275 = EDGE_LOOP('',(#1276,#1277,#1278,#1286));
#1276 = ORIENTED_EDGE('',*,*,#1031,.T.);
#1277 = ORIENTED_EDGE('',*,*,#829,.T.);
#1278 = ORIENTED_EDGE('',*,*,#1279,.F.);
#1279 = EDGE_CURVE('',#1280,#830,#1282,.T.);
#1280 = VERTEX_POINT('',#1281);
#1281 = CARTESIAN_POINT('',(76.,49.,1.));
#1282 = LINE('',#1283,#1284);
#1283 = CARTESIAN_POINT('',(76.,49.,0.));
#1284 = VECTOR('',#1285,1.);
#1285 = DIRECTION('',(0.,0.,1.));
#1286 = ORIENTED_EDGE('',*,*,#1287,.F.);
#1287 = EDGE_CURVE('',#1032,#1280,#1288,.T.);
#1288 = CIRCLE('',#1289,8.);
#1289 = AXIS2_PLACEMENT_3D('',#1290,#1291,#1292);
#1290 = CARTESIAN_POINT('',(76.,41.,1.));
#1291 = DIRECTION('',(0.,0.,1.));
#1292 = DIRECTION('',(1.,-1.7763568394E-15,0.));
#1293 = CYLINDRICAL_SURFACE('',#1294,8.);
#1294 = AXIS2_PLACEMENT_3D('',#1295,#1296,#1297);
#1295 = CARTESIAN_POINT('',(76.,41.,0.));
#1296 = DIRECTION('',(-0.,-0.,-1.));
#1297 = DIRECTION('',(1.,-1.7763568394E-15,0.));
#1298 = ADVANCED_FACE('',(#1299,#1317,#1328,#1339,#1350,#1361),#1372,.F.
  );
#1299 = FACE_BOUND('',#1300,.F.);
#1300 = EDGE_LOOP('',(#1301,#1309,#1310,#1311));
#1301 = ORIENTED_EDGE('',*,*,#1302,.T.);
#1302 = EDGE_CURVE('',#1303,#847,#1305,.T.);
#1303 = VERTEX_POINT('',#1304);
#1304 = CARTESIAN_POINT('',(-84.,41.,1.));
#1305 = LINE('',#1306,#1307);
#1306 = CARTESIAN_POINT('',(-84.,41.,0.));
#1307 = VECTOR('',#1308,1.);
#1308 = DIRECTION('',(0.,0.,1.));
#1309 = ORIENTED_EDGE('',*,*,#855,.T.);
#1310 = ORIENTED_EDGE('',*,*,#1108,.F.);
#1311 = ORIENTED_EDGE('',*,*,#1312,.F.);
#1312 = EDGE_CURVE('',#1303,#1109,#1313,.T.);
#1313 = LINE('',#1314,#1315);
#1314 = CARTESIAN_POINT('',(-84.,41.,1.));
#1315 = VECTOR('',#1316,1.);
#1316 = DIRECTION('',(0.,-1.,0.));
#1317 = FACE_BOUND('',#1318,.F.);
#1318 = EDGE_LOOP('',(#1319));
#1319 = ORIENTED_EDGE('',*,*,#1320,.T.);
#1320 = EDGE_CURVE('',#1321,#1321,#1323,.T.);
#1321 = VERTEX_POINT('',#1322);
#1322 = CARTESIAN_POINT('',(-84.,15.175,37.025));
#1323 = CIRCLE('',#1324,2.2);
#1324 = AXIS2_PLACEMENT_3D('',#1325,#1326,#1327);
#1325 = CARTESIAN_POINT('',(-84.,15.175,39.225));
#1326 = DIRECTION('',(-1.,0.,0.));
#1327 = DIRECTION('',(0.,0.,-1.));
#1328 = FACE_BOUND('',#1329,.F.);
#1329 = EDGE_LOOP('',(#1330));
#1330 = ORIENTED_EDGE('',*,*,#1331,.T.);
#1331 = EDGE_CURVE('',#1332,#1332,#1334,.T.);
#1332 = VERTEX_POINT('',#1333);
#1333 = CARTESIAN_POINT('',(-84.,-15.175,37.025));
#1334 = CIRCLE('',#1335,2.2);
#1335 = AXIS2_PLACEMENT_3D('',#1336,#1337,#1338);
#1336 = CARTESIAN_POINT('',(-84.,-15.175,39.225));
#1337 = DIRECTION('',(-1.,0.,0.));
#1338 = DIRECTION('',(0.,0.,-1.));
#1339 = FACE_BOUND('',#1340,.F.);
#1340 = EDGE_LOOP('',(#1341));
#1341 = ORIENTED_EDGE('',*,*,#1342,.T.);
#1342 = EDGE_CURVE('',#1343,#1343,#1345,.T.);
#1343 = VERTEX_POINT('',#1344);
#1344 = CARTESIAN_POINT('',(-84.,15.175,14.575));
#1345 = CIRCLE('',#1346,2.2);
#1346 = AXIS2_PLACEMENT_3D('',#1347,#1348,#1349);
#1347 = CARTESIAN_POINT('',(-84.,15.175,16.775));
#1348 = DIRECTION('',(-1.,0.,0.));
#1349 = DIRECTION('',(0.,0.,-1.));
#1350 = FACE_BOUND('',#1351,.F.);
#1351 = EDGE_LOOP('',(#1352));
#1352 = ORIENTED_EDGE('',*,*,#1353,.T.);
#1353 = EDGE_CURVE('',#1354,#1354,#1356,.T.);
#1354 = VERTEX_POINT('',#1355);
#1355 = CARTESIAN_POINT('',(-84.,3.1595887418E-15,15.1));
#1356 = CIRCLE('',#1357,12.9);
#1357 = AXIS2_PLACEMENT_3D('',#1358,#1359,#1360);
#1358 = CARTESIAN_POINT('',(-84.,0.,28.));
#1359 = DIRECTION('',(-1.,0.,0.));
#1360 = DIRECTION('',(0.,0.,-1.));
#1361 = FACE_BOUND('',#1362,.F.);
#1362 = EDGE_LOOP('',(#1363));
#1363 = ORIENTED_EDGE('',*,*,#1364,.T.);
#1364 = EDGE_CURVE('',#1365,#1365,#1367,.T.);
#1365 = VERTEX_POINT('',#1366);
#1366 = CARTESIAN_POINT('',(-84.,-15.175,14.575));
#1367 = CIRCLE('',#1368,2.2);
#1368 = AXIS2_PLACEMENT_3D('',#1369,#1370,#1371);
#1369 = CARTESIAN_POINT('',(-84.,-15.175,16.775));
#1370 = DIRECTION('',(-1.,0.,0.));
#1371 = DIRECTION('',(0.,0.,-1.));
#1372 = PLANE('',#1373);
#1373 = AXIS2_PLACEMENT_3D('',#1374,#1375,#1376);
#1374 = CARTESIAN_POINT('',(-84.,41.,0.));
#1375 = DIRECTION('',(1.,0.,-0.));
#1376 = DIRECTION('',(0.,-1.,0.));
#1377 = ADVANCED_FACE('',(#1378),#1396,.F.);
#1378 = FACE_BOUND('',#1379,.F.);
#1379 = EDGE_LOOP('',(#1380,#1381,#1382,#1390));
#1380 = ORIENTED_EDGE('',*,*,#1279,.T.);
#1381 = ORIENTED_EDGE('',*,*,#838,.T.);
#1382 = ORIENTED_EDGE('',*,*,#1383,.F.);
#1383 = EDGE_CURVE('',#1384,#839,#1386,.T.);
#1384 = VERTEX_POINT('',#1385);
#1385 = CARTESIAN_POINT('',(-76.,49.,1.));
#1386 = LINE('',#1387,#1388);
#1387 = CARTESIAN_POINT('',(-76.,49.,0.));
#1388 = VECTOR('',#1389,1.);
#1389 = DIRECTION('',(0.,0.,1.));
#1390 = ORIENTED_EDGE('',*,*,#1391,.F.);
#1391 = EDGE_CURVE('',#1280,#1384,#1392,.T.);
#1392 = LINE('',#1393,#1394);
#1393 = CARTESIAN_POINT('',(76.,49.,1.));
#1394 = VECTOR('',#1395,1.);
#1395 = DIRECTION('',(-1.,0.,0.));
#1396 = PLANE('',#1397);
#1397 = AXIS2_PLACEMENT_3D('',#1398,#1399,#1400);
#1398 = CARTESIAN_POINT('',(76.,49.,0.));
#1399 = DIRECTION('',(0.,-1.,0.));
#1400 = DIRECTION('',(-1.,0.,0.));
#1401 = ADVANCED_FACE('',(#1402),#1414,.T.);
#1402 = FACE_BOUND('',#1403,.F.);
#1403 = EDGE_LOOP('',(#1404,#1405,#1406,#1407));
#1404 = ORIENTED_EDGE('',*,*,#1383,.T.);
#1405 = ORIENTED_EDGE('',*,*,#846,.T.);
#1406 = ORIENTED_EDGE('',*,*,#1302,.F.);
#1407 = ORIENTED_EDGE('',*,*,#1408,.F.);
#1408 = EDGE_CURVE('',#1384,#1303,#1409,.T.);
#1409 = CIRCLE('',#1410,8.);
#1410 = AXIS2_PLACEMENT_3D('',#1411,#1412,#1413);
#1411 = CARTESIAN_POINT('',(-76.,41.,1.));
#1412 = DIRECTION('',(0.,-0.,1.));
#1413 = DIRECTION('',(0.,1.,0.));
#1414 = CYLINDRICAL_SURFACE('',#1415,8.);
#1415 = AXIS2_PLACEMENT_3D('',#1416,#1417,#1418);
#1416 = CARTESIAN_POINT('',(-76.,41.,0.));
#1417 = DIRECTION('',(-0.,0.,-1.));
#1418 = DIRECTION('',(0.,1.,0.));
#1419 = ADVANCED_FACE('',(#1420),#1446,.F.);
#1420 = FACE_BOUND('',#1421,.T.);
#1421 = EDGE_LOOP('',(#1422,#1433,#1439,#1440));
#1422 = ORIENTED_EDGE('',*,*,#1423,.F.);
#1423 = EDGE_CURVE('',#1424,#1426,#1428,.T.);
#1424 = VERTEX_POINT('',#1425);
#1425 = CARTESIAN_POINT('',(79.,41.,3.));
#1426 = VERTEX_POINT('',#1427);
#1427 = CARTESIAN_POINT('',(76.,44.,3.));
#1428 = CIRCLE('',#1429,3.);
#1429 = AXIS2_PLACEMENT_3D('',#1430,#1431,#1432);
#1430 = CARTESIAN_POINT('',(76.,41.,3.));
#1431 = DIRECTION('',(0.,0.,1.));
#1432 = DIRECTION('',(1.,-4.736951571734E-15,0.));
#1433 = ORIENTED_EDGE('',*,*,#1434,.T.);
#1434 = EDGE_CURVE('',#1424,#874,#1435,.T.);
#1435 = LINE('',#1436,#1437);
#1436 = CARTESIAN_POINT('',(79.,41.,3.));
#1437 = VECTOR('',#1438,1.);
#1438 = DIRECTION('',(0.,0.,1.));
#1439 = ORIENTED_EDGE('',*,*,#1014,.F.);
#1440 = ORIENTED_EDGE('',*,*,#1441,.F.);
#1441 = EDGE_CURVE('',#1426,#1007,#1442,.T.);
#1442 = LINE('',#1443,#1444);
#1443 = CARTESIAN_POINT('',(76.,44.,3.));
#1444 = VECTOR('',#1445,1.);
#1445 = DIRECTION('',(0.,0.,1.));
#1446 = CYLINDRICAL_SURFACE('',#1447,3.);
#1447 = AXIS2_PLACEMENT_3D('',#1448,#1449,#1450);
#1448 = CARTESIAN_POINT('',(76.,41.,3.));
#1449 = DIRECTION('',(-0.,-0.,-1.));
#1450 = DIRECTION('',(1.,-4.736951571734E-15,0.));
#1451 = ADVANCED_FACE('',(#1452),#1478,.F.);
#1452 = FACE_BOUND('',#1453,.T.);
#1453 = EDGE_LOOP('',(#1454,#1465,#1471,#1472));
#1454 = ORIENTED_EDGE('',*,*,#1455,.F.);
#1455 = EDGE_CURVE('',#1456,#1458,#1460,.T.);
#1456 = VERTEX_POINT('',#1457);
#1457 = CARTESIAN_POINT('',(-76.,44.,3.));
#1458 = VERTEX_POINT('',#1459);
#1459 = CARTESIAN_POINT('',(-79.,41.,3.));
#1460 = CIRCLE('',#1461,3.);
#1461 = AXIS2_PLACEMENT_3D('',#1462,#1463,#1464);
#1462 = CARTESIAN_POINT('',(-76.,41.,3.));
#1463 = DIRECTION('',(0.,0.,1.));
#1464 = DIRECTION('',(4.736951571734E-15,1.,-0.));
#1465 = ORIENTED_EDGE('',*,*,#1466,.T.);
#1466 = EDGE_CURVE('',#1456,#974,#1467,.T.);
#1467 = LINE('',#1468,#1469);
#1468 = CARTESIAN_POINT('',(-76.,44.,3.));
#1469 = VECTOR('',#1470,1.);
#1470 = DIRECTION('',(0.,0.,1.));
#1471 = ORIENTED_EDGE('',*,*,#973,.F.);
#1472 = ORIENTED_EDGE('',*,*,#1473,.F.);
#1473 = EDGE_CURVE('',#1458,#966,#1474,.T.);
#1474 = LINE('',#1475,#1476);
#1475 = CARTESIAN_POINT('',(-79.,41.,3.));
#1476 = VECTOR('',#1477,1.);
#1477 = DIRECTION('',(0.,0.,1.));
#1478 = CYLINDRICAL_SURFACE('',#1479,3.);
#1479 = AXIS2_PLACEMENT_3D('',#1480,#1481,#1482);
#1480 = CARTESIAN_POINT('',(-76.,41.,3.));
#1481 = DIRECTION('',(-0.,-0.,-1.));
#1482 = DIRECTION('',(4.736951571734E-15,1.,-0.));
#1483 = ADVANCED_FACE('',(#1484),#1510,.F.);
#1484 = FACE_BOUND('',#1485,.T.);
#1485 = EDGE_LOOP('',(#1486,#1497,#1503,#1504));
#1486 = ORIENTED_EDGE('',*,*,#1487,.F.);
#1487 = EDGE_CURVE('',#1488,#1490,#1492,.T.);
#1488 = VERTEX_POINT('',#1489);
#1489 = CARTESIAN_POINT('',(-79.,-41.,3.));
#1490 = VERTEX_POINT('',#1491);
#1491 = CARTESIAN_POINT('',(-76.,-44.,3.));
#1492 = CIRCLE('',#1493,3.);
#1493 = AXIS2_PLACEMENT_3D('',#1494,#1495,#1496);
#1494 = CARTESIAN_POINT('',(-76.,-41.,3.));
#1495 = DIRECTION('',(0.,0.,1.));
#1496 = DIRECTION('',(-1.,4.736951571734E-15,0.));
#1497 = ORIENTED_EDGE('',*,*,#1498,.T.);
#1498 = EDGE_CURVE('',#1488,#941,#1499,.T.);
#1499 = LINE('',#1500,#1501);
#1500 = CARTESIAN_POINT('',(-79.,-41.,3.));
#1501 = VECTOR('',#1502,1.);
#1502 = DIRECTION('',(0.,0.,1.));
#1503 = ORIENTED_EDGE('',*,*,#940,.F.);
#1504 = ORIENTED_EDGE('',*,*,#1505,.F.);
#1505 = EDGE_CURVE('',#1490,#933,#1506,.T.);
#1506 = LINE('',#1507,#1508);
#1507 = CARTESIAN_POINT('',(-76.,-44.,3.));
#1508 = VECTOR('',#1509,1.);
#1509 = DIRECTION('',(0.,0.,1.));
#1510 = CYLINDRICAL_SURFACE('',#1511,3.);
#1511 = AXIS2_PLACEMENT_3D('',#1512,#1513,#1514);
#1512 = CARTESIAN_POINT('',(-76.,-41.,3.));
#1513 = DIRECTION('',(-0.,-0.,-1.));
#1514 = DIRECTION('',(-1.,4.736951571734E-15,0.));
#1515 = ADVANCED_FACE('',(#1516),#1542,.F.);
#1516 = FACE_BOUND('',#1517,.T.);
#1517 = EDGE_LOOP('',(#1518,#1529,#1535,#1536));
#1518 = ORIENTED_EDGE('',*,*,#1519,.F.);
#1519 = EDGE_CURVE('',#1520,#1522,#1524,.T.);
#1520 = VERTEX_POINT('',#1521);
#1521 = CARTESIAN_POINT('',(76.,-44.,3.));
#1522 = VERTEX_POINT('',#1523);
#1523 = CARTESIAN_POINT('',(79.,-41.,3.));
#1524 = CIRCLE('',#1525,3.);
#1525 = AXIS2_PLACEMENT_3D('',#1526,#1527,#1528);
#1526 = CARTESIAN_POINT('',(76.,-41.,3.));
#1527 = DIRECTION('',(0.,0.,1.));
#1528 = DIRECTION('',(-4.736951571734E-15,-1.,0.));
#1529 = ORIENTED_EDGE('',*,*,#1530,.T.);
#1530 = EDGE_CURVE('',#1520,#900,#1531,.T.);
#1531 = LINE('',#1532,#1533);
#1532 = CARTESIAN_POINT('',(76.,-44.,3.));
#1533 = VECTOR('',#1534,1.);
#1534 = DIRECTION('',(0.,0.,1.));
#1535 = ORIENTED_EDGE('',*,*,#899,.F.);
#1536 = ORIENTED_EDGE('',*,*,#1537,.F.);
#1537 = EDGE_CURVE('',#1522,#892,#1538,.T.);
#1538 = LINE('',#1539,#1540);
#1539 = CARTESIAN_POINT('',(79.,-41.,3.));
#1540 = VECTOR('',#1541,1.);
#1541 = DIRECTION('',(0.,0.,1.));
#1542 = CYLINDRICAL_SURFACE('',#1543,3.);
#1543 = AXIS2_PLACEMENT_3D('',#1544,#1545,#1546);
#1544 = CARTESIAN_POINT('',(76.,-41.,3.));
#1545 = DIRECTION('',(-0.,-0.,-1.));
#1546 = DIRECTION('',(-4.736951571734E-15,-1.,0.));
#1547 = ADVANCED_FACE('',(#1548),#1567,.F.);
#1548 = FACE_BOUND('',#1549,.F.);
#1549 = EDGE_LOOP('',(#1550,#1558,#1559,#1560));
#1550 = ORIENTED_EDGE('',*,*,#1551,.T.);
#1551 = EDGE_CURVE('',#1552,#1048,#1554,.T.);
#1552 = VERTEX_POINT('',#1553);
#1553 = CARTESIAN_POINT('',(79.2,-15.175,41.425));
#1554 = LINE('',#1555,#1556);
#1555 = CARTESIAN_POINT('',(75.,-15.175,41.425));
#1556 = VECTOR('',#1557,1.);
#1557 = DIRECTION('',(1.,0.,0.));
#1558 = ORIENTED_EDGE('',*,*,#1047,.F.);
#1559 = ORIENTED_EDGE('',*,*,#1551,.F.);
#1560 = ORIENTED_EDGE('',*,*,#1561,.T.);
#1561 = EDGE_CURVE('',#1552,#1552,#1562,.T.);
#1562 = CIRCLE('',#1563,2.2);
#1563 = AXIS2_PLACEMENT_3D('',#1564,#1565,#1566);
#1564 = CARTESIAN_POINT('',(79.2,-15.175,39.225));
#1565 = DIRECTION('',(1.,0.,0.));
#1566 = DIRECTION('',(-0.,0.,1.));
#1567 = CYLINDRICAL_SURFACE('',#1568,2.2);
#1568 = AXIS2_PLACEMENT_3D('',#1569,#1570,#1571);
#1569 = CARTESIAN_POINT('',(75.,-15.175,39.225));
#1570 = DIRECTION('',(1.,0.,0.));
#1571 = DIRECTION('',(-0.,0.,1.));
#1572 = ADVANCED_FACE('',(#1573),#1592,.F.);
#1573 = FACE_BOUND('',#1574,.F.);
#1574 = EDGE_LOOP('',(#1575,#1583,#1584,#1585));
#1575 = ORIENTED_EDGE('',*,*,#1576,.T.);
#1576 = EDGE_CURVE('',#1577,#1059,#1579,.T.);
#1577 = VERTEX_POINT('',#1578);
#1578 = CARTESIAN_POINT('',(79.2,15.175,41.425));
#1579 = LINE('',#1580,#1581);
#1580 = CARTESIAN_POINT('',(75.,15.175,41.425));
#1581 = VECTOR('',#1582,1.);
#1582 = DIRECTION('',(1.,0.,0.));
#1583 = ORIENTED_EDGE('',*,*,#1058,.F.);
#1584 = ORIENTED_EDGE('',*,*,#1576,.F.);
#1585 = ORIENTED_EDGE('',*,*,#1586,.T.);
#1586 = EDGE_CURVE('',#1577,#1577,#1587,.T.);
#1587 = CIRCLE('',#1588,2.2);
#1588 = AXIS2_PLACEMENT_3D('',#1589,#1590,#1591);
#1589 = CARTESIAN_POINT('',(79.2,15.175,39.225));
#1590 = DIRECTION('',(1.,0.,0.));
#1591 = DIRECTION('',(-0.,0.,1.));
#1592 = CYLINDRICAL_SURFACE('',#1593,2.2);
#1593 = AXIS2_PLACEMENT_3D('',#1594,#1595,#1596);
#1594 = CARTESIAN_POINT('',(75.,15.175,39.225));
#1595 = DIRECTION('',(1.,0.,0.));
#1596 = DIRECTION('',(-0.,0.,1.));
#1597 = ADVANCED_FACE('',(#1598),#1617,.F.);
#1598 = FACE_BOUND('',#1599,.F.);
#1599 = EDGE_LOOP('',(#1600,#1608,#1609,#1610));
#1600 = ORIENTED_EDGE('',*,*,#1601,.T.);
#1601 = EDGE_CURVE('',#1602,#1070,#1604,.T.);
#1602 = VERTEX_POINT('',#1603);
#1603 = CARTESIAN_POINT('',(79.2,-15.175,18.975));
#1604 = LINE('',#1605,#1606);
#1605 = CARTESIAN_POINT('',(75.,-15.175,18.975));
#1606 = VECTOR('',#1607,1.);
#1607 = DIRECTION('',(1.,0.,0.));
#1608 = ORIENTED_EDGE('',*,*,#1069,.F.);
#1609 = ORIENTED_EDGE('',*,*,#1601,.F.);
#1610 = ORIENTED_EDGE('',*,*,#1611,.T.);
#1611 = EDGE_CURVE('',#1602,#1602,#1612,.T.);
#1612 = CIRCLE('',#1613,2.2);
#1613 = AXIS2_PLACEMENT_3D('',#1614,#1615,#1616);
#1614 = CARTESIAN_POINT('',(79.2,-15.175,16.775));
#1615 = DIRECTION('',(1.,0.,0.));
#1616 = DIRECTION('',(-0.,0.,1.));
#1617 = CYLINDRICAL_SURFACE('',#1618,2.2);
#1618 = AXIS2_PLACEMENT_3D('',#1619,#1620,#1621);
#1619 = CARTESIAN_POINT('',(75.,-15.175,16.775));
#1620 = DIRECTION('',(1.,0.,0.));
#1621 = DIRECTION('',(-0.,0.,1.));
#1622 = ADVANCED_FACE('',(#1623),#1634,.F.);
#1623 = FACE_BOUND('',#1624,.F.);
#1624 = EDGE_LOOP('',(#1625,#1626,#1632,#1633));
#1625 = ORIENTED_EDGE('',*,*,#1080,.F.);
#1626 = ORIENTED_EDGE('',*,*,#1627,.F.);
#1627 = EDGE_CURVE('',#549,#1081,#1628,.T.);
#1628 = LINE('',#1629,#1630);
#1629 = CARTESIAN_POINT('',(75.,3.1595887418E-15,40.9));
#1630 = VECTOR('',#1631,1.);
#1631 = DIRECTION('',(1.,0.,0.));
#1632 = ORIENTED_EDGE('',*,*,#548,.T.);
#1633 = ORIENTED_EDGE('',*,*,#1627,.T.);
#1634 = CYLINDRICAL_SURFACE('',#1635,12.9);
#1635 = AXIS2_PLACEMENT_3D('',#1636,#1637,#1638);
#1636 = CARTESIAN_POINT('',(75.,0.,28.));
#1637 = DIRECTION('',(1.,0.,0.));
#1638 = DIRECTION('',(-0.,0.,1.));
#1639 = ADVANCED_FACE('',(#1640),#1659,.F.);
#1640 = FACE_BOUND('',#1641,.F.);
#1641 = EDGE_LOOP('',(#1642,#1650,#1651,#1652));
#1642 = ORIENTED_EDGE('',*,*,#1643,.T.);
#1643 = EDGE_CURVE('',#1644,#1092,#1646,.T.);
#1644 = VERTEX_POINT('',#1645);
#1645 = CARTESIAN_POINT('',(79.2,15.175,18.975));
#1646 = LINE('',#1647,#1648);
#1647 = CARTESIAN_POINT('',(75.,15.175,18.975));
#1648 = VECTOR('',#1649,1.);
#1649 = DIRECTION('',(1.,0.,0.));
#1650 = ORIENTED_EDGE('',*,*,#1091,.F.);
#1651 = ORIENTED_EDGE('',*,*,#1643,.F.);
#1652 = ORIENTED_EDGE('',*,*,#1653,.T.);
#1653 = EDGE_CURVE('',#1644,#1644,#1654,.T.);
#1654 = CIRCLE('',#1655,2.2);
#1655 = AXIS2_PLACEMENT_3D('',#1656,#1657,#1658);
#1656 = CARTESIAN_POINT('',(79.2,15.175,16.775));
#1657 = DIRECTION('',(1.,0.,0.));
#1658 = DIRECTION('',(-0.,0.,1.));
#1659 = CYLINDRICAL_SURFACE('',#1660,2.2);
#1660 = AXIS2_PLACEMENT_3D('',#1661,#1662,#1663);
#1661 = CARTESIAN_POINT('',(75.,15.175,16.775));
#1662 = DIRECTION('',(1.,0.,0.));
#1663 = DIRECTION('',(-0.,0.,1.));
#1664 = ADVANCED_FACE('',(#1665),#1676,.T.);
#1665 = FACE_BOUND('',#1666,.F.);
#1666 = EDGE_LOOP('',(#1667,#1673,#1674,#1675));
#1667 = ORIENTED_EDGE('',*,*,#1668,.F.);
#1668 = EDGE_CURVE('',#1109,#1193,#1669,.T.);
#1669 = LINE('',#1670,#1671);
#1670 = CARTESIAN_POINT('',(-83.5,-41.,0.5));
#1671 = VECTOR('',#1672,1.);
#1672 = DIRECTION('',(0.707106781187,0.,-0.707106781187));
#1673 = ORIENTED_EDGE('',*,*,#1118,.T.);
#1674 = ORIENTED_EDGE('',*,*,#1133,.T.);
#1675 = ORIENTED_EDGE('',*,*,#1200,.F.);
#1676 = CONICAL_SURFACE('',#1677,8.,0.785398163397);
#1677 = AXIS2_PLACEMENT_3D('',#1678,#1679,#1680);
#1678 = CARTESIAN_POINT('',(-76.,-41.,1.));
#1679 = DIRECTION('',(0.,0.,1.));
#1680 = DIRECTION('',(-1.,1.7763568394E-15,0.));
#1681 = ADVANCED_FACE('',(#1682),#1693,.T.);
#1682 = FACE_BOUND('',#1683,.F.);
#1683 = EDGE_LOOP('',(#1684,#1685,#1686,#1692));
#1684 = ORIENTED_EDGE('',*,*,#1262,.F.);
#1685 = ORIENTED_EDGE('',*,*,#1287,.T.);
#1686 = ORIENTED_EDGE('',*,*,#1687,.T.);
#1687 = EDGE_CURVE('',#1280,#1167,#1688,.T.);
#1688 = LINE('',#1689,#1690);
#1689 = CARTESIAN_POINT('',(76.,49.,1.));
#1690 = VECTOR('',#1691,1.);
#1691 = DIRECTION('',(-4.329780281177E-17,-0.707106781187,
    -0.707106781187));
#1692 = ORIENTED_EDGE('',*,*,#1166,.F.);
#1693 = CONICAL_SURFACE('',#1694,8.,0.785398163397);
#1694 = AXIS2_PLACEMENT_3D('',#1695,#1696,#1697);
#1695 = CARTESIAN_POINT('',(76.,41.,1.));
#1696 = DIRECTION('',(0.,0.,1.));
#1697 = DIRECTION('',(1.,-1.7763568394E-15,0.));
#1698 = ADVANCED_FACE('',(#1699),#1710,.T.);
#1699 = FACE_BOUND('',#1700,.F.);
#1700 = EDGE_LOOP('',(#1701,#1707,#1708,#1709));
#1701 = ORIENTED_EDGE('',*,*,#1702,.F.);
#1702 = EDGE_CURVE('',#1303,#1184,#1703,.T.);
#1703 = LINE('',#1704,#1705);
#1704 = CARTESIAN_POINT('',(-84.,41.,1.));
#1705 = VECTOR('',#1706,1.);
#1706 = DIRECTION('',(0.707106781187,1.212776164135E-15,-0.707106781187)
  );
#1707 = ORIENTED_EDGE('',*,*,#1312,.T.);
#1708 = ORIENTED_EDGE('',*,*,#1668,.T.);
#1709 = ORIENTED_EDGE('',*,*,#1192,.F.);
#1710 = PLANE('',#1711);
#1711 = AXIS2_PLACEMENT_3D('',#1712,#1713,#1714);
#1712 = CARTESIAN_POINT('',(-83.5,41.,0.5));
#1713 = DIRECTION('',(-0.707106781187,0.,-0.707106781187));
#1714 = DIRECTION('',(-0.,1.,0.));
#1715 = ADVANCED_FACE('',(#1716),#1727,.T.);
#1716 = FACE_BOUND('',#1717,.F.);
#1717 = EDGE_LOOP('',(#1718,#1719,#1720,#1726));
#1718 = ORIENTED_EDGE('',*,*,#1687,.F.);
#1719 = ORIENTED_EDGE('',*,*,#1391,.T.);
#1720 = ORIENTED_EDGE('',*,*,#1721,.T.);
#1721 = EDGE_CURVE('',#1384,#1176,#1722,.T.);
#1722 = LINE('',#1723,#1724);
#1723 = CARTESIAN_POINT('',(-76.,48.5,0.5));
#1724 = VECTOR('',#1725,1.);
#1725 = DIRECTION('',(-0.,-0.707106781187,-0.707106781187));
#1726 = ORIENTED_EDGE('',*,*,#1175,.F.);
#1727 = PLANE('',#1728);
#1728 = AXIS2_PLACEMENT_3D('',#1729,#1730,#1731);
#1729 = CARTESIAN_POINT('',(76.,48.5,0.5));
#1730 = DIRECTION('',(0.,0.707106781187,-0.707106781187));
#1731 = DIRECTION('',(1.,-0.,-0.));
#1732 = ADVANCED_FACE('',(#1733),#1739,.T.);
#1733 = FACE_BOUND('',#1734,.F.);
#1734 = EDGE_LOOP('',(#1735,#1736,#1737,#1738));
#1735 = ORIENTED_EDGE('',*,*,#1721,.F.);
#1736 = ORIENTED_EDGE('',*,*,#1408,.T.);
#1737 = ORIENTED_EDGE('',*,*,#1702,.T.);
#1738 = ORIENTED_EDGE('',*,*,#1183,.F.);
#1739 = CONICAL_SURFACE('',#1740,8.,0.785398163397);
#1740 = AXIS2_PLACEMENT_3D('',#1741,#1742,#1743);
#1741 = CARTESIAN_POINT('',(-76.,41.,1.));
#1742 = DIRECTION('',(0.,0.,1.));
#1743 = DIRECTION('',(0.,1.,0.));
#1744 = ADVANCED_FACE('',(#1745),#1764,.F.);
#1745 = FACE_BOUND('',#1746,.F.);
#1746 = EDGE_LOOP('',(#1747,#1756,#1762,#1763));
#1747 = ORIENTED_EDGE('',*,*,#1748,.F.);
#1748 = EDGE_CURVE('',#1749,#1749,#1751,.T.);
#1749 = VERTEX_POINT('',#1750);
#1750 = CARTESIAN_POINT('',(-52.75,-39.5,3.));
#1751 = CIRCLE('',#1752,2.25);
#1752 = AXIS2_PLACEMENT_3D('',#1753,#1754,#1755);
#1753 = CARTESIAN_POINT('',(-55.,-39.5,3.));
#1754 = DIRECTION('',(0.,0.,1.));
#1755 = DIRECTION('',(1.,0.,-0.));
#1756 = ORIENTED_EDGE('',*,*,#1757,.F.);
#1757 = EDGE_CURVE('',#1211,#1749,#1758,.T.);
#1758 = LINE('',#1759,#1760);
#1759 = CARTESIAN_POINT('',(-52.75,-39.5,-1.));
#1760 = VECTOR('',#1761,1.);
#1761 = DIRECTION('',(0.,0.,1.));
#1762 = ORIENTED_EDGE('',*,*,#1210,.T.);
#1763 = ORIENTED_EDGE('',*,*,#1757,.T.);
#1764 = CYLINDRICAL_SURFACE('',#1765,2.25);
#1765 = AXIS2_PLACEMENT_3D('',#1766,#1767,#1768);
#1766 = CARTESIAN_POINT('',(-55.,-39.5,-1.));
#1767 = DIRECTION('',(0.,0.,1.));
#1768 = DIRECTION('',(1.,0.,-0.));
#1769 = ADVANCED_FACE('',(#1770),#1789,.F.);
#1770 = FACE_BOUND('',#1771,.F.);
#1771 = EDGE_LOOP('',(#1772,#1781,#1787,#1788));
#1772 = ORIENTED_EDGE('',*,*,#1773,.F.);
#1773 = EDGE_CURVE('',#1774,#1774,#1776,.T.);
#1774 = VERTEX_POINT('',#1775);
#1775 = CARTESIAN_POINT('',(57.25,-39.5,3.));
#1776 = CIRCLE('',#1777,2.25);
#1777 = AXIS2_PLACEMENT_3D('',#1778,#1779,#1780);
#1778 = CARTESIAN_POINT('',(55.,-39.5,3.));
#1779 = DIRECTION('',(0.,0.,1.));
#1780 = DIRECTION('',(1.,0.,-0.));
#1781 = ORIENTED_EDGE('',*,*,#1782,.F.);
#1782 = EDGE_CURVE('',#1222,#1774,#1783,.T.);
#1783 = LINE('',#1784,#1785);
#1784 = CARTESIAN_POINT('',(57.25,-39.5,-1.));
#1785 = VECTOR('',#1786,1.);
#1786 = DIRECTION('',(0.,0.,1.));
#1787 = ORIENTED_EDGE('',*,*,#1221,.T.);
#1788 = ORIENTED_EDGE('',*,*,#1782,.T.);
#1789 = CYLINDRICAL_SURFACE('',#1790,2.25);
#1790 = AXIS2_PLACEMENT_3D('',#1791,#1792,#1793);
#1791 = CARTESIAN_POINT('',(55.,-39.5,-1.));
#1792 = DIRECTION('',(0.,0.,1.));
#1793 = DIRECTION('',(1.,0.,-0.));
#1794 = ADVANCED_FACE('',(#1795),#1814,.F.);
#1795 = FACE_BOUND('',#1796,.F.);
#1796 = EDGE_LOOP('',(#1797,#1806,#1812,#1813));
#1797 = ORIENTED_EDGE('',*,*,#1798,.F.);
#1798 = EDGE_CURVE('',#1799,#1799,#1801,.T.);
#1799 = VERTEX_POINT('',#1800);
#1800 = CARTESIAN_POINT('',(-52.75,39.5,3.));
#1801 = CIRCLE('',#1802,2.25);
#1802 = AXIS2_PLACEMENT_3D('',#1803,#1804,#1805);
#1803 = CARTESIAN_POINT('',(-55.,39.5,3.));
#1804 = DIRECTION('',(0.,0.,1.));
#1805 = DIRECTION('',(1.,0.,-0.));
#1806 = ORIENTED_EDGE('',*,*,#1807,.F.);
#1807 = EDGE_CURVE('',#1233,#1799,#1808,.T.);
#1808 = LINE('',#1809,#1810);
#1809 = CARTESIAN_POINT('',(-52.75,39.5,-1.));
#1810 = VECTOR('',#1811,1.);
#1811 = DIRECTION('',(0.,0.,1.));
#1812 = ORIENTED_EDGE('',*,*,#1232,.T.);
#1813 = ORIENTED_EDGE('',*,*,#1807,.T.);
#1814 = CYLINDRICAL_SURFACE('',#1815,2.25);
#1815 = AXIS2_PLACEMENT_3D('',#1816,#1817,#1818);
#1816 = CARTESIAN_POINT('',(-55.,39.5,-1.));
#1817 = DIRECTION('',(0.,0.,1.));
#1818 = DIRECTION('',(1.,0.,-0.));
#1819 = ADVANCED_FACE('',(#1820),#1839,.F.);
#1820 = FACE_BOUND('',#1821,.F.);
#1821 = EDGE_LOOP('',(#1822,#1831,#1837,#1838));
#1822 = ORIENTED_EDGE('',*,*,#1823,.F.);
#1823 = EDGE_CURVE('',#1824,#1824,#1826,.T.);
#1824 = VERTEX_POINT('',#1825);
#1825 = CARTESIAN_POINT('',(57.25,39.5,3.));
#1826 = CIRCLE('',#1827,2.25);
#1827 = AXIS2_PLACEMENT_3D('',#1828,#1829,#1830);
#1828 = CARTESIAN_POINT('',(55.,39.5,3.));
#1829 = DIRECTION('',(0.,0.,1.));
#1830 = DIRECTION('',(1.,0.,-0.));
#1831 = ORIENTED_EDGE('',*,*,#1832,.F.);
#1832 = EDGE_CURVE('',#1244,#1824,#1833,.T.);
#1833 = LINE('',#1834,#1835);
#1834 = CARTESIAN_POINT('',(57.25,39.5,-1.));
#1835 = VECTOR('',#1836,1.);
#1836 = DIRECTION('',(0.,0.,1.));
#1837 = ORIENTED_EDGE('',*,*,#1243,.T.);
#1838 = ORIENTED_EDGE('',*,*,#1832,.T.);
#1839 = CYLINDRICAL_SURFACE('',#1840,2.25);
#1840 = AXIS2_PLACEMENT_3D('',#1841,#1842,#1843);
#1841 = CARTESIAN_POINT('',(55.,39.5,-1.));
#1842 = DIRECTION('',(0.,0.,1.));
#1843 = DIRECTION('',(1.,0.,-0.));
#1844 = ADVANCED_FACE('',(#1845),#1864,.F.);
#1845 = FACE_BOUND('',#1846,.F.);
#1846 = EDGE_LOOP('',(#1847,#1855,#1856,#1857));
#1847 = ORIENTED_EDGE('',*,*,#1848,.T.);
#1848 = EDGE_CURVE('',#1849,#1321,#1851,.T.);
#1849 = VERTEX_POINT('',#1850);
#1850 = CARTESIAN_POINT('',(-79.2,15.175,37.025));
#1851 = LINE('',#1852,#1853);
#1852 = CARTESIAN_POINT('',(-75.,15.175,37.025));
#1853 = VECTOR('',#1854,1.);
#1854 = DIRECTION('',(-1.,0.,0.));
#1855 = ORIENTED_EDGE('',*,*,#1320,.F.);
#1856 = ORIENTED_EDGE('',*,*,#1848,.F.);
#1857 = ORIENTED_EDGE('',*,*,#1858,.T.);
#1858 = EDGE_CURVE('',#1849,#1849,#1859,.T.);
#1859 = CIRCLE('',#1860,2.2);
#1860 = AXIS2_PLACEMENT_3D('',#1861,#1862,#1863);
#1861 = CARTESIAN_POINT('',(-79.2,15.175,39.225));
#1862 = DIRECTION('',(-1.,0.,0.));
#1863 = DIRECTION('',(0.,0.,-1.));
#1864 = CYLINDRICAL_SURFACE('',#1865,2.2);
#1865 = AXIS2_PLACEMENT_3D('',#1866,#1867,#1868);
#1866 = CARTESIAN_POINT('',(-75.,15.175,39.225));
#1867 = DIRECTION('',(-1.,0.,0.));
#1868 = DIRECTION('',(0.,0.,-1.));
#1869 = ADVANCED_FACE('',(#1870),#1889,.F.);
#1870 = FACE_BOUND('',#1871,.F.);
#1871 = EDGE_LOOP('',(#1872,#1880,#1881,#1882));
#1872 = ORIENTED_EDGE('',*,*,#1873,.T.);
#1873 = EDGE_CURVE('',#1874,#1332,#1876,.T.);
#1874 = VERTEX_POINT('',#1875);
#1875 = CARTESIAN_POINT('',(-79.2,-15.175,37.025));
#1876 = LINE('',#1877,#1878);
#1877 = CARTESIAN_POINT('',(-75.,-15.175,37.025));
#1878 = VECTOR('',#1879,1.);
#1879 = DIRECTION('',(-1.,0.,0.));
#1880 = ORIENTED_EDGE('',*,*,#1331,.F.);
#1881 = ORIENTED_EDGE('',*,*,#1873,.F.);
#1882 = ORIENTED_EDGE('',*,*,#1883,.T.);
#1883 = EDGE_CURVE('',#1874,#1874,#1884,.T.);
#1884 = CIRCLE('',#1885,2.2);
#1885 = AXIS2_PLACEMENT_3D('',#1886,#1887,#1888);
#1886 = CARTESIAN_POINT('',(-79.2,-15.175,39.225));
#1887 = DIRECTION('',(-1.,0.,0.));
#1888 = DIRECTION('',(0.,0.,-1.));
#1889 = CYLINDRICAL_SURFACE('',#1890,2.2);
#1890 = AXIS2_PLACEMENT_3D('',#1891,#1892,#1893);
#1891 = CARTESIAN_POINT('',(-75.,-15.175,39.225));
#1892 = DIRECTION('',(-1.,0.,0.));
#1893 = DIRECTION('',(0.,0.,-1.));
#1894 = ADVANCED_FACE('',(#1895),#1914,.F.);
#1895 = FACE_BOUND('',#1896,.F.);
#1896 = EDGE_LOOP('',(#1897,#1905,#1906,#1907));
#1897 = ORIENTED_EDGE('',*,*,#1898,.T.);
#1898 = EDGE_CURVE('',#1899,#1343,#1901,.T.);
#1899 = VERTEX_POINT('',#1900);
#1900 = CARTESIAN_POINT('',(-79.2,15.175,14.575));
#1901 = LINE('',#1902,#1903);
#1902 = CARTESIAN_POINT('',(-75.,15.175,14.575));
#1903 = VECTOR('',#1904,1.);
#1904 = DIRECTION('',(-1.,0.,0.));
#1905 = ORIENTED_EDGE('',*,*,#1342,.F.);
#1906 = ORIENTED_EDGE('',*,*,#1898,.F.);
#1907 = ORIENTED_EDGE('',*,*,#1908,.T.);
#1908 = EDGE_CURVE('',#1899,#1899,#1909,.T.);
#1909 = CIRCLE('',#1910,2.2);
#1910 = AXIS2_PLACEMENT_3D('',#1911,#1912,#1913);
#1911 = CARTESIAN_POINT('',(-79.2,15.175,16.775));
#1912 = DIRECTION('',(-1.,0.,0.));
#1913 = DIRECTION('',(0.,0.,-1.));
#1914 = CYLINDRICAL_SURFACE('',#1915,2.2);
#1915 = AXIS2_PLACEMENT_3D('',#1916,#1917,#1918);
#1916 = CARTESIAN_POINT('',(-75.,15.175,16.775));
#1917 = DIRECTION('',(-1.,0.,0.));
#1918 = DIRECTION('',(0.,0.,-1.));
#1919 = ADVANCED_FACE('',(#1920),#1931,.F.);
#1920 = FACE_BOUND('',#1921,.F.);
#1921 = EDGE_LOOP('',(#1922,#1923,#1929,#1930));
#1922 = ORIENTED_EDGE('',*,*,#1353,.F.);
#1923 = ORIENTED_EDGE('',*,*,#1924,.F.);
#1924 = EDGE_CURVE('',#202,#1354,#1925,.T.);
#1925 = LINE('',#1926,#1927);
#1926 = CARTESIAN_POINT('',(-75.,3.1595887418E-15,15.1));
#1927 = VECTOR('',#1928,1.);
#1928 = DIRECTION('',(-1.,0.,0.));
#1929 = ORIENTED_EDGE('',*,*,#201,.T.);
#1930 = ORIENTED_EDGE('',*,*,#1924,.T.);
#1931 = CYLINDRICAL_SURFACE('',#1932,12.9);
#1932 = AXIS2_PLACEMENT_3D('',#1933,#1934,#1935);
#1933 = CARTESIAN_POINT('',(-75.,0.,28.));
#1934 = DIRECTION('',(-1.,0.,0.));
#1935 = DIRECTION('',(0.,0.,-1.));
#1936 = ADVANCED_FACE('',(#1937),#1956,.F.);
#1937 = FACE_BOUND('',#1938,.F.);
#1938 = EDGE_LOOP('',(#1939,#1947,#1948,#1949));
#1939 = ORIENTED_EDGE('',*,*,#1940,.T.);
#1940 = EDGE_CURVE('',#1941,#1365,#1943,.T.);
#1941 = VERTEX_POINT('',#1942);
#1942 = CARTESIAN_POINT('',(-79.2,-15.175,14.575));
#1943 = LINE('',#1944,#1945);
#1944 = CARTESIAN_POINT('',(-75.,-15.175,14.575));
#1945 = VECTOR('',#1946,1.);
#1946 = DIRECTION('',(-1.,0.,0.));
#1947 = ORIENTED_EDGE('',*,*,#1364,.F.);
#1948 = ORIENTED_EDGE('',*,*,#1940,.F.);
#1949 = ORIENTED_EDGE('',*,*,#1950,.T.);
#1950 = EDGE_CURVE('',#1941,#1941,#1951,.T.);
#1951 = CIRCLE('',#1952,2.2);
#1952 = AXIS2_PLACEMENT_3D('',#1953,#1954,#1955);
#1953 = CARTESIAN_POINT('',(-79.2,-15.175,16.775));
#1954 = DIRECTION('',(-1.,0.,0.));
#1955 = DIRECTION('',(0.,0.,-1.));
#1956 = CYLINDRICAL_SURFACE('',#1957,2.2);
#1957 = AXIS2_PLACEMENT_3D('',#1958,#1959,#1960);
#1958 = CARTESIAN_POINT('',(-75.,-15.175,16.775));
#1959 = DIRECTION('',(-1.,0.,0.));
#1960 = DIRECTION('',(0.,0.,-1.));
#1961 = ADVANCED_FACE('',(#1962),#1988,.T.);
#1962 = FACE_BOUND('',#1963,.T.);
#1963 = EDGE_LOOP('',(#1964,#1975,#1981,#1982));
#1964 = ORIENTED_EDGE('',*,*,#1965,.F.);
#1965 = EDGE_CURVE('',#1966,#1968,#1970,.T.);
#1966 = VERTEX_POINT('',#1967);
#1967 = CARTESIAN_POINT('',(79.,40.,3.));
#1968 = VERTEX_POINT('',#1969);
#1969 = CARTESIAN_POINT('',(75.,44.,3.));
#1970 = CIRCLE('',#1971,4.);
#1971 = AXIS2_PLACEMENT_3D('',#1972,#1973,#1974);
#1972 = CARTESIAN_POINT('',(75.,40.,3.));
#1973 = DIRECTION('',(0.,0.,1.));
#1974 = DIRECTION('',(1.,0.,-0.));
#1975 = ORIENTED_EDGE('',*,*,#1976,.T.);
#1976 = EDGE_CURVE('',#1966,#1424,#1977,.T.);
#1977 = LINE('',#1978,#1979);
#1978 = CARTESIAN_POINT('',(79.,-41.,3.));
#1979 = VECTOR('',#1980,1.);
#1980 = DIRECTION('',(0.,1.,0.));
#1981 = ORIENTED_EDGE('',*,*,#1423,.T.);
#1982 = ORIENTED_EDGE('',*,*,#1983,.T.);
#1983 = EDGE_CURVE('',#1426,#1968,#1984,.T.);
#1984 = LINE('',#1985,#1986);
#1985 = CARTESIAN_POINT('',(76.,44.,3.));
#1986 = VECTOR('',#1987,1.);
#1987 = DIRECTION('',(-1.,0.,0.));
#1988 = PLANE('',#1989);
#1989 = AXIS2_PLACEMENT_3D('',#1990,#1991,#1992);
#1990 = CARTESIAN_POINT('',(0.,1.868946449618E-15,3.));
#1991 = DIRECTION('',(0.,0.,1.));
#1992 = DIRECTION('',(1.,0.,-0.));
#1993 = ADVANCED_FACE('',(#1994,#2094,#2097,#2108,#2126,#2129,#2140,
    #2151,#2154,#2172,#2183),#2186,.T.);
#1994 = FACE_BOUND('',#1995,.T.);
#1995 = EDGE_LOOP('',(#1996,#2007,#2015,#2024,#2033,#2041,#2049,#2058,
    #2064,#2071,#2079,#2087));
#1996 = ORIENTED_EDGE('',*,*,#1997,.F.);
#1997 = EDGE_CURVE('',#1998,#2000,#2002,.T.);
#1998 = VERTEX_POINT('',#1999);
#1999 = CARTESIAN_POINT('',(-79.,40.,3.));
#2000 = VERTEX_POINT('',#2001);
#2001 = CARTESIAN_POINT('',(-71.,40.,3.));
#2002 = CIRCLE('',#2003,4.);
#2003 = AXIS2_PLACEMENT_3D('',#2004,#2005,#2006);
#2004 = CARTESIAN_POINT('',(-75.,40.,3.));
#2005 = DIRECTION('',(0.,0.,1.));
#2006 = DIRECTION('',(1.,0.,-0.));
#2007 = ORIENTED_EDGE('',*,*,#2008,.T.);
#2008 = EDGE_CURVE('',#1998,#2009,#2011,.T.);
#2009 = VERTEX_POINT('',#2010);
#2010 = CARTESIAN_POINT('',(-79.,-39.99999995661,3.));
#2011 = LINE('',#2012,#2013);
#2012 = CARTESIAN_POINT('',(-79.,41.,3.));
#2013 = VECTOR('',#2014,1.);
#2014 = DIRECTION('',(0.,-1.,0.));
#2015 = ORIENTED_EDGE('',*,*,#2016,.F.);
#2016 = EDGE_CURVE('',#2017,#2009,#2019,.T.);
#2017 = VERTEX_POINT('',#2018);
#2018 = CARTESIAN_POINT('',(-71.,-40.,3.));
#2019 = CIRCLE('',#2020,4.);
#2020 = AXIS2_PLACEMENT_3D('',#2021,#2022,#2023);
#2021 = CARTESIAN_POINT('',(-75.,-40.,3.));
#2022 = DIRECTION('',(0.,0.,1.));
#2023 = DIRECTION('',(1.,0.,-0.));
#2024 = ORIENTED_EDGE('',*,*,#2025,.F.);
#2025 = EDGE_CURVE('',#2026,#2017,#2028,.T.);
#2026 = VERTEX_POINT('',#2027);
#2027 = CARTESIAN_POINT('',(-75.,-44.,3.));
#2028 = CIRCLE('',#2029,4.);
#2029 = AXIS2_PLACEMENT_3D('',#2030,#2031,#2032);
#2030 = CARTESIAN_POINT('',(-75.,-40.,3.));
#2031 = DIRECTION('',(0.,0.,1.));
#2032 = DIRECTION('',(1.,0.,-0.));
#2033 = ORIENTED_EDGE('',*,*,#2034,.T.);
#2034 = EDGE_CURVE('',#2026,#2035,#2037,.T.);
#2035 = VERTEX_POINT('',#2036);
#2036 = CARTESIAN_POINT('',(-2.681187220124E-08,-44.,3.));
#2037 = LINE('',#2038,#2039);
#2038 = CARTESIAN_POINT('',(-76.,-44.,3.));
#2039 = VECTOR('',#2040,1.);
#2040 = DIRECTION('',(1.,0.,0.));
#2041 = ORIENTED_EDGE('',*,*,#2042,.T.);
#2042 = EDGE_CURVE('',#2035,#2043,#2045,.T.);
#2043 = VERTEX_POINT('',#2044);
#2044 = CARTESIAN_POINT('',(74.999999956618,-44.,3.));
#2045 = LINE('',#2046,#2047);
#2046 = CARTESIAN_POINT('',(-76.,-44.,3.));
#2047 = VECTOR('',#2048,1.);
#2048 = DIRECTION('',(1.,0.,0.));
#2049 = ORIENTED_EDGE('',*,*,#2050,.F.);
#2050 = EDGE_CURVE('',#2051,#2043,#2053,.T.);
#2051 = VERTEX_POINT('',#2052);
#2052 = CARTESIAN_POINT('',(79.,-40.,3.));
#2053 = CIRCLE('',#2054,4.);
#2054 = AXIS2_PLACEMENT_3D('',#2055,#2056,#2057);
#2055 = CARTESIAN_POINT('',(75.,-40.,3.));
#2056 = DIRECTION('',(0.,0.,1.));
#2057 = DIRECTION('',(1.,0.,-0.));
#2058 = ORIENTED_EDGE('',*,*,#2059,.T.);
#2059 = EDGE_CURVE('',#2051,#1966,#2060,.T.);
#2060 = LINE('',#2061,#2062);
#2061 = CARTESIAN_POINT('',(79.,-41.,3.));
#2062 = VECTOR('',#2063,1.);
#2063 = DIRECTION('',(0.,1.,0.));
#2064 = ORIENTED_EDGE('',*,*,#2065,.F.);
#2065 = EDGE_CURVE('',#1968,#1966,#2066,.T.);
#2066 = CIRCLE('',#2067,4.);
#2067 = AXIS2_PLACEMENT_3D('',#2068,#2069,#2070);
#2068 = CARTESIAN_POINT('',(75.,40.,3.));
#2069 = DIRECTION('',(0.,0.,1.));
#2070 = DIRECTION('',(1.,0.,-0.));
#2071 = ORIENTED_EDGE('',*,*,#2072,.T.);
#2072 = EDGE_CURVE('',#1968,#2073,#2075,.T.);
#2073 = VERTEX_POINT('',#2074);
#2074 = CARTESIAN_POINT('',(1.507649173316E-08,44.,3.));
#2075 = LINE('',#2076,#2077);
#2076 = CARTESIAN_POINT('',(76.,44.,3.));
#2077 = VECTOR('',#2078,1.);
#2078 = DIRECTION('',(-1.,0.,0.));
#2079 = ORIENTED_EDGE('',*,*,#2080,.T.);
#2080 = EDGE_CURVE('',#2073,#2081,#2083,.T.);
#2081 = VERTEX_POINT('',#2082);
#2082 = CARTESIAN_POINT('',(-74.99999995661,44.,3.));
#2083 = LINE('',#2084,#2085);
#2084 = CARTESIAN_POINT('',(76.,44.,3.));
#2085 = VECTOR('',#2086,1.);
#2086 = DIRECTION('',(-1.,0.,0.));
#2087 = ORIENTED_EDGE('',*,*,#2088,.F.);
#2088 = EDGE_CURVE('',#2000,#2081,#2089,.T.);
#2089 = CIRCLE('',#2090,4.);
#2090 = AXIS2_PLACEMENT_3D('',#2091,#2092,#2093);
#2091 = CARTESIAN_POINT('',(-75.,40.,3.));
#2092 = DIRECTION('',(0.,0.,1.));
#2093 = DIRECTION('',(1.,0.,-0.));
#2094 = FACE_BOUND('',#2095,.T.);
#2095 = EDGE_LOOP('',(#2096));
#2096 = ORIENTED_EDGE('',*,*,#1748,.F.);
#2097 = FACE_BOUND('',#2098,.T.);
#2098 = EDGE_LOOP('',(#2099));
#2099 = ORIENTED_EDGE('',*,*,#2100,.F.);
#2100 = EDGE_CURVE('',#2101,#2101,#2103,.T.);
#2101 = VERTEX_POINT('',#2102);
#2102 = CARTESIAN_POINT('',(-61.5,-30.,3.));
#2103 = CIRCLE('',#2104,3.5);
#2104 = AXIS2_PLACEMENT_3D('',#2105,#2106,#2107);
#2105 = CARTESIAN_POINT('',(-65.,-30.,3.));
#2106 = DIRECTION('',(0.,0.,1.));
#2107 = DIRECTION('',(1.,0.,-0.));
#2108 = FACE_BOUND('',#2109,.T.);
#2109 = EDGE_LOOP('',(#2110,#2119));
#2110 = ORIENTED_EDGE('',*,*,#2111,.F.);
#2111 = EDGE_CURVE('',#2035,#2112,#2114,.T.);
#2112 = VERTEX_POINT('',#2113);
#2113 = CARTESIAN_POINT('',(4.,-40.,3.));
#2114 = CIRCLE('',#2115,4.);
#2115 = AXIS2_PLACEMENT_3D('',#2116,#2117,#2118);
#2116 = CARTESIAN_POINT('',(0.,-40.,3.));
#2117 = DIRECTION('',(0.,0.,1.));
#2118 = DIRECTION('',(1.,0.,-0.));
#2119 = ORIENTED_EDGE('',*,*,#2120,.F.);
#2120 = EDGE_CURVE('',#2112,#2035,#2121,.T.);
#2121 = CIRCLE('',#2122,4.);
#2122 = AXIS2_PLACEMENT_3D('',#2123,#2124,#2125);
#2123 = CARTESIAN_POINT('',(0.,-40.,3.));
#2124 = DIRECTION('',(0.,0.,1.));
#2125 = DIRECTION('',(1.,0.,-0.));
#2126 = FACE_BOUND('',#2127,.T.);
#2127 = EDGE_LOOP('',(#2128));
#2128 = ORIENTED_EDGE('',*,*,#1773,.F.);
#2129 = FACE_BOUND('',#2130,.T.);
#2130 = EDGE_LOOP('',(#2131));
#2131 = ORIENTED_EDGE('',*,*,#2132,.F.);
#2132 = EDGE_CURVE('',#2133,#2133,#2135,.T.);
#2133 = VERTEX_POINT('',#2134);
#2134 = CARTESIAN_POINT('',(68.5,-30.,3.));
#2135 = CIRCLE('',#2136,3.5);
#2136 = AXIS2_PLACEMENT_3D('',#2137,#2138,#2139);
#2137 = CARTESIAN_POINT('',(65.,-30.,3.));
#2138 = DIRECTION('',(0.,0.,1.));
#2139 = DIRECTION('',(1.,0.,-0.));
#2140 = FACE_BOUND('',#2141,.T.);
#2141 = EDGE_LOOP('',(#2142));
#2142 = ORIENTED_EDGE('',*,*,#2143,.F.);
#2143 = EDGE_CURVE('',#2144,#2144,#2146,.T.);
#2144 = VERTEX_POINT('',#2145);
#2145 = CARTESIAN_POINT('',(-61.5,30.,3.));
#2146 = CIRCLE('',#2147,3.5);
#2147 = AXIS2_PLACEMENT_3D('',#2148,#2149,#2150);
#2148 = CARTESIAN_POINT('',(-65.,30.,3.));
#2149 = DIRECTION('',(0.,0.,1.));
#2150 = DIRECTION('',(1.,0.,-0.));
#2151 = FACE_BOUND('',#2152,.T.);
#2152 = EDGE_LOOP('',(#2153));
#2153 = ORIENTED_EDGE('',*,*,#1798,.F.);
#2154 = FACE_BOUND('',#2155,.T.);
#2155 = EDGE_LOOP('',(#2156,#2165));
#2156 = ORIENTED_EDGE('',*,*,#2157,.F.);
#2157 = EDGE_CURVE('',#2073,#2158,#2160,.T.);
#2158 = VERTEX_POINT('',#2159);
#2159 = CARTESIAN_POINT('',(4.,40.,3.));
#2160 = CIRCLE('',#2161,4.);
#2161 = AXIS2_PLACEMENT_3D('',#2162,#2163,#2164);
#2162 = CARTESIAN_POINT('',(0.,40.,3.));
#2163 = DIRECTION('',(0.,0.,1.));
#2164 = DIRECTION('',(1.,0.,-0.));
#2165 = ORIENTED_EDGE('',*,*,#2166,.F.);
#2166 = EDGE_CURVE('',#2158,#2073,#2167,.T.);
#2167 = CIRCLE('',#2168,4.);
#2168 = AXIS2_PLACEMENT_3D('',#2169,#2170,#2171);
#2169 = CARTESIAN_POINT('',(0.,40.,3.));
#2170 = DIRECTION('',(0.,0.,1.));
#2171 = DIRECTION('',(1.,0.,-0.));
#2172 = FACE_BOUND('',#2173,.T.);
#2173 = EDGE_LOOP('',(#2174));
#2174 = ORIENTED_EDGE('',*,*,#2175,.F.);
#2175 = EDGE_CURVE('',#2176,#2176,#2178,.T.);
#2176 = VERTEX_POINT('',#2177);
#2177 = CARTESIAN_POINT('',(68.5,30.,3.));
#2178 = CIRCLE('',#2179,3.5);
#2179 = AXIS2_PLACEMENT_3D('',#2180,#2181,#2182);
#2180 = CARTESIAN_POINT('',(65.,30.,3.));
#2181 = DIRECTION('',(0.,0.,1.));
#2182 = DIRECTION('',(1.,0.,-0.));
#2183 = FACE_BOUND('',#2184,.T.);
#2184 = EDGE_LOOP('',(#2185));
#2185 = ORIENTED_EDGE('',*,*,#1823,.F.);
#2186 = PLANE('',#2187);
#2187 = AXIS2_PLACEMENT_3D('',#2188,#2189,#2190);
#2188 = CARTESIAN_POINT('',(0.,1.868946449618E-15,3.));
#2189 = DIRECTION('',(0.,0.,1.));
#2190 = DIRECTION('',(1.,0.,-0.));
#2191 = ADVANCED_FACE('',(#2192),#2214,.T.);
#2192 = FACE_BOUND('',#2193,.T.);
#2193 = EDGE_LOOP('',(#2194,#2201,#2207,#2208));
#2194 = ORIENTED_EDGE('',*,*,#2195,.F.);
#2195 = EDGE_CURVE('',#2043,#2051,#2196,.T.);
#2196 = CIRCLE('',#2197,4.);
#2197 = AXIS2_PLACEMENT_3D('',#2198,#2199,#2200);
#2198 = CARTESIAN_POINT('',(75.,-40.,3.));
#2199 = DIRECTION('',(0.,0.,1.));
#2200 = DIRECTION('',(1.,0.,-0.));
#2201 = ORIENTED_EDGE('',*,*,#2202,.T.);
#2202 = EDGE_CURVE('',#2043,#1520,#2203,.T.);
#2203 = LINE('',#2204,#2205);
#2204 = CARTESIAN_POINT('',(-76.,-44.,3.));
#2205 = VECTOR('',#2206,1.);
#2206 = DIRECTION('',(1.,0.,0.));
#2207 = ORIENTED_EDGE('',*,*,#1519,.T.);
#2208 = ORIENTED_EDGE('',*,*,#2209,.T.);
#2209 = EDGE_CURVE('',#1522,#2051,#2210,.T.);
#2210 = LINE('',#2211,#2212);
#2211 = CARTESIAN_POINT('',(79.,-41.,3.));
#2212 = VECTOR('',#2213,1.);
#2213 = DIRECTION('',(0.,1.,0.));
#2214 = PLANE('',#2215);
#2215 = AXIS2_PLACEMENT_3D('',#2216,#2217,#2218);
#2216 = CARTESIAN_POINT('',(0.,1.868946449618E-15,3.));
#2217 = DIRECTION('',(0.,0.,1.));
#2218 = DIRECTION('',(1.,0.,-0.));
#2219 = ADVANCED_FACE('',(#2220),#2242,.T.);
#2220 = FACE_BOUND('',#2221,.T.);
#2221 = EDGE_LOOP('',(#2222,#2228,#2235,#2241));
#2222 = ORIENTED_EDGE('',*,*,#2223,.T.);
#2223 = EDGE_CURVE('',#1458,#1998,#2224,.T.);
#2224 = LINE('',#2225,#2226);
#2225 = CARTESIAN_POINT('',(-79.,41.,3.));
#2226 = VECTOR('',#2227,1.);
#2227 = DIRECTION('',(0.,-1.,0.));
#2228 = ORIENTED_EDGE('',*,*,#2229,.F.);
#2229 = EDGE_CURVE('',#2081,#1998,#2230,.T.);
#2230 = CIRCLE('',#2231,4.);
#2231 = AXIS2_PLACEMENT_3D('',#2232,#2233,#2234);
#2232 = CARTESIAN_POINT('',(-75.,40.,3.));
#2233 = DIRECTION('',(0.,0.,1.));
#2234 = DIRECTION('',(1.,0.,-0.));
#2235 = ORIENTED_EDGE('',*,*,#2236,.T.);
#2236 = EDGE_CURVE('',#2081,#1456,#2237,.T.);
#2237 = LINE('',#2238,#2239);
#2238 = CARTESIAN_POINT('',(76.,44.,3.));
#2239 = VECTOR('',#2240,1.);
#2240 = DIRECTION('',(-1.,0.,0.));
#2241 = ORIENTED_EDGE('',*,*,#1455,.T.);
#2242 = PLANE('',#2243);
#2243 = AXIS2_PLACEMENT_3D('',#2244,#2245,#2246);
#2244 = CARTESIAN_POINT('',(0.,1.868946449618E-15,3.));
#2245 = DIRECTION('',(0.,0.,1.));
#2246 = DIRECTION('',(1.,0.,-0.));
#2247 = ADVANCED_FACE('',(#2248),#2270,.T.);
#2248 = FACE_BOUND('',#2249,.T.);
#2249 = EDGE_LOOP('',(#2250,#2257,#2263,#2264));
#2250 = ORIENTED_EDGE('',*,*,#2251,.F.);
#2251 = EDGE_CURVE('',#2009,#2026,#2252,.T.);
#2252 = CIRCLE('',#2253,4.);
#2253 = AXIS2_PLACEMENT_3D('',#2254,#2255,#2256);
#2254 = CARTESIAN_POINT('',(-75.,-40.,3.));
#2255 = DIRECTION('',(0.,0.,1.));
#2256 = DIRECTION('',(1.,0.,-0.));
#2257 = ORIENTED_EDGE('',*,*,#2258,.T.);
#2258 = EDGE_CURVE('',#2009,#1488,#2259,.T.);
#2259 = LINE('',#2260,#2261);
#2260 = CARTESIAN_POINT('',(-79.,41.,3.));
#2261 = VECTOR('',#2262,1.);
#2262 = DIRECTION('',(0.,-1.,0.));
#2263 = ORIENTED_EDGE('',*,*,#1487,.T.);
#2264 = ORIENTED_EDGE('',*,*,#2265,.T.);
#2265 = EDGE_CURVE('',#1490,#2026,#2266,.T.);
#2266 = LINE('',#2267,#2268);
#2267 = CARTESIAN_POINT('',(-76.,-44.,3.));
#2268 = VECTOR('',#2269,1.);
#2269 = DIRECTION('',(1.,0.,0.));
#2270 = PLANE('',#2271);
#2271 = AXIS2_PLACEMENT_3D('',#2272,#2273,#2274);
#2272 = CARTESIAN_POINT('',(0.,1.868946449618E-15,3.));
#2273 = DIRECTION('',(0.,0.,1.));
#2274 = DIRECTION('',(1.,0.,-0.));
#2275 = ADVANCED_FACE('',(#2276,#2326),#2329,.F.);
#2276 = FACE_BOUND('',#2277,.F.);
#2277 = EDGE_LOOP('',(#2278,#2288,#2296,#2304,#2312,#2320));
#2278 = ORIENTED_EDGE('',*,*,#2279,.T.);
#2279 = EDGE_CURVE('',#2280,#2282,#2284,.T.);
#2280 = VERTEX_POINT('',#2281);
#2281 = CARTESIAN_POINT('',(79.2,-11.01807806183,39.225));
#2282 = VERTEX_POINT('',#2283);
#2283 = CARTESIAN_POINT('',(79.2,-13.09653903091,42.825));
#2284 = LINE('',#2285,#2286);
#2285 = CARTESIAN_POINT('',(79.2,-11.01807806183,39.225));
#2286 = VECTOR('',#2287,1.);
#2287 = DIRECTION('',(0.,-0.5,0.866025403784));
#2288 = ORIENTED_EDGE('',*,*,#2289,.T.);
#2289 = EDGE_CURVE('',#2282,#2290,#2292,.T.);
#2290 = VERTEX_POINT('',#2291);
#2291 = CARTESIAN_POINT('',(79.2,-17.25346096908,42.825));
#2292 = LINE('',#2293,#2294);
#2293 = CARTESIAN_POINT('',(79.2,-13.09653903091,42.825));
#2294 = VECTOR('',#2295,1.);
#2295 = DIRECTION('',(0.,-1.,0.));
#2296 = ORIENTED_EDGE('',*,*,#2297,.T.);
#2297 = EDGE_CURVE('',#2290,#2298,#2300,.T.);
#2298 = VERTEX_POINT('',#2299);
#2299 = CARTESIAN_POINT('',(79.2,-19.33192193816,39.225));
#2300 = LINE('',#2301,#2302);
#2301 = CARTESIAN_POINT('',(79.2,-17.25346096908,42.825));
#2302 = VECTOR('',#2303,1.);
#2303 = DIRECTION('',(0.,-0.5,-0.866025403784));
#2304 = ORIENTED_EDGE('',*,*,#2305,.T.);
#2305 = EDGE_CURVE('',#2298,#2306,#2308,.T.);
#2306 = VERTEX_POINT('',#2307);
#2307 = CARTESIAN_POINT('',(79.2,-17.25346096908,35.625));
#2308 = LINE('',#2309,#2310);
#2309 = CARTESIAN_POINT('',(79.2,-19.33192193816,39.225));
#2310 = VECTOR('',#2311,1.);
#2311 = DIRECTION('',(0.,0.5,-0.866025403784));
#2312 = ORIENTED_EDGE('',*,*,#2313,.T.);
#2313 = EDGE_CURVE('',#2306,#2314,#2316,.T.);
#2314 = VERTEX_POINT('',#2315);
#2315 = CARTESIAN_POINT('',(79.2,-13.09653903091,35.625));
#2316 = LINE('',#2317,#2318);
#2317 = CARTESIAN_POINT('',(79.2,-17.25346096908,35.625));
#2318 = VECTOR('',#2319,1.);
#2319 = DIRECTION('',(0.,1.,0.));
#2320 = ORIENTED_EDGE('',*,*,#2321,.T.);
#2321 = EDGE_CURVE('',#2314,#2280,#2322,.T.);
#2322 = LINE('',#2323,#2324);
#2323 = CARTESIAN_POINT('',(79.2,-13.09653903091,35.625));
#2324 = VECTOR('',#2325,1.);
#2325 = DIRECTION('',(0.,0.5,0.866025403784));
#2326 = FACE_BOUND('',#2327,.F.);
#2327 = EDGE_LOOP('',(#2328));
#2328 = ORIENTED_EDGE('',*,*,#1561,.F.);
#2329 = PLANE('',#2330);
#2330 = AXIS2_PLACEMENT_3D('',#2331,#2332,#2333);
#2331 = CARTESIAN_POINT('',(79.2,-15.175,39.225));
#2332 = DIRECTION('',(1.,0.,0.));
#2333 = DIRECTION('',(-0.,0.,1.));
#2334 = ADVANCED_FACE('',(#2335,#2385),#2388,.F.);
#2335 = FACE_BOUND('',#2336,.F.);
#2336 = EDGE_LOOP('',(#2337,#2347,#2355,#2363,#2371,#2379));
#2337 = ORIENTED_EDGE('',*,*,#2338,.T.);
#2338 = EDGE_CURVE('',#2339,#2341,#2343,.T.);
#2339 = VERTEX_POINT('',#2340);
#2340 = CARTESIAN_POINT('',(79.2,19.331921938165,39.225));
#2341 = VERTEX_POINT('',#2342);
#2342 = CARTESIAN_POINT('',(79.2,17.253460969083,42.825));
#2343 = LINE('',#2344,#2345);
#2344 = CARTESIAN_POINT('',(79.2,19.331921938165,39.225));
#2345 = VECTOR('',#2346,1.);
#2346 = DIRECTION('',(0.,-0.5,0.866025403784));
#2347 = ORIENTED_EDGE('',*,*,#2348,.T.);
#2348 = EDGE_CURVE('',#2341,#2349,#2351,.T.);
#2349 = VERTEX_POINT('',#2350);
#2350 = CARTESIAN_POINT('',(79.2,13.096539030917,42.825));
#2351 = LINE('',#2352,#2353);
#2352 = CARTESIAN_POINT('',(79.2,17.253460969083,42.825));
#2353 = VECTOR('',#2354,1.);
#2354 = DIRECTION('',(0.,-1.,0.));
#2355 = ORIENTED_EDGE('',*,*,#2356,.T.);
#2356 = EDGE_CURVE('',#2349,#2357,#2359,.T.);
#2357 = VERTEX_POINT('',#2358);
#2358 = CARTESIAN_POINT('',(79.2,11.018078061835,39.225));
#2359 = LINE('',#2360,#2361);
#2360 = CARTESIAN_POINT('',(79.2,13.096539030917,42.825));
#2361 = VECTOR('',#2362,1.);
#2362 = DIRECTION('',(0.,-0.5,-0.866025403784));
#2363 = ORIENTED_EDGE('',*,*,#2364,.T.);
#2364 = EDGE_CURVE('',#2357,#2365,#2367,.T.);
#2365 = VERTEX_POINT('',#2366);
#2366 = CARTESIAN_POINT('',(79.2,13.096539030917,35.625));
#2367 = LINE('',#2368,#2369);
#2368 = CARTESIAN_POINT('',(79.2,11.018078061835,39.225));
#2369 = VECTOR('',#2370,1.);
#2370 = DIRECTION('',(0.,0.5,-0.866025403784));
#2371 = ORIENTED_EDGE('',*,*,#2372,.T.);
#2372 = EDGE_CURVE('',#2365,#2373,#2375,.T.);
#2373 = VERTEX_POINT('',#2374);
#2374 = CARTESIAN_POINT('',(79.2,17.253460969083,35.625));
#2375 = LINE('',#2376,#2377);
#2376 = CARTESIAN_POINT('',(79.2,13.096539030917,35.625));
#2377 = VECTOR('',#2378,1.);
#2378 = DIRECTION('',(0.,1.,0.));
#2379 = ORIENTED_EDGE('',*,*,#2380,.T.);
#2380 = EDGE_CURVE('',#2373,#2339,#2381,.T.);
#2381 = LINE('',#2382,#2383);
#2382 = CARTESIAN_POINT('',(79.2,17.253460969083,35.625));
#2383 = VECTOR('',#2384,1.);
#2384 = DIRECTION('',(0.,0.5,0.866025403784));
#2385 = FACE_BOUND('',#2386,.F.);
#2386 = EDGE_LOOP('',(#2387));
#2387 = ORIENTED_EDGE('',*,*,#1586,.F.);
#2388 = PLANE('',#2389);
#2389 = AXIS2_PLACEMENT_3D('',#2390,#2391,#2392);
#2390 = CARTESIAN_POINT('',(79.2,15.175,39.225));
#2391 = DIRECTION('',(1.,0.,0.));
#2392 = DIRECTION('',(-0.,0.,1.));
#2393 = ADVANCED_FACE('',(#2394,#2444),#2447,.F.);
#2394 = FACE_BOUND('',#2395,.F.);
#2395 = EDGE_LOOP('',(#2396,#2406,#2414,#2422,#2430,#2438));
#2396 = ORIENTED_EDGE('',*,*,#2397,.T.);
#2397 = EDGE_CURVE('',#2398,#2400,#2402,.T.);
#2398 = VERTEX_POINT('',#2399);
#2399 = CARTESIAN_POINT('',(79.2,-11.01807806183,16.775));
#2400 = VERTEX_POINT('',#2401);
#2401 = CARTESIAN_POINT('',(79.2,-13.09653903091,20.375));
#2402 = LINE('',#2403,#2404);
#2403 = CARTESIAN_POINT('',(79.2,-11.01807806183,16.775));
#2404 = VECTOR('',#2405,1.);
#2405 = DIRECTION('',(0.,-0.5,0.866025403784));
#2406 = ORIENTED_EDGE('',*,*,#2407,.T.);
#2407 = EDGE_CURVE('',#2400,#2408,#2410,.T.);
#2408 = VERTEX_POINT('',#2409);
#2409 = CARTESIAN_POINT('',(79.2,-17.25346096908,20.375));
#2410 = LINE('',#2411,#2412);
#2411 = CARTESIAN_POINT('',(79.2,-13.09653903091,20.375));
#2412 = VECTOR('',#2413,1.);
#2413 = DIRECTION('',(0.,-1.,0.));
#2414 = ORIENTED_EDGE('',*,*,#2415,.T.);
#2415 = EDGE_CURVE('',#2408,#2416,#2418,.T.);
#2416 = VERTEX_POINT('',#2417);
#2417 = CARTESIAN_POINT('',(79.2,-19.33192193816,16.775));
#2418 = LINE('',#2419,#2420);
#2419 = CARTESIAN_POINT('',(79.2,-17.25346096908,20.375));
#2420 = VECTOR('',#2421,1.);
#2421 = DIRECTION('',(0.,-0.5,-0.866025403784));
#2422 = ORIENTED_EDGE('',*,*,#2423,.T.);
#2423 = EDGE_CURVE('',#2416,#2424,#2426,.T.);
#2424 = VERTEX_POINT('',#2425);
#2425 = CARTESIAN_POINT('',(79.2,-17.25346096908,13.175));
#2426 = LINE('',#2427,#2428);
#2427 = CARTESIAN_POINT('',(79.2,-19.33192193816,16.775));
#2428 = VECTOR('',#2429,1.);
#2429 = DIRECTION('',(0.,0.5,-0.866025403784));
#2430 = ORIENTED_EDGE('',*,*,#2431,.T.);
#2431 = EDGE_CURVE('',#2424,#2432,#2434,.T.);
#2432 = VERTEX_POINT('',#2433);
#2433 = CARTESIAN_POINT('',(79.2,-13.09653903091,13.175));
#2434 = LINE('',#2435,#2436);
#2435 = CARTESIAN_POINT('',(79.2,-17.25346096908,13.175));
#2436 = VECTOR('',#2437,1.);
#2437 = DIRECTION('',(0.,1.,0.));
#2438 = ORIENTED_EDGE('',*,*,#2439,.T.);
#2439 = EDGE_CURVE('',#2432,#2398,#2440,.T.);
#2440 = LINE('',#2441,#2442);
#2441 = CARTESIAN_POINT('',(79.2,-13.09653903091,13.175));
#2442 = VECTOR('',#2443,1.);
#2443 = DIRECTION('',(0.,0.5,0.866025403784));
#2444 = FACE_BOUND('',#2445,.F.);
#2445 = EDGE_LOOP('',(#2446));
#2446 = ORIENTED_EDGE('',*,*,#1611,.F.);
#2447 = PLANE('',#2448);
#2448 = AXIS2_PLACEMENT_3D('',#2449,#2450,#2451);
#2449 = CARTESIAN_POINT('',(79.2,-15.175,16.775));
#2450 = DIRECTION('',(1.,0.,0.));
#2451 = DIRECTION('',(-0.,0.,1.));
#2452 = ADVANCED_FACE('',(#2453,#2503),#2506,.F.);
#2453 = FACE_BOUND('',#2454,.F.);
#2454 = EDGE_LOOP('',(#2455,#2465,#2473,#2481,#2489,#2497));
#2455 = ORIENTED_EDGE('',*,*,#2456,.T.);
#2456 = EDGE_CURVE('',#2457,#2459,#2461,.T.);
#2457 = VERTEX_POINT('',#2458);
#2458 = CARTESIAN_POINT('',(79.2,19.331921938165,16.775));
#2459 = VERTEX_POINT('',#2460);
#2460 = CARTESIAN_POINT('',(79.2,17.253460969083,20.375));
#2461 = LINE('',#2462,#2463);
#2462 = CARTESIAN_POINT('',(79.2,19.331921938165,16.775));
#2463 = VECTOR('',#2464,1.);
#2464 = DIRECTION('',(0.,-0.5,0.866025403784));
#2465 = ORIENTED_EDGE('',*,*,#2466,.T.);
#2466 = EDGE_CURVE('',#2459,#2467,#2469,.T.);
#2467 = VERTEX_POINT('',#2468);
#2468 = CARTESIAN_POINT('',(79.2,13.096539030917,20.375));
#2469 = LINE('',#2470,#2471);
#2470 = CARTESIAN_POINT('',(79.2,17.253460969083,20.375));
#2471 = VECTOR('',#2472,1.);
#2472 = DIRECTION('',(0.,-1.,0.));
#2473 = ORIENTED_EDGE('',*,*,#2474,.T.);
#2474 = EDGE_CURVE('',#2467,#2475,#2477,.T.);
#2475 = VERTEX_POINT('',#2476);
#2476 = CARTESIAN_POINT('',(79.2,11.018078061835,16.775));
#2477 = LINE('',#2478,#2479);
#2478 = CARTESIAN_POINT('',(79.2,13.096539030917,20.375));
#2479 = VECTOR('',#2480,1.);
#2480 = DIRECTION('',(0.,-0.5,-0.866025403784));
#2481 = ORIENTED_EDGE('',*,*,#2482,.T.);
#2482 = EDGE_CURVE('',#2475,#2483,#2485,.T.);
#2483 = VERTEX_POINT('',#2484);
#2484 = CARTESIAN_POINT('',(79.2,13.096539030917,13.175));
#2485 = LINE('',#2486,#2487);
#2486 = CARTESIAN_POINT('',(79.2,11.018078061835,16.775));
#2487 = VECTOR('',#2488,1.);
#2488 = DIRECTION('',(0.,0.5,-0.866025403784));
#2489 = ORIENTED_EDGE('',*,*,#2490,.T.);
#2490 = EDGE_CURVE('',#2483,#2491,#2493,.T.);
#2491 = VERTEX_POINT('',#2492);
#2492 = CARTESIAN_POINT('',(79.2,17.253460969083,13.175));
#2493 = LINE('',#2494,#2495);
#2494 = CARTESIAN_POINT('',(79.2,13.096539030917,13.175));
#2495 = VECTOR('',#2496,1.);
#2496 = DIRECTION('',(0.,1.,0.));
#2497 = ORIENTED_EDGE('',*,*,#2498,.T.);
#2498 = EDGE_CURVE('',#2491,#2457,#2499,.T.);
#2499 = LINE('',#2500,#2501);
#2500 = CARTESIAN_POINT('',(79.2,17.253460969083,13.175));
#2501 = VECTOR('',#2502,1.);
#2502 = DIRECTION('',(0.,0.5,0.866025403784));
#2503 = FACE_BOUND('',#2504,.F.);
#2504 = EDGE_LOOP('',(#2505));
#2505 = ORIENTED_EDGE('',*,*,#1653,.F.);
#2506 = PLANE('',#2507);
#2507 = AXIS2_PLACEMENT_3D('',#2508,#2509,#2510);
#2508 = CARTESIAN_POINT('',(79.2,15.175,16.775));
#2509 = DIRECTION('',(1.,0.,0.));
#2510 = DIRECTION('',(-0.,0.,1.));
#2511 = ADVANCED_FACE('',(#2512,#2562),#2565,.T.);
#2512 = FACE_BOUND('',#2513,.T.);
#2513 = EDGE_LOOP('',(#2514,#2524,#2532,#2540,#2548,#2556));
#2514 = ORIENTED_EDGE('',*,*,#2515,.T.);
#2515 = EDGE_CURVE('',#2516,#2518,#2520,.T.);
#2516 = VERTEX_POINT('',#2517);
#2517 = CARTESIAN_POINT('',(-79.2,19.331921938165,39.225));
#2518 = VERTEX_POINT('',#2519);
#2519 = CARTESIAN_POINT('',(-79.2,17.253460969083,42.825));
#2520 = LINE('',#2521,#2522);
#2521 = CARTESIAN_POINT('',(-79.2,19.331921938165,39.225));
#2522 = VECTOR('',#2523,1.);
#2523 = DIRECTION('',(0.,-0.5,0.866025403784));
#2524 = ORIENTED_EDGE('',*,*,#2525,.T.);
#2525 = EDGE_CURVE('',#2518,#2526,#2528,.T.);
#2526 = VERTEX_POINT('',#2527);
#2527 = CARTESIAN_POINT('',(-79.2,13.096539030917,42.825));
#2528 = LINE('',#2529,#2530);
#2529 = CARTESIAN_POINT('',(-79.2,17.253460969083,42.825));
#2530 = VECTOR('',#2531,1.);
#2531 = DIRECTION('',(0.,-1.,0.));
#2532 = ORIENTED_EDGE('',*,*,#2533,.T.);
#2533 = EDGE_CURVE('',#2526,#2534,#2536,.T.);
#2534 = VERTEX_POINT('',#2535);
#2535 = CARTESIAN_POINT('',(-79.2,11.018078061835,39.225));
#2536 = LINE('',#2537,#2538);
#2537 = CARTESIAN_POINT('',(-79.2,13.096539030917,42.825));
#2538 = VECTOR('',#2539,1.);
#2539 = DIRECTION('',(0.,-0.5,-0.866025403784));
#2540 = ORIENTED_EDGE('',*,*,#2541,.T.);
#2541 = EDGE_CURVE('',#2534,#2542,#2544,.T.);
#2542 = VERTEX_POINT('',#2543);
#2543 = CARTESIAN_POINT('',(-79.2,13.096539030917,35.625));
#2544 = LINE('',#2545,#2546);
#2545 = CARTESIAN_POINT('',(-79.2,11.018078061835,39.225));
#2546 = VECTOR('',#2547,1.);
#2547 = DIRECTION('',(0.,0.5,-0.866025403784));
#2548 = ORIENTED_EDGE('',*,*,#2549,.T.);
#2549 = EDGE_CURVE('',#2542,#2550,#2552,.T.);
#2550 = VERTEX_POINT('',#2551);
#2551 = CARTESIAN_POINT('',(-79.2,17.253460969083,35.625));
#2552 = LINE('',#2553,#2554);
#2553 = CARTESIAN_POINT('',(-79.2,13.096539030917,35.625));
#2554 = VECTOR('',#2555,1.);
#2555 = DIRECTION('',(0.,1.,0.));
#2556 = ORIENTED_EDGE('',*,*,#2557,.T.);
#2557 = EDGE_CURVE('',#2550,#2516,#2558,.T.);
#2558 = LINE('',#2559,#2560);
#2559 = CARTESIAN_POINT('',(-79.2,17.253460969083,35.625));
#2560 = VECTOR('',#2561,1.);
#2561 = DIRECTION('',(0.,0.5,0.866025403784));
#2562 = FACE_BOUND('',#2563,.T.);
#2563 = EDGE_LOOP('',(#2564));
#2564 = ORIENTED_EDGE('',*,*,#1858,.T.);
#2565 = PLANE('',#2566);
#2566 = AXIS2_PLACEMENT_3D('',#2567,#2568,#2569);
#2567 = CARTESIAN_POINT('',(-79.2,15.175,39.225));
#2568 = DIRECTION('',(1.,0.,0.));
#2569 = DIRECTION('',(-0.,0.,1.));
#2570 = ADVANCED_FACE('',(#2571,#2621),#2624,.T.);
#2571 = FACE_BOUND('',#2572,.T.);
#2572 = EDGE_LOOP('',(#2573,#2583,#2591,#2599,#2607,#2615));
#2573 = ORIENTED_EDGE('',*,*,#2574,.T.);
#2574 = EDGE_CURVE('',#2575,#2577,#2579,.T.);
#2575 = VERTEX_POINT('',#2576);
#2576 = CARTESIAN_POINT('',(-79.2,-11.01807806183,39.225));
#2577 = VERTEX_POINT('',#2578);
#2578 = CARTESIAN_POINT('',(-79.2,-13.09653903091,42.825));
#2579 = LINE('',#2580,#2581);
#2580 = CARTESIAN_POINT('',(-79.2,-11.01807806183,39.225));
#2581 = VECTOR('',#2582,1.);
#2582 = DIRECTION('',(0.,-0.5,0.866025403784));
#2583 = ORIENTED_EDGE('',*,*,#2584,.T.);
#2584 = EDGE_CURVE('',#2577,#2585,#2587,.T.);
#2585 = VERTEX_POINT('',#2586);
#2586 = CARTESIAN_POINT('',(-79.2,-17.25346096908,42.825));
#2587 = LINE('',#2588,#2589);
#2588 = CARTESIAN_POINT('',(-79.2,-13.09653903091,42.825));
#2589 = VECTOR('',#2590,1.);
#2590 = DIRECTION('',(0.,-1.,0.));
#2591 = ORIENTED_EDGE('',*,*,#2592,.T.);
#2592 = EDGE_CURVE('',#2585,#2593,#2595,.T.);
#2593 = VERTEX_POINT('',#2594);
#2594 = CARTESIAN_POINT('',(-79.2,-19.33192193816,39.225));
#2595 = LINE('',#2596,#2597);
#2596 = CARTESIAN_POINT('',(-79.2,-17.25346096908,42.825));
#2597 = VECTOR('',#2598,1.);
#2598 = DIRECTION('',(0.,-0.5,-0.866025403784));
#2599 = ORIENTED_EDGE('',*,*,#2600,.T.);
#2600 = EDGE_CURVE('',#2593,#2601,#2603,.T.);
#2601 = VERTEX_POINT('',#2602);
#2602 = CARTESIAN_POINT('',(-79.2,-17.25346096908,35.625));
#2603 = LINE('',#2604,#2605);
#2604 = CARTESIAN_POINT('',(-79.2,-19.33192193816,39.225));
#2605 = VECTOR('',#2606,1.);
#2606 = DIRECTION('',(0.,0.5,-0.866025403784));
#2607 = ORIENTED_EDGE('',*,*,#2608,.T.);
#2608 = EDGE_CURVE('',#2601,#2609,#2611,.T.);
#2609 = VERTEX_POINT('',#2610);
#2610 = CARTESIAN_POINT('',(-79.2,-13.09653903091,35.625));
#2611 = LINE('',#2612,#2613);
#2612 = CARTESIAN_POINT('',(-79.2,-17.25346096908,35.625));
#2613 = VECTOR('',#2614,1.);
#2614 = DIRECTION('',(0.,1.,0.));
#2615 = ORIENTED_EDGE('',*,*,#2616,.T.);
#2616 = EDGE_CURVE('',#2609,#2575,#2617,.T.);
#2617 = LINE('',#2618,#2619);
#2618 = CARTESIAN_POINT('',(-79.2,-13.09653903091,35.625));
#2619 = VECTOR('',#2620,1.);
#2620 = DIRECTION('',(0.,0.5,0.866025403784));
#2621 = FACE_BOUND('',#2622,.T.);
#2622 = EDGE_LOOP('',(#2623));
#2623 = ORIENTED_EDGE('',*,*,#1883,.T.);
#2624 = PLANE('',#2625);
#2625 = AXIS2_PLACEMENT_3D('',#2626,#2627,#2628);
#2626 = CARTESIAN_POINT('',(-79.2,-15.175,39.225));
#2627 = DIRECTION('',(1.,0.,0.));
#2628 = DIRECTION('',(-0.,0.,1.));
#2629 = ADVANCED_FACE('',(#2630,#2680),#2683,.T.);
#2630 = FACE_BOUND('',#2631,.T.);
#2631 = EDGE_LOOP('',(#2632,#2642,#2650,#2658,#2666,#2674));
#2632 = ORIENTED_EDGE('',*,*,#2633,.T.);
#2633 = EDGE_CURVE('',#2634,#2636,#2638,.T.);
#2634 = VERTEX_POINT('',#2635);
#2635 = CARTESIAN_POINT('',(-79.2,19.331921938165,16.775));
#2636 = VERTEX_POINT('',#2637);
#2637 = CARTESIAN_POINT('',(-79.2,17.253460969083,20.375));
#2638 = LINE('',#2639,#2640);
#2639 = CARTESIAN_POINT('',(-79.2,19.331921938165,16.775));
#2640 = VECTOR('',#2641,1.);
#2641 = DIRECTION('',(0.,-0.5,0.866025403784));
#2642 = ORIENTED_EDGE('',*,*,#2643,.T.);
#2643 = EDGE_CURVE('',#2636,#2644,#2646,.T.);
#2644 = VERTEX_POINT('',#2645);
#2645 = CARTESIAN_POINT('',(-79.2,13.096539030917,20.375));
#2646 = LINE('',#2647,#2648);
#2647 = CARTESIAN_POINT('',(-79.2,17.253460969083,20.375));
#2648 = VECTOR('',#2649,1.);
#2649 = DIRECTION('',(0.,-1.,0.));
#2650 = ORIENTED_EDGE('',*,*,#2651,.T.);
#2651 = EDGE_CURVE('',#2644,#2652,#2654,.T.);
#2652 = VERTEX_POINT('',#2653);
#2653 = CARTESIAN_POINT('',(-79.2,11.018078061835,16.775));
#2654 = LINE('',#2655,#2656);
#2655 = CARTESIAN_POINT('',(-79.2,13.096539030917,20.375));
#2656 = VECTOR('',#2657,1.);
#2657 = DIRECTION('',(0.,-0.5,-0.866025403784));
#2658 = ORIENTED_EDGE('',*,*,#2659,.T.);
#2659 = EDGE_CURVE('',#2652,#2660,#2662,.T.);
#2660 = VERTEX_POINT('',#2661);
#2661 = CARTESIAN_POINT('',(-79.2,13.096539030917,13.175));
#2662 = LINE('',#2663,#2664);
#2663 = CARTESIAN_POINT('',(-79.2,11.018078061835,16.775));
#2664 = VECTOR('',#2665,1.);
#2665 = DIRECTION('',(0.,0.5,-0.866025403784));
#2666 = ORIENTED_EDGE('',*,*,#2667,.T.);
#2667 = EDGE_CURVE('',#2660,#2668,#2670,.T.);
#2668 = VERTEX_POINT('',#2669);
#2669 = CARTESIAN_POINT('',(-79.2,17.253460969083,13.175));
#2670 = LINE('',#2671,#2672);
#2671 = CARTESIAN_POINT('',(-79.2,13.096539030917,13.175));
#2672 = VECTOR('',#2673,1.);
#2673 = DIRECTION('',(0.,1.,0.));
#2674 = ORIENTED_EDGE('',*,*,#2675,.T.);
#2675 = EDGE_CURVE('',#2668,#2634,#2676,.T.);
#2676 = LINE('',#2677,#2678);
#2677 = CARTESIAN_POINT('',(-79.2,17.253460969083,13.175));
#2678 = VECTOR('',#2679,1.);
#2679 = DIRECTION('',(0.,0.5,0.866025403784));
#2680 = FACE_BOUND('',#2681,.T.);
#2681 = EDGE_LOOP('',(#2682));
#2682 = ORIENTED_EDGE('',*,*,#1908,.T.);
#2683 = PLANE('',#2684);
#2684 = AXIS2_PLACEMENT_3D('',#2685,#2686,#2687);
#2685 = CARTESIAN_POINT('',(-79.2,15.175,16.775));
#2686 = DIRECTION('',(1.,0.,0.));
#2687 = DIRECTION('',(-0.,0.,1.));
#2688 = ADVANCED_FACE('',(#2689,#2739),#2742,.T.);
#2689 = FACE_BOUND('',#2690,.T.);
#2690 = EDGE_LOOP('',(#2691,#2701,#2709,#2717,#2725,#2733));
#2691 = ORIENTED_EDGE('',*,*,#2692,.T.);
#2692 = EDGE_CURVE('',#2693,#2695,#2697,.T.);
#2693 = VERTEX_POINT('',#2694);
#2694 = CARTESIAN_POINT('',(-79.2,-11.01807806183,16.775));
#2695 = VERTEX_POINT('',#2696);
#2696 = CARTESIAN_POINT('',(-79.2,-13.09653903091,20.375));
#2697 = LINE('',#2698,#2699);
#2698 = CARTESIAN_POINT('',(-79.2,-11.01807806183,16.775));
#2699 = VECTOR('',#2700,1.);
#2700 = DIRECTION('',(0.,-0.5,0.866025403784));
#2701 = ORIENTED_EDGE('',*,*,#2702,.T.);
#2702 = EDGE_CURVE('',#2695,#2703,#2705,.T.);
#2703 = VERTEX_POINT('',#2704);
#2704 = CARTESIAN_POINT('',(-79.2,-17.25346096908,20.375));
#2705 = LINE('',#2706,#2707);
#2706 = CARTESIAN_POINT('',(-79.2,-13.09653903091,20.375));
#2707 = VECTOR('',#2708,1.);
#2708 = DIRECTION('',(0.,-1.,0.));
#2709 = ORIENTED_EDGE('',*,*,#2710,.T.);
#2710 = EDGE_CURVE('',#2703,#2711,#2713,.T.);
#2711 = VERTEX_POINT('',#2712);
#2712 = CARTESIAN_POINT('',(-79.2,-19.33192193816,16.775));
#2713 = LINE('',#2714,#2715);
#2714 = CARTESIAN_POINT('',(-79.2,-17.25346096908,20.375));
#2715 = VECTOR('',#2716,1.);
#2716 = DIRECTION('',(0.,-0.5,-0.866025403784));
#2717 = ORIENTED_EDGE('',*,*,#2718,.T.);
#2718 = EDGE_CURVE('',#2711,#2719,#2721,.T.);
#2719 = VERTEX_POINT('',#2720);
#2720 = CARTESIAN_POINT('',(-79.2,-17.25346096908,13.175));
#2721 = LINE('',#2722,#2723);
#2722 = CARTESIAN_POINT('',(-79.2,-19.33192193816,16.775));
#2723 = VECTOR('',#2724,1.);
#2724 = DIRECTION('',(0.,0.5,-0.866025403784));
#2725 = ORIENTED_EDGE('',*,*,#2726,.T.);
#2726 = EDGE_CURVE('',#2719,#2727,#2729,.T.);
#2727 = VERTEX_POINT('',#2728);
#2728 = CARTESIAN_POINT('',(-79.2,-13.09653903091,13.175));
#2729 = LINE('',#2730,#2731);
#2730 = CARTESIAN_POINT('',(-79.2,-17.25346096908,13.175));
#2731 = VECTOR('',#2732,1.);
#2732 = DIRECTION('',(0.,1.,0.));
#2733 = ORIENTED_EDGE('',*,*,#2734,.T.);
#2734 = EDGE_CURVE('',#2727,#2693,#2735,.T.);
#2735 = LINE('',#2736,#2737);
#2736 = CARTESIAN_POINT('',(-79.2,-13.09653903091,13.175));
#2737 = VECTOR('',#2738,1.);
#2738 = DIRECTION('',(0.,0.5,0.866025403784));
#2739 = FACE_BOUND('',#2740,.T.);
#2740 = EDGE_LOOP('',(#2741));
#2741 = ORIENTED_EDGE('',*,*,#1950,.T.);
#2742 = PLANE('',#2743);
#2743 = AXIS2_PLACEMENT_3D('',#2744,#2745,#2746);
#2744 = CARTESIAN_POINT('',(-79.2,-15.175,16.775));
#2745 = DIRECTION('',(1.,0.,0.));
#2746 = DIRECTION('',(-0.,0.,1.));
#2747 = ADVANCED_FACE('',(#2748),#2767,.T.);
#2748 = FACE_BOUND('',#2749,.T.);
#2749 = EDGE_LOOP('',(#2750,#2759,#2765,#2766));
#2750 = ORIENTED_EDGE('',*,*,#2751,.F.);
#2751 = EDGE_CURVE('',#2752,#2752,#2754,.T.);
#2752 = VERTEX_POINT('',#2753);
#2753 = CARTESIAN_POINT('',(-61.5,-30.,8.));
#2754 = CIRCLE('',#2755,3.5);
#2755 = AXIS2_PLACEMENT_3D('',#2756,#2757,#2758);
#2756 = CARTESIAN_POINT('',(-65.,-30.,8.));
#2757 = DIRECTION('',(0.,0.,1.));
#2758 = DIRECTION('',(1.,0.,-0.));
#2759 = ORIENTED_EDGE('',*,*,#2760,.F.);
#2760 = EDGE_CURVE('',#2101,#2752,#2761,.T.);
#2761 = LINE('',#2762,#2763);
#2762 = CARTESIAN_POINT('',(-61.5,-30.,3.));
#2763 = VECTOR('',#2764,1.);
#2764 = DIRECTION('',(0.,0.,1.));
#2765 = ORIENTED_EDGE('',*,*,#2100,.T.);
#2766 = ORIENTED_EDGE('',*,*,#2760,.T.);
#2767 = CYLINDRICAL_SURFACE('',#2768,3.5);
#2768 = AXIS2_PLACEMENT_3D('',#2769,#2770,#2771);
#2769 = CARTESIAN_POINT('',(-65.,-30.,3.));
#2770 = DIRECTION('',(0.,0.,1.));
#2771 = DIRECTION('',(1.,0.,-0.));
#2772 = ADVANCED_FACE('',(#2773),#2792,.T.);
#2773 = FACE_BOUND('',#2774,.T.);
#2774 = EDGE_LOOP('',(#2775,#2784,#2790,#2791));
#2775 = ORIENTED_EDGE('',*,*,#2776,.F.);
#2776 = EDGE_CURVE('',#2777,#2777,#2779,.T.);
#2777 = VERTEX_POINT('',#2778);
#2778 = CARTESIAN_POINT('',(68.5,-30.,8.));
#2779 = CIRCLE('',#2780,3.5);
#2780 = AXIS2_PLACEMENT_3D('',#2781,#2782,#2783);
#2781 = CARTESIAN_POINT('',(65.,-30.,8.));
#2782 = DIRECTION('',(0.,0.,1.));
#2783 = DIRECTION('',(1.,0.,-0.));
#2784 = ORIENTED_EDGE('',*,*,#2785,.F.);
#2785 = EDGE_CURVE('',#2133,#2777,#2786,.T.);
#2786 = LINE('',#2787,#2788);
#2787 = CARTESIAN_POINT('',(68.5,-30.,3.));
#2788 = VECTOR('',#2789,1.);
#2789 = DIRECTION('',(0.,0.,1.));
#2790 = ORIENTED_EDGE('',*,*,#2132,.T.);
#2791 = ORIENTED_EDGE('',*,*,#2785,.T.);
#2792 = CYLINDRICAL_SURFACE('',#2793,3.5);
#2793 = AXIS2_PLACEMENT_3D('',#2794,#2795,#2796);
#2794 = CARTESIAN_POINT('',(65.,-30.,3.));
#2795 = DIRECTION('',(0.,0.,1.));
#2796 = DIRECTION('',(1.,0.,-0.));
#2797 = ADVANCED_FACE('',(#2798),#2817,.T.);
#2798 = FACE_BOUND('',#2799,.T.);
#2799 = EDGE_LOOP('',(#2800,#2809,#2815,#2816));
#2800 = ORIENTED_EDGE('',*,*,#2801,.F.);
#2801 = EDGE_CURVE('',#2802,#2802,#2804,.T.);
#2802 = VERTEX_POINT('',#2803);
#2803 = CARTESIAN_POINT('',(-61.5,30.,8.));
#2804 = CIRCLE('',#2805,3.5);
#2805 = AXIS2_PLACEMENT_3D('',#2806,#2807,#2808);
#2806 = CARTESIAN_POINT('',(-65.,30.,8.));
#2807 = DIRECTION('',(0.,0.,1.));
#2808 = DIRECTION('',(1.,0.,-0.));
#2809 = ORIENTED_EDGE('',*,*,#2810,.F.);
#2810 = EDGE_CURVE('',#2144,#2802,#2811,.T.);
#2811 = LINE('',#2812,#2813);
#2812 = CARTESIAN_POINT('',(-61.5,30.,3.));
#2813 = VECTOR('',#2814,1.);
#2814 = DIRECTION('',(0.,0.,1.));
#2815 = ORIENTED_EDGE('',*,*,#2143,.T.);
#2816 = ORIENTED_EDGE('',*,*,#2810,.T.);
#2817 = CYLINDRICAL_SURFACE('',#2818,3.5);
#2818 = AXIS2_PLACEMENT_3D('',#2819,#2820,#2821);
#2819 = CARTESIAN_POINT('',(-65.,30.,3.));
#2820 = DIRECTION('',(0.,0.,1.));
#2821 = DIRECTION('',(1.,0.,-0.));
#2822 = ADVANCED_FACE('',(#2823),#2842,.T.);
#2823 = FACE_BOUND('',#2824,.T.);
#2824 = EDGE_LOOP('',(#2825,#2834,#2840,#2841));
#2825 = ORIENTED_EDGE('',*,*,#2826,.F.);
#2826 = EDGE_CURVE('',#2827,#2827,#2829,.T.);
#2827 = VERTEX_POINT('',#2828);
#2828 = CARTESIAN_POINT('',(68.5,30.,8.));
#2829 = CIRCLE('',#2830,3.5);
#2830 = AXIS2_PLACEMENT_3D('',#2831,#2832,#2833);
#2831 = CARTESIAN_POINT('',(65.,30.,8.));
#2832 = DIRECTION('',(0.,0.,1.));
#2833 = DIRECTION('',(1.,0.,-0.));
#2834 = ORIENTED_EDGE('',*,*,#2835,.F.);
#2835 = EDGE_CURVE('',#2176,#2827,#2836,.T.);
#2836 = LINE('',#2837,#2838);
#2837 = CARTESIAN_POINT('',(68.5,30.,3.));
#2838 = VECTOR('',#2839,1.);
#2839 = DIRECTION('',(0.,0.,1.));
#2840 = ORIENTED_EDGE('',*,*,#2175,.T.);
#2841 = ORIENTED_EDGE('',*,*,#2835,.T.);
#2842 = CYLINDRICAL_SURFACE('',#2843,3.5);
#2843 = AXIS2_PLACEMENT_3D('',#2844,#2845,#2846);
#2844 = CARTESIAN_POINT('',(65.,30.,3.));
#2845 = DIRECTION('',(0.,0.,1.));
#2846 = DIRECTION('',(1.,0.,-0.));
#2847 = ADVANCED_FACE('',(#2848),#2864,.T.);
#2848 = FACE_BOUND('',#2849,.T.);
#2849 = EDGE_LOOP('',(#2850,#2856,#2857,#2863));
#2850 = ORIENTED_EDGE('',*,*,#2851,.T.);
#2851 = EDGE_CURVE('',#660,#2280,#2852,.T.);
#2852 = LINE('',#2853,#2854);
#2853 = CARTESIAN_POINT('',(76.,-11.01807806183,39.225));
#2854 = VECTOR('',#2855,1.);
#2855 = DIRECTION('',(1.,0.,0.));
#2856 = ORIENTED_EDGE('',*,*,#2279,.T.);
#2857 = ORIENTED_EDGE('',*,*,#2858,.F.);
#2858 = EDGE_CURVE('',#662,#2282,#2859,.T.);
#2859 = LINE('',#2860,#2861);
#2860 = CARTESIAN_POINT('',(76.,-13.09653903091,42.825));
#2861 = VECTOR('',#2862,1.);
#2862 = DIRECTION('',(1.,0.,0.));
#2863 = ORIENTED_EDGE('',*,*,#659,.F.);
#2864 = PLANE('',#2865);
#2865 = AXIS2_PLACEMENT_3D('',#2866,#2867,#2868);
#2866 = CARTESIAN_POINT('',(76.,-11.01807806183,39.225));
#2867 = DIRECTION('',(0.,-0.866025403784,-0.5));
#2868 = DIRECTION('',(0.,-0.5,0.866025403784));
#2869 = ADVANCED_FACE('',(#2870),#2881,.T.);
#2870 = FACE_BOUND('',#2871,.T.);
#2871 = EDGE_LOOP('',(#2872,#2878,#2879,#2880));
#2872 = ORIENTED_EDGE('',*,*,#2873,.T.);
#2873 = EDGE_CURVE('',#670,#2314,#2874,.T.);
#2874 = LINE('',#2875,#2876);
#2875 = CARTESIAN_POINT('',(76.,-13.09653903091,35.625));
#2876 = VECTOR('',#2877,1.);
#2877 = DIRECTION('',(1.,0.,0.));
#2878 = ORIENTED_EDGE('',*,*,#2321,.T.);
#2879 = ORIENTED_EDGE('',*,*,#2851,.F.);
#2880 = ORIENTED_EDGE('',*,*,#669,.F.);
#2881 = PLANE('',#2882);
#2882 = AXIS2_PLACEMENT_3D('',#2883,#2884,#2885);
#2883 = CARTESIAN_POINT('',(76.,-13.09653903091,35.625));
#2884 = DIRECTION('',(0.,-0.866025403784,0.5));
#2885 = DIRECTION('',(0.,0.5,0.866025403784));
#2886 = ADVANCED_FACE('',(#2887),#2898,.T.);
#2887 = FACE_BOUND('',#2888,.T.);
#2888 = EDGE_LOOP('',(#2889,#2890,#2891,#2897));
#2889 = ORIENTED_EDGE('',*,*,#2858,.T.);
#2890 = ORIENTED_EDGE('',*,*,#2289,.T.);
#2891 = ORIENTED_EDGE('',*,*,#2892,.F.);
#2892 = EDGE_CURVE('',#694,#2290,#2893,.T.);
#2893 = LINE('',#2894,#2895);
#2894 = CARTESIAN_POINT('',(76.,-17.25346096908,42.825));
#2895 = VECTOR('',#2896,1.);
#2896 = DIRECTION('',(1.,0.,0.));
#2897 = ORIENTED_EDGE('',*,*,#701,.F.);
#2898 = PLANE('',#2899);
#2899 = AXIS2_PLACEMENT_3D('',#2900,#2901,#2902);
#2900 = CARTESIAN_POINT('',(76.,-13.09653903091,42.825));
#2901 = DIRECTION('',(0.,0.,-1.));
#2902 = DIRECTION('',(0.,-1.,0.));
#2903 = ADVANCED_FACE('',(#2904),#2915,.T.);
#2904 = FACE_BOUND('',#2905,.T.);
#2905 = EDGE_LOOP('',(#2906,#2912,#2913,#2914));
#2906 = ORIENTED_EDGE('',*,*,#2907,.T.);
#2907 = EDGE_CURVE('',#678,#2306,#2908,.T.);
#2908 = LINE('',#2909,#2910);
#2909 = CARTESIAN_POINT('',(76.,-17.25346096908,35.625));
#2910 = VECTOR('',#2911,1.);
#2911 = DIRECTION('',(1.,0.,0.));
#2912 = ORIENTED_EDGE('',*,*,#2313,.T.);
#2913 = ORIENTED_EDGE('',*,*,#2873,.F.);
#2914 = ORIENTED_EDGE('',*,*,#677,.F.);
#2915 = PLANE('',#2916);
#2916 = AXIS2_PLACEMENT_3D('',#2917,#2918,#2919);
#2917 = CARTESIAN_POINT('',(76.,-17.25346096908,35.625));
#2918 = DIRECTION('',(0.,0.,1.));
#2919 = DIRECTION('',(0.,1.,0.));
#2920 = ADVANCED_FACE('',(#2921),#2932,.T.);
#2921 = FACE_BOUND('',#2922,.T.);
#2922 = EDGE_LOOP('',(#2923,#2924,#2925,#2931));
#2923 = ORIENTED_EDGE('',*,*,#2892,.T.);
#2924 = ORIENTED_EDGE('',*,*,#2297,.T.);
#2925 = ORIENTED_EDGE('',*,*,#2926,.F.);
#2926 = EDGE_CURVE('',#686,#2298,#2927,.T.);
#2927 = LINE('',#2928,#2929);
#2928 = CARTESIAN_POINT('',(76.,-19.33192193816,39.225));
#2929 = VECTOR('',#2930,1.);
#2930 = DIRECTION('',(1.,0.,0.));
#2931 = ORIENTED_EDGE('',*,*,#693,.F.);
#2932 = PLANE('',#2933);
#2933 = AXIS2_PLACEMENT_3D('',#2934,#2935,#2936);
#2934 = CARTESIAN_POINT('',(76.,-17.25346096908,42.825));
#2935 = DIRECTION('',(0.,0.866025403784,-0.5));
#2936 = DIRECTION('',(0.,-0.5,-0.866025403784));
#2937 = ADVANCED_FACE('',(#2938),#2944,.T.);
#2938 = FACE_BOUND('',#2939,.T.);
#2939 = EDGE_LOOP('',(#2940,#2941,#2942,#2943));
#2940 = ORIENTED_EDGE('',*,*,#2926,.T.);
#2941 = ORIENTED_EDGE('',*,*,#2305,.T.);
#2942 = ORIENTED_EDGE('',*,*,#2907,.F.);
#2943 = ORIENTED_EDGE('',*,*,#685,.F.);
#2944 = PLANE('',#2945);
#2945 = AXIS2_PLACEMENT_3D('',#2946,#2947,#2948);
#2946 = CARTESIAN_POINT('',(76.,-19.33192193816,39.225));
#2947 = DIRECTION('',(-0.,0.866025403784,0.5));
#2948 = DIRECTION('',(0.,0.5,-0.866025403784));
#2949 = ADVANCED_FACE('',(#2950),#2966,.T.);
#2950 = FACE_BOUND('',#2951,.T.);
#2951 = EDGE_LOOP('',(#2952,#2958,#2959,#2965));
#2952 = ORIENTED_EDGE('',*,*,#2953,.T.);
#2953 = EDGE_CURVE('',#560,#2339,#2954,.T.);
#2954 = LINE('',#2955,#2956);
#2955 = CARTESIAN_POINT('',(76.,19.331921938165,39.225));
#2956 = VECTOR('',#2957,1.);
#2957 = DIRECTION('',(1.,0.,0.));
#2958 = ORIENTED_EDGE('',*,*,#2338,.T.);
#2959 = ORIENTED_EDGE('',*,*,#2960,.F.);
#2960 = EDGE_CURVE('',#562,#2341,#2961,.T.);
#2961 = LINE('',#2962,#2963);
#2962 = CARTESIAN_POINT('',(76.,17.253460969083,42.825));
#2963 = VECTOR('',#2964,1.);
#2964 = DIRECTION('',(1.,0.,0.));
#2965 = ORIENTED_EDGE('',*,*,#559,.F.);
#2966 = PLANE('',#2967);
#2967 = AXIS2_PLACEMENT_3D('',#2968,#2969,#2970);
#2968 = CARTESIAN_POINT('',(76.,19.331921938165,39.225));
#2969 = DIRECTION('',(0.,-0.866025403784,-0.5));
#2970 = DIRECTION('',(0.,-0.5,0.866025403784));
#2971 = ADVANCED_FACE('',(#2972),#2983,.T.);
#2972 = FACE_BOUND('',#2973,.T.);
#2973 = EDGE_LOOP('',(#2974,#2980,#2981,#2982));
#2974 = ORIENTED_EDGE('',*,*,#2975,.T.);
#2975 = EDGE_CURVE('',#570,#2373,#2976,.T.);
#2976 = LINE('',#2977,#2978);
#2977 = CARTESIAN_POINT('',(76.,17.253460969083,35.625));
#2978 = VECTOR('',#2979,1.);
#2979 = DIRECTION('',(1.,0.,0.));
#2980 = ORIENTED_EDGE('',*,*,#2380,.T.);
#2981 = ORIENTED_EDGE('',*,*,#2953,.F.);
#2982 = ORIENTED_EDGE('',*,*,#569,.F.);
#2983 = PLANE('',#2984);
#2984 = AXIS2_PLACEMENT_3D('',#2985,#2986,#2987);
#2985 = CARTESIAN_POINT('',(76.,17.253460969083,35.625));
#2986 = DIRECTION('',(0.,-0.866025403784,0.5));
#2987 = DIRECTION('',(0.,0.5,0.866025403784));
#2988 = ADVANCED_FACE('',(#2989),#3000,.T.);
#2989 = FACE_BOUND('',#2990,.T.);
#2990 = EDGE_LOOP('',(#2991,#2992,#2993,#2999));
#2991 = ORIENTED_EDGE('',*,*,#2960,.T.);
#2992 = ORIENTED_EDGE('',*,*,#2348,.T.);
#2993 = ORIENTED_EDGE('',*,*,#2994,.F.);
#2994 = EDGE_CURVE('',#594,#2349,#2995,.T.);
#2995 = LINE('',#2996,#2997);
#2996 = CARTESIAN_POINT('',(76.,13.096539030917,42.825));
#2997 = VECTOR('',#2998,1.);
#2998 = DIRECTION('',(1.,0.,0.));
#2999 = ORIENTED_EDGE('',*,*,#601,.F.);
#3000 = PLANE('',#3001);
#3001 = AXIS2_PLACEMENT_3D('',#3002,#3003,#3004);
#3002 = CARTESIAN_POINT('',(76.,17.253460969083,42.825));
#3003 = DIRECTION('',(0.,0.,-1.));
#3004 = DIRECTION('',(0.,-1.,0.));
#3005 = ADVANCED_FACE('',(#3006),#3017,.T.);
#3006 = FACE_BOUND('',#3007,.T.);
#3007 = EDGE_LOOP('',(#3008,#3014,#3015,#3016));
#3008 = ORIENTED_EDGE('',*,*,#3009,.T.);
#3009 = EDGE_CURVE('',#578,#2365,#3010,.T.);
#3010 = LINE('',#3011,#3012);
#3011 = CARTESIAN_POINT('',(76.,13.096539030917,35.625));
#3012 = VECTOR('',#3013,1.);
#3013 = DIRECTION('',(1.,0.,0.));
#3014 = ORIENTED_EDGE('',*,*,#2372,.T.);
#3015 = ORIENTED_EDGE('',*,*,#2975,.F.);
#3016 = ORIENTED_EDGE('',*,*,#577,.F.);
#3017 = PLANE('',#3018);
#3018 = AXIS2_PLACEMENT_3D('',#3019,#3020,#3021);
#3019 = CARTESIAN_POINT('',(76.,13.096539030917,35.625));
#3020 = DIRECTION('',(0.,0.,1.));
#3021 = DIRECTION('',(0.,1.,0.));
#3022 = ADVANCED_FACE('',(#3023),#3034,.T.);
#3023 = FACE_BOUND('',#3024,.T.);
#3024 = EDGE_LOOP('',(#3025,#3026,#3027,#3033));
#3025 = ORIENTED_EDGE('',*,*,#2994,.T.);
#3026 = ORIENTED_EDGE('',*,*,#2356,.T.);
#3027 = ORIENTED_EDGE('',*,*,#3028,.F.);
#3028 = EDGE_CURVE('',#586,#2357,#3029,.T.);
#3029 = LINE('',#3030,#3031);
#3030 = CARTESIAN_POINT('',(76.,11.018078061835,39.225));
#3031 = VECTOR('',#3032,1.);
#3032 = DIRECTION('',(1.,0.,0.));
#3033 = ORIENTED_EDGE('',*,*,#593,.F.);
#3034 = PLANE('',#3035);
#3035 = AXIS2_PLACEMENT_3D('',#3036,#3037,#3038);
#3036 = CARTESIAN_POINT('',(76.,13.096539030917,42.825));
#3037 = DIRECTION('',(0.,0.866025403784,-0.5));
#3038 = DIRECTION('',(0.,-0.5,-0.866025403784));
#3039 = ADVANCED_FACE('',(#3040),#3046,.T.);
#3040 = FACE_BOUND('',#3041,.T.);
#3041 = EDGE_LOOP('',(#3042,#3043,#3044,#3045));
#3042 = ORIENTED_EDGE('',*,*,#3028,.T.);
#3043 = ORIENTED_EDGE('',*,*,#2364,.T.);
#3044 = ORIENTED_EDGE('',*,*,#3009,.F.);
#3045 = ORIENTED_EDGE('',*,*,#585,.F.);
#3046 = PLANE('',#3047);
#3047 = AXIS2_PLACEMENT_3D('',#3048,#3049,#3050);
#3048 = CARTESIAN_POINT('',(76.,11.018078061835,39.225));
#3049 = DIRECTION('',(-0.,0.866025403784,0.5));
#3050 = DIRECTION('',(0.,0.5,-0.866025403784));
#3051 = ADVANCED_FACE('',(#3052),#3068,.T.);
#3052 = FACE_BOUND('',#3053,.T.);
#3053 = EDGE_LOOP('',(#3054,#3060,#3061,#3067));
#3054 = ORIENTED_EDGE('',*,*,#3055,.T.);
#3055 = EDGE_CURVE('',#610,#2398,#3056,.T.);
#3056 = LINE('',#3057,#3058);
#3057 = CARTESIAN_POINT('',(76.,-11.01807806183,16.775));
#3058 = VECTOR('',#3059,1.);
#3059 = DIRECTION('',(1.,0.,0.));
#3060 = ORIENTED_EDGE('',*,*,#2397,.T.);
#3061 = ORIENTED_EDGE('',*,*,#3062,.F.);
#3062 = EDGE_CURVE('',#612,#2400,#3063,.T.);
#3063 = LINE('',#3064,#3065);
#3064 = CARTESIAN_POINT('',(76.,-13.09653903091,20.375));
#3065 = VECTOR('',#3066,1.);
#3066 = DIRECTION('',(1.,0.,0.));
#3067 = ORIENTED_EDGE('',*,*,#609,.F.);
#3068 = PLANE('',#3069);
#3069 = AXIS2_PLACEMENT_3D('',#3070,#3071,#3072);
#3070 = CARTESIAN_POINT('',(76.,-11.01807806183,16.775));
#3071 = DIRECTION('',(0.,-0.866025403784,-0.5));
#3072 = DIRECTION('',(0.,-0.5,0.866025403784));
#3073 = ADVANCED_FACE('',(#3074),#3085,.T.);
#3074 = FACE_BOUND('',#3075,.T.);
#3075 = EDGE_LOOP('',(#3076,#3082,#3083,#3084));
#3076 = ORIENTED_EDGE('',*,*,#3077,.T.);
#3077 = EDGE_CURVE('',#620,#2432,#3078,.T.);
#3078 = LINE('',#3079,#3080);
#3079 = CARTESIAN_POINT('',(76.,-13.09653903091,13.175));
#3080 = VECTOR('',#3081,1.);
#3081 = DIRECTION('',(1.,0.,0.));
#3082 = ORIENTED_EDGE('',*,*,#2439,.T.);
#3083 = ORIENTED_EDGE('',*,*,#3055,.F.);
#3084 = ORIENTED_EDGE('',*,*,#619,.F.);
#3085 = PLANE('',#3086);
#3086 = AXIS2_PLACEMENT_3D('',#3087,#3088,#3089);
#3087 = CARTESIAN_POINT('',(76.,-13.09653903091,13.175));
#3088 = DIRECTION('',(0.,-0.866025403784,0.5));
#3089 = DIRECTION('',(0.,0.5,0.866025403784));
#3090 = ADVANCED_FACE('',(#3091),#3102,.T.);
#3091 = FACE_BOUND('',#3092,.T.);
#3092 = EDGE_LOOP('',(#3093,#3094,#3095,#3101));
#3093 = ORIENTED_EDGE('',*,*,#3062,.T.);
#3094 = ORIENTED_EDGE('',*,*,#2407,.T.);
#3095 = ORIENTED_EDGE('',*,*,#3096,.F.);
#3096 = EDGE_CURVE('',#644,#2408,#3097,.T.);
#3097 = LINE('',#3098,#3099);
#3098 = CARTESIAN_POINT('',(76.,-17.25346096908,20.375));
#3099 = VECTOR('',#3100,1.);
#3100 = DIRECTION('',(1.,0.,0.));
#3101 = ORIENTED_EDGE('',*,*,#651,.F.);
#3102 = PLANE('',#3103);
#3103 = AXIS2_PLACEMENT_3D('',#3104,#3105,#3106);
#3104 = CARTESIAN_POINT('',(76.,-13.09653903091,20.375));
#3105 = DIRECTION('',(0.,0.,-1.));
#3106 = DIRECTION('',(0.,-1.,0.));
#3107 = ADVANCED_FACE('',(#3108),#3119,.T.);
#3108 = FACE_BOUND('',#3109,.T.);
#3109 = EDGE_LOOP('',(#3110,#3116,#3117,#3118));
#3110 = ORIENTED_EDGE('',*,*,#3111,.T.);
#3111 = EDGE_CURVE('',#628,#2424,#3112,.T.);
#3112 = LINE('',#3113,#3114);
#3113 = CARTESIAN_POINT('',(76.,-17.25346096908,13.175));
#3114 = VECTOR('',#3115,1.);
#3115 = DIRECTION('',(1.,0.,0.));
#3116 = ORIENTED_EDGE('',*,*,#2431,.T.);
#3117 = ORIENTED_EDGE('',*,*,#3077,.F.);
#3118 = ORIENTED_EDGE('',*,*,#627,.F.);
#3119 = PLANE('',#3120);
#3120 = AXIS2_PLACEMENT_3D('',#3121,#3122,#3123);
#3121 = CARTESIAN_POINT('',(76.,-17.25346096908,13.175));
#3122 = DIRECTION('',(0.,0.,1.));
#3123 = DIRECTION('',(0.,1.,0.));
#3124 = ADVANCED_FACE('',(#3125),#3136,.T.);
#3125 = FACE_BOUND('',#3126,.T.);
#3126 = EDGE_LOOP('',(#3127,#3128,#3129,#3135));
#3127 = ORIENTED_EDGE('',*,*,#3096,.T.);
#3128 = ORIENTED_EDGE('',*,*,#2415,.T.);
#3129 = ORIENTED_EDGE('',*,*,#3130,.F.);
#3130 = EDGE_CURVE('',#636,#2416,#3131,.T.);
#3131 = LINE('',#3132,#3133);
#3132 = CARTESIAN_POINT('',(76.,-19.33192193816,16.775));
#3133 = VECTOR('',#3134,1.);
#3134 = DIRECTION('',(1.,0.,0.));
#3135 = ORIENTED_EDGE('',*,*,#643,.F.);
#3136 = PLANE('',#3137);
#3137 = AXIS2_PLACEMENT_3D('',#3138,#3139,#3140);
#3138 = CARTESIAN_POINT('',(76.,-17.25346096908,20.375));
#3139 = DIRECTION('',(0.,0.866025403784,-0.5));
#3140 = DIRECTION('',(0.,-0.5,-0.866025403784));
#3141 = ADVANCED_FACE('',(#3142),#3148,.T.);
#3142 = FACE_BOUND('',#3143,.T.);
#3143 = EDGE_LOOP('',(#3144,#3145,#3146,#3147));
#3144 = ORIENTED_EDGE('',*,*,#3130,.T.);
#3145 = ORIENTED_EDGE('',*,*,#2423,.T.);
#3146 = ORIENTED_EDGE('',*,*,#3111,.F.);
#3147 = ORIENTED_EDGE('',*,*,#635,.F.);
#3148 = PLANE('',#3149);
#3149 = AXIS2_PLACEMENT_3D('',#3150,#3151,#3152);
#3150 = CARTESIAN_POINT('',(76.,-19.33192193816,16.775));
#3151 = DIRECTION('',(-0.,0.866025403784,0.5));
#3152 = DIRECTION('',(0.,0.5,-0.866025403784));
#3153 = ADVANCED_FACE('',(#3154),#3170,.T.);
#3154 = FACE_BOUND('',#3155,.T.);
#3155 = EDGE_LOOP('',(#3156,#3162,#3163,#3169));
#3156 = ORIENTED_EDGE('',*,*,#3157,.T.);
#3157 = EDGE_CURVE('',#499,#2457,#3158,.T.);
#3158 = LINE('',#3159,#3160);
#3159 = CARTESIAN_POINT('',(76.,19.331921938165,16.775));
#3160 = VECTOR('',#3161,1.);
#3161 = DIRECTION('',(1.,0.,0.));
#3162 = ORIENTED_EDGE('',*,*,#2456,.T.);
#3163 = ORIENTED_EDGE('',*,*,#3164,.F.);
#3164 = EDGE_CURVE('',#501,#2459,#3165,.T.);
#3165 = LINE('',#3166,#3167);
#3166 = CARTESIAN_POINT('',(76.,17.253460969083,20.375));
#3167 = VECTOR('',#3168,1.);
#3168 = DIRECTION('',(1.,0.,0.));
#3169 = ORIENTED_EDGE('',*,*,#498,.F.);
#3170 = PLANE('',#3171);
#3171 = AXIS2_PLACEMENT_3D('',#3172,#3173,#3174);
#3172 = CARTESIAN_POINT('',(76.,19.331921938165,16.775));
#3173 = DIRECTION('',(0.,-0.866025403784,-0.5));
#3174 = DIRECTION('',(0.,-0.5,0.866025403784));
#3175 = ADVANCED_FACE('',(#3176),#3187,.T.);
#3176 = FACE_BOUND('',#3177,.T.);
#3177 = EDGE_LOOP('',(#3178,#3184,#3185,#3186));
#3178 = ORIENTED_EDGE('',*,*,#3179,.T.);
#3179 = EDGE_CURVE('',#509,#2491,#3180,.T.);
#3180 = LINE('',#3181,#3182);
#3181 = CARTESIAN_POINT('',(76.,17.253460969083,13.175));
#3182 = VECTOR('',#3183,1.);
#3183 = DIRECTION('',(1.,0.,0.));
#3184 = ORIENTED_EDGE('',*,*,#2498,.T.);
#3185 = ORIENTED_EDGE('',*,*,#3157,.F.);
#3186 = ORIENTED_EDGE('',*,*,#508,.F.);
#3187 = PLANE('',#3188);
#3188 = AXIS2_PLACEMENT_3D('',#3189,#3190,#3191);
#3189 = CARTESIAN_POINT('',(76.,17.253460969083,13.175));
#3190 = DIRECTION('',(0.,-0.866025403784,0.5));
#3191 = DIRECTION('',(0.,0.5,0.866025403784));
#3192 = ADVANCED_FACE('',(#3193),#3204,.T.);
#3193 = FACE_BOUND('',#3194,.T.);
#3194 = EDGE_LOOP('',(#3195,#3196,#3197,#3203));
#3195 = ORIENTED_EDGE('',*,*,#3164,.T.);
#3196 = ORIENTED_EDGE('',*,*,#2466,.T.);
#3197 = ORIENTED_EDGE('',*,*,#3198,.F.);
#3198 = EDGE_CURVE('',#533,#2467,#3199,.T.);
#3199 = LINE('',#3200,#3201);
#3200 = CARTESIAN_POINT('',(76.,13.096539030917,20.375));
#3201 = VECTOR('',#3202,1.);
#3202 = DIRECTION('',(1.,0.,0.));
#3203 = ORIENTED_EDGE('',*,*,#540,.F.);
#3204 = PLANE('',#3205);
#3205 = AXIS2_PLACEMENT_3D('',#3206,#3207,#3208);
#3206 = CARTESIAN_POINT('',(76.,17.253460969083,20.375));
#3207 = DIRECTION('',(0.,0.,-1.));
#3208 = DIRECTION('',(0.,-1.,0.));
#3209 = ADVANCED_FACE('',(#3210),#3221,.T.);
#3210 = FACE_BOUND('',#3211,.T.);
#3211 = EDGE_LOOP('',(#3212,#3218,#3219,#3220));
#3212 = ORIENTED_EDGE('',*,*,#3213,.T.);
#3213 = EDGE_CURVE('',#517,#2483,#3214,.T.);
#3214 = LINE('',#3215,#3216);
#3215 = CARTESIAN_POINT('',(76.,13.096539030917,13.175));
#3216 = VECTOR('',#3217,1.);
#3217 = DIRECTION('',(1.,0.,0.));
#3218 = ORIENTED_EDGE('',*,*,#2490,.T.);
#3219 = ORIENTED_EDGE('',*,*,#3179,.F.);
#3220 = ORIENTED_EDGE('',*,*,#516,.F.);
#3221 = PLANE('',#3222);
#3222 = AXIS2_PLACEMENT_3D('',#3223,#3224,#3225);
#3223 = CARTESIAN_POINT('',(76.,13.096539030917,13.175));
#3224 = DIRECTION('',(0.,0.,1.));
#3225 = DIRECTION('',(0.,1.,0.));
#3226 = ADVANCED_FACE('',(#3227),#3238,.T.);
#3227 = FACE_BOUND('',#3228,.T.);
#3228 = EDGE_LOOP('',(#3229,#3230,#3231,#3237));
#3229 = ORIENTED_EDGE('',*,*,#3198,.T.);
#3230 = ORIENTED_EDGE('',*,*,#2474,.T.);
#3231 = ORIENTED_EDGE('',*,*,#3232,.F.);
#3232 = EDGE_CURVE('',#525,#2475,#3233,.T.);
#3233 = LINE('',#3234,#3235);
#3234 = CARTESIAN_POINT('',(76.,11.018078061835,16.775));
#3235 = VECTOR('',#3236,1.);
#3236 = DIRECTION('',(1.,0.,0.));
#3237 = ORIENTED_EDGE('',*,*,#532,.F.);
#3238 = PLANE('',#3239);
#3239 = AXIS2_PLACEMENT_3D('',#3240,#3241,#3242);
#3240 = CARTESIAN_POINT('',(76.,13.096539030917,20.375));
#3241 = DIRECTION('',(0.,0.866025403784,-0.5));
#3242 = DIRECTION('',(0.,-0.5,-0.866025403784));
#3243 = ADVANCED_FACE('',(#3244),#3250,.T.);
#3244 = FACE_BOUND('',#3245,.T.);
#3245 = EDGE_LOOP('',(#3246,#3247,#3248,#3249));
#3246 = ORIENTED_EDGE('',*,*,#3232,.T.);
#3247 = ORIENTED_EDGE('',*,*,#2482,.T.);
#3248 = ORIENTED_EDGE('',*,*,#3213,.F.);
#3249 = ORIENTED_EDGE('',*,*,#524,.F.);
#3250 = PLANE('',#3251);
#3251 = AXIS2_PLACEMENT_3D('',#3252,#3253,#3254);
#3252 = CARTESIAN_POINT('',(76.,11.018078061835,16.775));
#3253 = DIRECTION('',(-0.,0.866025403784,0.5));
#3254 = DIRECTION('',(0.,0.5,-0.866025403784));
#3255 = ADVANCED_FACE('',(#3256),#3272,.F.);
#3256 = FACE_BOUND('',#3257,.F.);
#3257 = EDGE_LOOP('',(#3258,#3264,#3265,#3271));
#3258 = ORIENTED_EDGE('',*,*,#3259,.T.);
#3259 = EDGE_CURVE('',#213,#2516,#3260,.T.);
#3260 = LINE('',#3261,#3262);
#3261 = CARTESIAN_POINT('',(-76.,19.331921938165,39.225));
#3262 = VECTOR('',#3263,1.);
#3263 = DIRECTION('',(-1.,0.,0.));
#3264 = ORIENTED_EDGE('',*,*,#2515,.T.);
#3265 = ORIENTED_EDGE('',*,*,#3266,.F.);
#3266 = EDGE_CURVE('',#215,#2518,#3267,.T.);
#3267 = LINE('',#3268,#3269);
#3268 = CARTESIAN_POINT('',(-76.,17.253460969083,42.825));
#3269 = VECTOR('',#3270,1.);
#3270 = DIRECTION('',(-1.,0.,0.));
#3271 = ORIENTED_EDGE('',*,*,#212,.F.);
#3272 = PLANE('',#3273);
#3273 = AXIS2_PLACEMENT_3D('',#3274,#3275,#3276);
#3274 = CARTESIAN_POINT('',(-76.,19.331921938165,39.225));
#3275 = DIRECTION('',(0.,0.866025403784,0.5));
#3276 = DIRECTION('',(0.,-0.5,0.866025403784));
#3277 = ADVANCED_FACE('',(#3278),#3289,.F.);
#3278 = FACE_BOUND('',#3279,.F.);
#3279 = EDGE_LOOP('',(#3280,#3286,#3287,#3288));
#3280 = ORIENTED_EDGE('',*,*,#3281,.T.);
#3281 = EDGE_CURVE('',#223,#2550,#3282,.T.);
#3282 = LINE('',#3283,#3284);
#3283 = CARTESIAN_POINT('',(-76.,17.253460969083,35.625));
#3284 = VECTOR('',#3285,1.);
#3285 = DIRECTION('',(-1.,0.,0.));
#3286 = ORIENTED_EDGE('',*,*,#2557,.T.);
#3287 = ORIENTED_EDGE('',*,*,#3259,.F.);
#3288 = ORIENTED_EDGE('',*,*,#222,.F.);
#3289 = PLANE('',#3290);
#3290 = AXIS2_PLACEMENT_3D('',#3291,#3292,#3293);
#3291 = CARTESIAN_POINT('',(-76.,17.253460969083,35.625));
#3292 = DIRECTION('',(0.,0.866025403784,-0.5));
#3293 = DIRECTION('',(0.,0.5,0.866025403784));
#3294 = ADVANCED_FACE('',(#3295),#3306,.F.);
#3295 = FACE_BOUND('',#3296,.F.);
#3296 = EDGE_LOOP('',(#3297,#3298,#3299,#3305));
#3297 = ORIENTED_EDGE('',*,*,#3266,.T.);
#3298 = ORIENTED_EDGE('',*,*,#2525,.T.);
#3299 = ORIENTED_EDGE('',*,*,#3300,.F.);
#3300 = EDGE_CURVE('',#247,#2526,#3301,.T.);
#3301 = LINE('',#3302,#3303);
#3302 = CARTESIAN_POINT('',(-76.,13.096539030917,42.825));
#3303 = VECTOR('',#3304,1.);
#3304 = DIRECTION('',(-1.,0.,0.));
#3305 = ORIENTED_EDGE('',*,*,#254,.F.);
#3306 = PLANE('',#3307);
#3307 = AXIS2_PLACEMENT_3D('',#3308,#3309,#3310);
#3308 = CARTESIAN_POINT('',(-76.,17.253460969083,42.825));
#3309 = DIRECTION('',(0.,0.,1.));
#3310 = DIRECTION('',(0.,-1.,0.));
#3311 = ADVANCED_FACE('',(#3312),#3323,.F.);
#3312 = FACE_BOUND('',#3313,.F.);
#3313 = EDGE_LOOP('',(#3314,#3320,#3321,#3322));
#3314 = ORIENTED_EDGE('',*,*,#3315,.T.);
#3315 = EDGE_CURVE('',#231,#2542,#3316,.T.);
#3316 = LINE('',#3317,#3318);
#3317 = CARTESIAN_POINT('',(-76.,13.096539030917,35.625));
#3318 = VECTOR('',#3319,1.);
#3319 = DIRECTION('',(-1.,0.,0.));
#3320 = ORIENTED_EDGE('',*,*,#2549,.T.);
#3321 = ORIENTED_EDGE('',*,*,#3281,.F.);
#3322 = ORIENTED_EDGE('',*,*,#230,.F.);
#3323 = PLANE('',#3324);
#3324 = AXIS2_PLACEMENT_3D('',#3325,#3326,#3327);
#3325 = CARTESIAN_POINT('',(-76.,13.096539030917,35.625));
#3326 = DIRECTION('',(0.,0.,-1.));
#3327 = DIRECTION('',(0.,1.,0.));
#3328 = ADVANCED_FACE('',(#3329),#3340,.F.);
#3329 = FACE_BOUND('',#3330,.F.);
#3330 = EDGE_LOOP('',(#3331,#3332,#3333,#3339));
#3331 = ORIENTED_EDGE('',*,*,#3300,.T.);
#3332 = ORIENTED_EDGE('',*,*,#2533,.T.);
#3333 = ORIENTED_EDGE('',*,*,#3334,.F.);
#3334 = EDGE_CURVE('',#239,#2534,#3335,.T.);
#3335 = LINE('',#3336,#3337);
#3336 = CARTESIAN_POINT('',(-76.,11.018078061835,39.225));
#3337 = VECTOR('',#3338,1.);
#3338 = DIRECTION('',(-1.,0.,0.));
#3339 = ORIENTED_EDGE('',*,*,#246,.F.);
#3340 = PLANE('',#3341);
#3341 = AXIS2_PLACEMENT_3D('',#3342,#3343,#3344);
#3342 = CARTESIAN_POINT('',(-76.,13.096539030917,42.825));
#3343 = DIRECTION('',(0.,-0.866025403784,0.5));
#3344 = DIRECTION('',(0.,-0.5,-0.866025403784));
#3345 = ADVANCED_FACE('',(#3346),#3352,.F.);
#3346 = FACE_BOUND('',#3347,.F.);
#3347 = EDGE_LOOP('',(#3348,#3349,#3350,#3351));
#3348 = ORIENTED_EDGE('',*,*,#3334,.T.);
#3349 = ORIENTED_EDGE('',*,*,#2541,.T.);
#3350 = ORIENTED_EDGE('',*,*,#3315,.F.);
#3351 = ORIENTED_EDGE('',*,*,#238,.F.);
#3352 = PLANE('',#3353);
#3353 = AXIS2_PLACEMENT_3D('',#3354,#3355,#3356);
#3354 = CARTESIAN_POINT('',(-76.,11.018078061835,39.225));
#3355 = DIRECTION('',(-0.,-0.866025403784,-0.5));
#3356 = DIRECTION('',(0.,0.5,-0.866025403784));
#3357 = ADVANCED_FACE('',(#3358),#3374,.F.);
#3358 = FACE_BOUND('',#3359,.F.);
#3359 = EDGE_LOOP('',(#3360,#3366,#3367,#3373));
#3360 = ORIENTED_EDGE('',*,*,#3361,.T.);
#3361 = EDGE_CURVE('',#313,#2575,#3362,.T.);
#3362 = LINE('',#3363,#3364);
#3363 = CARTESIAN_POINT('',(-76.,-11.01807806183,39.225));
#3364 = VECTOR('',#3365,1.);
#3365 = DIRECTION('',(-1.,0.,0.));
#3366 = ORIENTED_EDGE('',*,*,#2574,.T.);
#3367 = ORIENTED_EDGE('',*,*,#3368,.F.);
#3368 = EDGE_CURVE('',#315,#2577,#3369,.T.);
#3369 = LINE('',#3370,#3371);
#3370 = CARTESIAN_POINT('',(-76.,-13.09653903091,42.825));
#3371 = VECTOR('',#3372,1.);
#3372 = DIRECTION('',(-1.,0.,0.));
#3373 = ORIENTED_EDGE('',*,*,#312,.F.);
#3374 = PLANE('',#3375);
#3375 = AXIS2_PLACEMENT_3D('',#3376,#3377,#3378);
#3376 = CARTESIAN_POINT('',(-76.,-11.01807806183,39.225));
#3377 = DIRECTION('',(0.,0.866025403784,0.5));
#3378 = DIRECTION('',(0.,-0.5,0.866025403784));
#3379 = ADVANCED_FACE('',(#3380),#3391,.F.);
#3380 = FACE_BOUND('',#3381,.F.);
#3381 = EDGE_LOOP('',(#3382,#3388,#3389,#3390));
#3382 = ORIENTED_EDGE('',*,*,#3383,.T.);
#3383 = EDGE_CURVE('',#323,#2609,#3384,.T.);
#3384 = LINE('',#3385,#3386);
#3385 = CARTESIAN_POINT('',(-76.,-13.09653903091,35.625));
#3386 = VECTOR('',#3387,1.);
#3387 = DIRECTION('',(-1.,0.,0.));
#3388 = ORIENTED_EDGE('',*,*,#2616,.T.);
#3389 = ORIENTED_EDGE('',*,*,#3361,.F.);
#3390 = ORIENTED_EDGE('',*,*,#322,.F.);
#3391 = PLANE('',#3392);
#3392 = AXIS2_PLACEMENT_3D('',#3393,#3394,#3395);
#3393 = CARTESIAN_POINT('',(-76.,-13.09653903091,35.625));
#3394 = DIRECTION('',(0.,0.866025403784,-0.5));
#3395 = DIRECTION('',(0.,0.5,0.866025403784));
#3396 = ADVANCED_FACE('',(#3397),#3408,.F.);
#3397 = FACE_BOUND('',#3398,.F.);
#3398 = EDGE_LOOP('',(#3399,#3400,#3401,#3407));
#3399 = ORIENTED_EDGE('',*,*,#3368,.T.);
#3400 = ORIENTED_EDGE('',*,*,#2584,.T.);
#3401 = ORIENTED_EDGE('',*,*,#3402,.F.);
#3402 = EDGE_CURVE('',#347,#2585,#3403,.T.);
#3403 = LINE('',#3404,#3405);
#3404 = CARTESIAN_POINT('',(-76.,-17.25346096908,42.825));
#3405 = VECTOR('',#3406,1.);
#3406 = DIRECTION('',(-1.,0.,0.));
#3407 = ORIENTED_EDGE('',*,*,#354,.F.);
#3408 = PLANE('',#3409);
#3409 = AXIS2_PLACEMENT_3D('',#3410,#3411,#3412);
#3410 = CARTESIAN_POINT('',(-76.,-13.09653903091,42.825));
#3411 = DIRECTION('',(0.,0.,1.));
#3412 = DIRECTION('',(0.,-1.,0.));
#3413 = ADVANCED_FACE('',(#3414),#3425,.F.);
#3414 = FACE_BOUND('',#3415,.F.);
#3415 = EDGE_LOOP('',(#3416,#3422,#3423,#3424));
#3416 = ORIENTED_EDGE('',*,*,#3417,.T.);
#3417 = EDGE_CURVE('',#331,#2601,#3418,.T.);
#3418 = LINE('',#3419,#3420);
#3419 = CARTESIAN_POINT('',(-76.,-17.25346096908,35.625));
#3420 = VECTOR('',#3421,1.);
#3421 = DIRECTION('',(-1.,0.,0.));
#3422 = ORIENTED_EDGE('',*,*,#2608,.T.);
#3423 = ORIENTED_EDGE('',*,*,#3383,.F.);
#3424 = ORIENTED_EDGE('',*,*,#330,.F.);
#3425 = PLANE('',#3426);
#3426 = AXIS2_PLACEMENT_3D('',#3427,#3428,#3429);
#3427 = CARTESIAN_POINT('',(-76.,-17.25346096908,35.625));
#3428 = DIRECTION('',(0.,0.,-1.));
#3429 = DIRECTION('',(0.,1.,0.));
#3430 = ADVANCED_FACE('',(#3431),#3442,.F.);
#3431 = FACE_BOUND('',#3432,.F.);
#3432 = EDGE_LOOP('',(#3433,#3434,#3435,#3441));
#3433 = ORIENTED_EDGE('',*,*,#3402,.T.);
#3434 = ORIENTED_EDGE('',*,*,#2592,.T.);
#3435 = ORIENTED_EDGE('',*,*,#3436,.F.);
#3436 = EDGE_CURVE('',#339,#2593,#3437,.T.);
#3437 = LINE('',#3438,#3439);
#3438 = CARTESIAN_POINT('',(-76.,-19.33192193816,39.225));
#3439 = VECTOR('',#3440,1.);
#3440 = DIRECTION('',(-1.,0.,0.));
#3441 = ORIENTED_EDGE('',*,*,#346,.F.);
#3442 = PLANE('',#3443);
#3443 = AXIS2_PLACEMENT_3D('',#3444,#3445,#3446);
#3444 = CARTESIAN_POINT('',(-76.,-17.25346096908,42.825));
#3445 = DIRECTION('',(0.,-0.866025403784,0.5));
#3446 = DIRECTION('',(0.,-0.5,-0.866025403784));
#3447 = ADVANCED_FACE('',(#3448),#3454,.F.);
#3448 = FACE_BOUND('',#3449,.F.);
#3449 = EDGE_LOOP('',(#3450,#3451,#3452,#3453));
#3450 = ORIENTED_EDGE('',*,*,#3436,.T.);
#3451 = ORIENTED_EDGE('',*,*,#2600,.T.);
#3452 = ORIENTED_EDGE('',*,*,#3417,.F.);
#3453 = ORIENTED_EDGE('',*,*,#338,.F.);
#3454 = PLANE('',#3455);
#3455 = AXIS2_PLACEMENT_3D('',#3456,#3457,#3458);
#3456 = CARTESIAN_POINT('',(-76.,-19.33192193816,39.225));
#3457 = DIRECTION('',(-0.,-0.866025403784,-0.5));
#3458 = DIRECTION('',(0.,0.5,-0.866025403784));
#3459 = ADVANCED_FACE('',(#3460),#3476,.F.);
#3460 = FACE_BOUND('',#3461,.F.);
#3461 = EDGE_LOOP('',(#3462,#3468,#3469,#3475));
#3462 = ORIENTED_EDGE('',*,*,#3463,.T.);
#3463 = EDGE_CURVE('',#152,#2634,#3464,.T.);
#3464 = LINE('',#3465,#3466);
#3465 = CARTESIAN_POINT('',(-76.,19.331921938165,16.775));
#3466 = VECTOR('',#3467,1.);
#3467 = DIRECTION('',(-1.,0.,0.));
#3468 = ORIENTED_EDGE('',*,*,#2633,.T.);
#3469 = ORIENTED_EDGE('',*,*,#3470,.F.);
#3470 = EDGE_CURVE('',#154,#2636,#3471,.T.);
#3471 = LINE('',#3472,#3473);
#3472 = CARTESIAN_POINT('',(-76.,17.253460969083,20.375));
#3473 = VECTOR('',#3474,1.);
#3474 = DIRECTION('',(-1.,0.,0.));
#3475 = ORIENTED_EDGE('',*,*,#151,.F.);
#3476 = PLANE('',#3477);
#3477 = AXIS2_PLACEMENT_3D('',#3478,#3479,#3480);
#3478 = CARTESIAN_POINT('',(-76.,19.331921938165,16.775));
#3479 = DIRECTION('',(0.,0.866025403784,0.5));
#3480 = DIRECTION('',(0.,-0.5,0.866025403784));
#3481 = ADVANCED_FACE('',(#3482),#3493,.F.);
#3482 = FACE_BOUND('',#3483,.F.);
#3483 = EDGE_LOOP('',(#3484,#3490,#3491,#3492));
#3484 = ORIENTED_EDGE('',*,*,#3485,.T.);
#3485 = EDGE_CURVE('',#162,#2668,#3486,.T.);
#3486 = LINE('',#3487,#3488);
#3487 = CARTESIAN_POINT('',(-76.,17.253460969083,13.175));
#3488 = VECTOR('',#3489,1.);
#3489 = DIRECTION('',(-1.,0.,0.));
#3490 = ORIENTED_EDGE('',*,*,#2675,.T.);
#3491 = ORIENTED_EDGE('',*,*,#3463,.F.);
#3492 = ORIENTED_EDGE('',*,*,#161,.F.);
#3493 = PLANE('',#3494);
#3494 = AXIS2_PLACEMENT_3D('',#3495,#3496,#3497);
#3495 = CARTESIAN_POINT('',(-76.,17.253460969083,13.175));
#3496 = DIRECTION('',(0.,0.866025403784,-0.5));
#3497 = DIRECTION('',(0.,0.5,0.866025403784));
#3498 = ADVANCED_FACE('',(#3499),#3510,.F.);
#3499 = FACE_BOUND('',#3500,.F.);
#3500 = EDGE_LOOP('',(#3501,#3502,#3503,#3509));
#3501 = ORIENTED_EDGE('',*,*,#3470,.T.);
#3502 = ORIENTED_EDGE('',*,*,#2643,.T.);
#3503 = ORIENTED_EDGE('',*,*,#3504,.F.);
#3504 = EDGE_CURVE('',#186,#2644,#3505,.T.);
#3505 = LINE('',#3506,#3507);
#3506 = CARTESIAN_POINT('',(-76.,13.096539030917,20.375));
#3507 = VECTOR('',#3508,1.);
#3508 = DIRECTION('',(-1.,0.,0.));
#3509 = ORIENTED_EDGE('',*,*,#193,.F.);
#3510 = PLANE('',#3511);
#3511 = AXIS2_PLACEMENT_3D('',#3512,#3513,#3514);
#3512 = CARTESIAN_POINT('',(-76.,17.253460969083,20.375));
#3513 = DIRECTION('',(0.,0.,1.));
#3514 = DIRECTION('',(0.,-1.,0.));
#3515 = ADVANCED_FACE('',(#3516),#3527,.F.);
#3516 = FACE_BOUND('',#3517,.F.);
#3517 = EDGE_LOOP('',(#3518,#3524,#3525,#3526));
#3518 = ORIENTED_EDGE('',*,*,#3519,.T.);
#3519 = EDGE_CURVE('',#170,#2660,#3520,.T.);
#3520 = LINE('',#3521,#3522);
#3521 = CARTESIAN_POINT('',(-76.,13.096539030917,13.175));
#3522 = VECTOR('',#3523,1.);
#3523 = DIRECTION('',(-1.,0.,0.));
#3524 = ORIENTED_EDGE('',*,*,#2667,.T.);
#3525 = ORIENTED_EDGE('',*,*,#3485,.F.);
#3526 = ORIENTED_EDGE('',*,*,#169,.F.);
#3527 = PLANE('',#3528);
#3528 = AXIS2_PLACEMENT_3D('',#3529,#3530,#3531);
#3529 = CARTESIAN_POINT('',(-76.,13.096539030917,13.175));
#3530 = DIRECTION('',(0.,0.,-1.));
#3531 = DIRECTION('',(0.,1.,0.));
#3532 = ADVANCED_FACE('',(#3533),#3544,.F.);
#3533 = FACE_BOUND('',#3534,.F.);
#3534 = EDGE_LOOP('',(#3535,#3536,#3537,#3543));
#3535 = ORIENTED_EDGE('',*,*,#3504,.T.);
#3536 = ORIENTED_EDGE('',*,*,#2651,.T.);
#3537 = ORIENTED_EDGE('',*,*,#3538,.F.);
#3538 = EDGE_CURVE('',#178,#2652,#3539,.T.);
#3539 = LINE('',#3540,#3541);
#3540 = CARTESIAN_POINT('',(-76.,11.018078061835,16.775));
#3541 = VECTOR('',#3542,1.);
#3542 = DIRECTION('',(-1.,0.,0.));
#3543 = ORIENTED_EDGE('',*,*,#185,.F.);
#3544 = PLANE('',#3545);
#3545 = AXIS2_PLACEMENT_3D('',#3546,#3547,#3548);
#3546 = CARTESIAN_POINT('',(-76.,13.096539030917,20.375));
#3547 = DIRECTION('',(0.,-0.866025403784,0.5));
#3548 = DIRECTION('',(0.,-0.5,-0.866025403784));
#3549 = ADVANCED_FACE('',(#3550),#3556,.F.);
#3550 = FACE_BOUND('',#3551,.F.);
#3551 = EDGE_LOOP('',(#3552,#3553,#3554,#3555));
#3552 = ORIENTED_EDGE('',*,*,#3538,.T.);
#3553 = ORIENTED_EDGE('',*,*,#2659,.T.);
#3554 = ORIENTED_EDGE('',*,*,#3519,.F.);
#3555 = ORIENTED_EDGE('',*,*,#177,.F.);
#3556 = PLANE('',#3557);
#3557 = AXIS2_PLACEMENT_3D('',#3558,#3559,#3560);
#3558 = CARTESIAN_POINT('',(-76.,11.018078061835,16.775));
#3559 = DIRECTION('',(-0.,-0.866025403784,-0.5));
#3560 = DIRECTION('',(0.,0.5,-0.866025403784));
#3561 = ADVANCED_FACE('',(#3562),#3578,.F.);
#3562 = FACE_BOUND('',#3563,.F.);
#3563 = EDGE_LOOP('',(#3564,#3570,#3571,#3577));
#3564 = ORIENTED_EDGE('',*,*,#3565,.T.);
#3565 = EDGE_CURVE('',#263,#2693,#3566,.T.);
#3566 = LINE('',#3567,#3568);
#3567 = CARTESIAN_POINT('',(-76.,-11.01807806183,16.775));
#3568 = VECTOR('',#3569,1.);
#3569 = DIRECTION('',(-1.,0.,0.));
#3570 = ORIENTED_EDGE('',*,*,#2692,.T.);
#3571 = ORIENTED_EDGE('',*,*,#3572,.F.);
#3572 = EDGE_CURVE('',#265,#2695,#3573,.T.);
#3573 = LINE('',#3574,#3575);
#3574 = CARTESIAN_POINT('',(-76.,-13.09653903091,20.375));
#3575 = VECTOR('',#3576,1.);
#3576 = DIRECTION('',(-1.,0.,0.));
#3577 = ORIENTED_EDGE('',*,*,#262,.F.);
#3578 = PLANE('',#3579);
#3579 = AXIS2_PLACEMENT_3D('',#3580,#3581,#3582);
#3580 = CARTESIAN_POINT('',(-76.,-11.01807806183,16.775));
#3581 = DIRECTION('',(0.,0.866025403784,0.5));
#3582 = DIRECTION('',(0.,-0.5,0.866025403784));
#3583 = ADVANCED_FACE('',(#3584),#3595,.F.);
#3584 = FACE_BOUND('',#3585,.F.);
#3585 = EDGE_LOOP('',(#3586,#3592,#3593,#3594));
#3586 = ORIENTED_EDGE('',*,*,#3587,.T.);
#3587 = EDGE_CURVE('',#273,#2727,#3588,.T.);
#3588 = LINE('',#3589,#3590);
#3589 = CARTESIAN_POINT('',(-76.,-13.09653903091,13.175));
#3590 = VECTOR('',#3591,1.);
#3591 = DIRECTION('',(-1.,0.,0.));
#3592 = ORIENTED_EDGE('',*,*,#2734,.T.);
#3593 = ORIENTED_EDGE('',*,*,#3565,.F.);
#3594 = ORIENTED_EDGE('',*,*,#272,.F.);
#3595 = PLANE('',#3596);
#3596 = AXIS2_PLACEMENT_3D('',#3597,#3598,#3599);
#3597 = CARTESIAN_POINT('',(-76.,-13.09653903091,13.175));
#3598 = DIRECTION('',(0.,0.866025403784,-0.5));
#3599 = DIRECTION('',(0.,0.5,0.866025403784));
#3600 = ADVANCED_FACE('',(#3601),#3612,.F.);
#3601 = FACE_BOUND('',#3602,.F.);
#3602 = EDGE_LOOP('',(#3603,#3604,#3605,#3611));
#3603 = ORIENTED_EDGE('',*,*,#3572,.T.);
#3604 = ORIENTED_EDGE('',*,*,#2702,.T.);
#3605 = ORIENTED_EDGE('',*,*,#3606,.F.);
#3606 = EDGE_CURVE('',#297,#2703,#3607,.T.);
#3607 = LINE('',#3608,#3609);
#3608 = CARTESIAN_POINT('',(-76.,-17.25346096908,20.375));
#3609 = VECTOR('',#3610,1.);
#3610 = DIRECTION('',(-1.,0.,0.));
#3611 = ORIENTED_EDGE('',*,*,#304,.F.);
#3612 = PLANE('',#3613);
#3613 = AXIS2_PLACEMENT_3D('',#3614,#3615,#3616);
#3614 = CARTESIAN_POINT('',(-76.,-13.09653903091,20.375));
#3615 = DIRECTION('',(0.,0.,1.));
#3616 = DIRECTION('',(0.,-1.,0.));
#3617 = ADVANCED_FACE('',(#3618),#3629,.F.);
#3618 = FACE_BOUND('',#3619,.F.);
#3619 = EDGE_LOOP('',(#3620,#3626,#3627,#3628));
#3620 = ORIENTED_EDGE('',*,*,#3621,.T.);
#3621 = EDGE_CURVE('',#281,#2719,#3622,.T.);
#3622 = LINE('',#3623,#3624);
#3623 = CARTESIAN_POINT('',(-76.,-17.25346096908,13.175));
#3624 = VECTOR('',#3625,1.);
#3625 = DIRECTION('',(-1.,0.,0.));
#3626 = ORIENTED_EDGE('',*,*,#2726,.T.);
#3627 = ORIENTED_EDGE('',*,*,#3587,.F.);
#3628 = ORIENTED_EDGE('',*,*,#280,.F.);
#3629 = PLANE('',#3630);
#3630 = AXIS2_PLACEMENT_3D('',#3631,#3632,#3633);
#3631 = CARTESIAN_POINT('',(-76.,-17.25346096908,13.175));
#3632 = DIRECTION('',(0.,0.,-1.));
#3633 = DIRECTION('',(0.,1.,0.));
#3634 = ADVANCED_FACE('',(#3635),#3646,.F.);
#3635 = FACE_BOUND('',#3636,.F.);
#3636 = EDGE_LOOP('',(#3637,#3638,#3639,#3645));
#3637 = ORIENTED_EDGE('',*,*,#3606,.T.);
#3638 = ORIENTED_EDGE('',*,*,#2710,.T.);
#3639 = ORIENTED_EDGE('',*,*,#3640,.F.);
#3640 = EDGE_CURVE('',#289,#2711,#3641,.T.);
#3641 = LINE('',#3642,#3643);
#3642 = CARTESIAN_POINT('',(-76.,-19.33192193816,16.775));
#3643 = VECTOR('',#3644,1.);
#3644 = DIRECTION('',(-1.,0.,0.));
#3645 = ORIENTED_EDGE('',*,*,#296,.F.);
#3646 = PLANE('',#3647);
#3647 = AXIS2_PLACEMENT_3D('',#3648,#3649,#3650);
#3648 = CARTESIAN_POINT('',(-76.,-17.25346096908,20.375));
#3649 = DIRECTION('',(0.,-0.866025403784,0.5));
#3650 = DIRECTION('',(0.,-0.5,-0.866025403784));
#3651 = ADVANCED_FACE('',(#3652),#3658,.F.);
#3652 = FACE_BOUND('',#3653,.F.);
#3653 = EDGE_LOOP('',(#3654,#3655,#3656,#3657));
#3654 = ORIENTED_EDGE('',*,*,#3640,.T.);
#3655 = ORIENTED_EDGE('',*,*,#2718,.T.);
#3656 = ORIENTED_EDGE('',*,*,#3621,.F.);
#3657 = ORIENTED_EDGE('',*,*,#288,.F.);
#3658 = PLANE('',#3659);
#3659 = AXIS2_PLACEMENT_3D('',#3660,#3661,#3662);
#3660 = CARTESIAN_POINT('',(-76.,-19.33192193816,16.775));
#3661 = DIRECTION('',(-0.,-0.866025403784,-0.5));
#3662 = DIRECTION('',(0.,0.5,-0.866025403784));
#3663 = ADVANCED_FACE('',(#3664,#3667),#3678,.T.);
#3664 = FACE_BOUND('',#3665,.T.);
#3665 = EDGE_LOOP('',(#3666));
#3666 = ORIENTED_EDGE('',*,*,#2751,.T.);
#3667 = FACE_BOUND('',#3668,.T.);
#3668 = EDGE_LOOP('',(#3669));
#3669 = ORIENTED_EDGE('',*,*,#3670,.F.);
#3670 = EDGE_CURVE('',#3671,#3671,#3673,.T.);
#3671 = VERTEX_POINT('',#3672);
#3672 = CARTESIAN_POINT('',(-63.7,-30.,8.));
#3673 = CIRCLE('',#3674,1.3);
#3674 = AXIS2_PLACEMENT_3D('',#3675,#3676,#3677);
#3675 = CARTESIAN_POINT('',(-65.,-30.,8.));
#3676 = DIRECTION('',(0.,0.,1.));
#3677 = DIRECTION('',(1.,0.,-0.));
#3678 = PLANE('',#3679);
#3679 = AXIS2_PLACEMENT_3D('',#3680,#3681,#3682);
#3680 = CARTESIAN_POINT('',(-65.,-30.,8.));
#3681 = DIRECTION('',(0.,0.,1.));
#3682 = DIRECTION('',(1.,0.,-0.));
#3683 = ADVANCED_FACE('',(#3684,#3687),#3698,.T.);
#3684 = FACE_BOUND('',#3685,.T.);
#3685 = EDGE_LOOP('',(#3686));
#3686 = ORIENTED_EDGE('',*,*,#2776,.T.);
#3687 = FACE_BOUND('',#3688,.T.);
#3688 = EDGE_LOOP('',(#3689));
#3689 = ORIENTED_EDGE('',*,*,#3690,.F.);
#3690 = EDGE_CURVE('',#3691,#3691,#3693,.T.);
#3691 = VERTEX_POINT('',#3692);
#3692 = CARTESIAN_POINT('',(66.3,-30.,8.));
#3693 = CIRCLE('',#3694,1.3);
#3694 = AXIS2_PLACEMENT_3D('',#3695,#3696,#3697);
#3695 = CARTESIAN_POINT('',(65.,-30.,8.));
#3696 = DIRECTION('',(0.,0.,1.));
#3697 = DIRECTION('',(1.,0.,-0.));
#3698 = PLANE('',#3699);
#3699 = AXIS2_PLACEMENT_3D('',#3700,#3701,#3702);
#3700 = CARTESIAN_POINT('',(65.,-30.,8.));
#3701 = DIRECTION('',(0.,0.,1.));
#3702 = DIRECTION('',(1.,0.,-0.));
#3703 = ADVANCED_FACE('',(#3704,#3707),#3718,.T.);
#3704 = FACE_BOUND('',#3705,.T.);
#3705 = EDGE_LOOP('',(#3706));
#3706 = ORIENTED_EDGE('',*,*,#2801,.T.);
#3707 = FACE_BOUND('',#3708,.T.);
#3708 = EDGE_LOOP('',(#3709));
#3709 = ORIENTED_EDGE('',*,*,#3710,.F.);
#3710 = EDGE_CURVE('',#3711,#3711,#3713,.T.);
#3711 = VERTEX_POINT('',#3712);
#3712 = CARTESIAN_POINT('',(-63.7,30.,8.));
#3713 = CIRCLE('',#3714,1.3);
#3714 = AXIS2_PLACEMENT_3D('',#3715,#3716,#3717);
#3715 = CARTESIAN_POINT('',(-65.,30.,8.));
#3716 = DIRECTION('',(0.,0.,1.));
#3717 = DIRECTION('',(1.,0.,-0.));
#3718 = PLANE('',#3719);
#3719 = AXIS2_PLACEMENT_3D('',#3720,#3721,#3722);
#3720 = CARTESIAN_POINT('',(-65.,30.,8.));
#3721 = DIRECTION('',(0.,0.,1.));
#3722 = DIRECTION('',(1.,0.,-0.));
#3723 = ADVANCED_FACE('',(#3724,#3727),#3738,.T.);
#3724 = FACE_BOUND('',#3725,.T.);
#3725 = EDGE_LOOP('',(#3726));
#3726 = ORIENTED_EDGE('',*,*,#2826,.T.);
#3727 = FACE_BOUND('',#3728,.T.);
#3728 = EDGE_LOOP('',(#3729));
#3729 = ORIENTED_EDGE('',*,*,#3730,.F.);
#3730 = EDGE_CURVE('',#3731,#3731,#3733,.T.);
#3731 = VERTEX_POINT('',#3732);
#3732 = CARTESIAN_POINT('',(66.3,30.,8.));
#3733 = CIRCLE('',#3734,1.3);
#3734 = AXIS2_PLACEMENT_3D('',#3735,#3736,#3737);
#3735 = CARTESIAN_POINT('',(65.,30.,8.));
#3736 = DIRECTION('',(0.,0.,1.));
#3737 = DIRECTION('',(1.,0.,-0.));
#3738 = PLANE('',#3739);
#3739 = AXIS2_PLACEMENT_3D('',#3740,#3741,#3742);
#3740 = CARTESIAN_POINT('',(65.,30.,8.));
#3741 = DIRECTION('',(0.,0.,1.));
#3742 = DIRECTION('',(1.,0.,-0.));
#3743 = ADVANCED_FACE('',(#3744),#3763,.F.);
#3744 = FACE_BOUND('',#3745,.F.);
#3745 = EDGE_LOOP('',(#3746,#3747,#3755,#3762));
#3746 = ORIENTED_EDGE('',*,*,#3670,.F.);
#3747 = ORIENTED_EDGE('',*,*,#3748,.F.);
#3748 = EDGE_CURVE('',#3749,#3671,#3751,.T.);
#3749 = VERTEX_POINT('',#3750);
#3750 = CARTESIAN_POINT('',(-63.7,-30.,1.));
#3751 = LINE('',#3752,#3753);
#3752 = CARTESIAN_POINT('',(-63.7,-30.,1.));
#3753 = VECTOR('',#3754,1.);
#3754 = DIRECTION('',(0.,0.,1.));
#3755 = ORIENTED_EDGE('',*,*,#3756,.T.);
#3756 = EDGE_CURVE('',#3749,#3749,#3757,.T.);
#3757 = CIRCLE('',#3758,1.3);
#3758 = AXIS2_PLACEMENT_3D('',#3759,#3760,#3761);
#3759 = CARTESIAN_POINT('',(-65.,-30.,1.));
#3760 = DIRECTION('',(0.,0.,1.));
#3761 = DIRECTION('',(1.,0.,-0.));
#3762 = ORIENTED_EDGE('',*,*,#3748,.T.);
#3763 = CYLINDRICAL_SURFACE('',#3764,1.3);
#3764 = AXIS2_PLACEMENT_3D('',#3765,#3766,#3767);
#3765 = CARTESIAN_POINT('',(-65.,-30.,1.));
#3766 = DIRECTION('',(0.,0.,1.));
#3767 = DIRECTION('',(1.,0.,-0.));
#3768 = ADVANCED_FACE('',(#3769),#3788,.F.);
#3769 = FACE_BOUND('',#3770,.F.);
#3770 = EDGE_LOOP('',(#3771,#3772,#3780,#3787));
#3771 = ORIENTED_EDGE('',*,*,#3690,.F.);
#3772 = ORIENTED_EDGE('',*,*,#3773,.F.);
#3773 = EDGE_CURVE('',#3774,#3691,#3776,.T.);
#3774 = VERTEX_POINT('',#3775);
#3775 = CARTESIAN_POINT('',(66.3,-30.,1.));
#3776 = LINE('',#3777,#3778);
#3777 = CARTESIAN_POINT('',(66.3,-30.,1.));
#3778 = VECTOR('',#3779,1.);
#3779 = DIRECTION('',(0.,0.,1.));
#3780 = ORIENTED_EDGE('',*,*,#3781,.T.);
#3781 = EDGE_CURVE('',#3774,#3774,#3782,.T.);
#3782 = CIRCLE('',#3783,1.3);
#3783 = AXIS2_PLACEMENT_3D('',#3784,#3785,#3786);
#3784 = CARTESIAN_POINT('',(65.,-30.,1.));
#3785 = DIRECTION('',(0.,0.,1.));
#3786 = DIRECTION('',(1.,0.,-0.));
#3787 = ORIENTED_EDGE('',*,*,#3773,.T.);
#3788 = CYLINDRICAL_SURFACE('',#3789,1.3);
#3789 = AXIS2_PLACEMENT_3D('',#3790,#3791,#3792);
#3790 = CARTESIAN_POINT('',(65.,-30.,1.));
#3791 = DIRECTION('',(0.,0.,1.));
#3792 = DIRECTION('',(1.,0.,-0.));
#3793 = ADVANCED_FACE('',(#3794),#3813,.F.);
#3794 = FACE_BOUND('',#3795,.F.);
#3795 = EDGE_LOOP('',(#3796,#3797,#3805,#3812));
#3796 = ORIENTED_EDGE('',*,*,#3710,.F.);
#3797 = ORIENTED_EDGE('',*,*,#3798,.F.);
#3798 = EDGE_CURVE('',#3799,#3711,#3801,.T.);
#3799 = VERTEX_POINT('',#3800);
#3800 = CARTESIAN_POINT('',(-63.7,30.,1.));
#3801 = LINE('',#3802,#3803);
#3802 = CARTESIAN_POINT('',(-63.7,30.,1.));
#3803 = VECTOR('',#3804,1.);
#3804 = DIRECTION('',(0.,0.,1.));
#3805 = ORIENTED_EDGE('',*,*,#3806,.T.);
#3806 = EDGE_CURVE('',#3799,#3799,#3807,.T.);
#3807 = CIRCLE('',#3808,1.3);
#3808 = AXIS2_PLACEMENT_3D('',#3809,#3810,#3811);
#3809 = CARTESIAN_POINT('',(-65.,30.,1.));
#3810 = DIRECTION('',(0.,0.,1.));
#3811 = DIRECTION('',(1.,0.,-0.));
#3812 = ORIENTED_EDGE('',*,*,#3798,.T.);
#3813 = CYLINDRICAL_SURFACE('',#3814,1.3);
#3814 = AXIS2_PLACEMENT_3D('',#3815,#3816,#3817);
#3815 = CARTESIAN_POINT('',(-65.,30.,1.));
#3816 = DIRECTION('',(0.,0.,1.));
#3817 = DIRECTION('',(1.,0.,-0.));
#3818 = ADVANCED_FACE('',(#3819),#3838,.F.);
#3819 = FACE_BOUND('',#3820,.F.);
#3820 = EDGE_LOOP('',(#3821,#3822,#3830,#3837));
#3821 = ORIENTED_EDGE('',*,*,#3730,.F.);
#3822 = ORIENTED_EDGE('',*,*,#3823,.F.);
#3823 = EDGE_CURVE('',#3824,#3731,#3826,.T.);
#3824 = VERTEX_POINT('',#3825);
#3825 = CARTESIAN_POINT('',(66.3,30.,1.));
#3826 = LINE('',#3827,#3828);
#3827 = CARTESIAN_POINT('',(66.3,30.,1.));
#3828 = VECTOR('',#3829,1.);
#3829 = DIRECTION('',(0.,0.,1.));
#3830 = ORIENTED_EDGE('',*,*,#3831,.T.);
#3831 = EDGE_CURVE('',#3824,#3824,#3832,.T.);
#3832 = CIRCLE('',#3833,1.3);
#3833 = AXIS2_PLACEMENT_3D('',#3834,#3835,#3836);
#3834 = CARTESIAN_POINT('',(65.,30.,1.));
#3835 = DIRECTION('',(0.,0.,1.));
#3836 = DIRECTION('',(1.,0.,-0.));
#3837 = ORIENTED_EDGE('',*,*,#3823,.T.);
#3838 = CYLINDRICAL_SURFACE('',#3839,1.3);
#3839 = AXIS2_PLACEMENT_3D('',#3840,#3841,#3842);
#3840 = CARTESIAN_POINT('',(65.,30.,1.));
#3841 = DIRECTION('',(0.,0.,1.));
#3842 = DIRECTION('',(1.,0.,-0.));
#3843 = ADVANCED_FACE('',(#3844),#3847,.T.);
#3844 = FACE_BOUND('',#3845,.F.);
#3845 = EDGE_LOOP('',(#3846));
#3846 = ORIENTED_EDGE('',*,*,#3756,.F.);
#3847 = PLANE('',#3848);
#3848 = AXIS2_PLACEMENT_3D('',#3849,#3850,#3851);
#3849 = CARTESIAN_POINT('',(-65.,-30.,1.));
#3850 = DIRECTION('',(0.,0.,1.));
#3851 = DIRECTION('',(1.,0.,-0.));
#3852 = ADVANCED_FACE('',(#3853),#3856,.T.);
#3853 = FACE_BOUND('',#3854,.F.);
#3854 = EDGE_LOOP('',(#3855));
#3855 = ORIENTED_EDGE('',*,*,#3781,.F.);
#3856 = PLANE('',#3857);
#3857 = AXIS2_PLACEMENT_3D('',#3858,#3859,#3860);
#3858 = CARTESIAN_POINT('',(65.,-30.,1.));
#3859 = DIRECTION('',(0.,0.,1.));
#3860 = DIRECTION('',(1.,0.,-0.));
#3861 = ADVANCED_FACE('',(#3862),#3865,.T.);
#3862 = FACE_BOUND('',#3863,.F.);
#3863 = EDGE_LOOP('',(#3864));
#3864 = ORIENTED_EDGE('',*,*,#3806,.F.);
#3865 = PLANE('',#3866);
#3866 = AXIS2_PLACEMENT_3D('',#3867,#3868,#3869);
#3867 = CARTESIAN_POINT('',(-65.,30.,1.));
#3868 = DIRECTION('',(0.,0.,1.));
#3869 = DIRECTION('',(1.,0.,-0.));
#3870 = ADVANCED_FACE('',(#3871),#3874,.T.);
#3871 = FACE_BOUND('',#3872,.F.);
#3872 = EDGE_LOOP('',(#3873));
#3873 = ORIENTED_EDGE('',*,*,#3831,.F.);
#3874 = PLANE('',#3875);
#3875 = AXIS2_PLACEMENT_3D('',#3876,#3877,#3878);
#3876 = CARTESIAN_POINT('',(65.,30.,1.));
#3877 = DIRECTION('',(0.,0.,1.));
#3878 = DIRECTION('',(1.,0.,-0.));
#3879 = ADVANCED_FACE('',(#3880,#3890),#3896,.T.);
#3880 = FACE_BOUND('',#3881,.T.);
#3881 = EDGE_LOOP('',(#3882,#3883,#3884,#3885,#3886,#3887,#3888,#3889));
#3882 = ORIENTED_EDGE('',*,*,#1976,.F.);
#3883 = ORIENTED_EDGE('',*,*,#2059,.F.);
#3884 = ORIENTED_EDGE('',*,*,#2209,.F.);
#3885 = ORIENTED_EDGE('',*,*,#1537,.T.);
#3886 = ORIENTED_EDGE('',*,*,#891,.F.);
#3887 = ORIENTED_EDGE('',*,*,#883,.F.);
#3888 = ORIENTED_EDGE('',*,*,#873,.F.);
#3889 = ORIENTED_EDGE('',*,*,#1434,.F.);
#3890 = FACE_BOUND('',#3891,.T.);
#3891 = EDGE_LOOP('',(#3892,#3893,#3894,#3895));
#3892 = ORIENTED_EDGE('',*,*,#394,.F.);
#3893 = ORIENTED_EDGE('',*,*,#477,.T.);
#3894 = ORIENTED_EDGE('',*,*,#456,.T.);
#3895 = ORIENTED_EDGE('',*,*,#417,.F.);
#3896 = PLANE('',#3897);
#3897 = AXIS2_PLACEMENT_3D('',#3898,#3899,#3900);
#3898 = CARTESIAN_POINT('',(79.,0.,24.5));
#3899 = DIRECTION('',(-1.,-0.,-0.));
#3900 = DIRECTION('',(0.,0.,-1.));
#3901 = ADVANCED_FACE('',(#3902),#3914,.T.);
#3902 = FACE_BOUND('',#3903,.T.);
#3903 = EDGE_LOOP('',(#3904,#3905,#3906,#3907,#3908,#3909,#3910,#3911,
    #3912,#3913));
#3904 = ORIENTED_EDGE('',*,*,#2236,.F.);
#3905 = ORIENTED_EDGE('',*,*,#2080,.F.);
#3906 = ORIENTED_EDGE('',*,*,#2072,.F.);
#3907 = ORIENTED_EDGE('',*,*,#1983,.F.);
#3908 = ORIENTED_EDGE('',*,*,#1441,.T.);
#3909 = ORIENTED_EDGE('',*,*,#1006,.F.);
#3910 = ORIENTED_EDGE('',*,*,#998,.F.);
#3911 = ORIENTED_EDGE('',*,*,#990,.F.);
#3912 = ORIENTED_EDGE('',*,*,#982,.F.);
#3913 = ORIENTED_EDGE('',*,*,#1466,.F.);
#3914 = PLANE('',#3915);
#3915 = AXIS2_PLACEMENT_3D('',#3916,#3917,#3918);
#3916 = CARTESIAN_POINT('',(0.,44.,24.5));
#3917 = DIRECTION('',(-0.,-1.,-0.));
#3918 = DIRECTION('',(0.,0.,-1.));
#3919 = ADVANCED_FACE('',(#3920,#3930),#3936,.T.);
#3920 = FACE_BOUND('',#3921,.T.);
#3921 = EDGE_LOOP('',(#3922,#3923,#3924,#3925,#3926,#3927,#3928,#3929));
#3922 = ORIENTED_EDGE('',*,*,#2258,.F.);
#3923 = ORIENTED_EDGE('',*,*,#2008,.F.);
#3924 = ORIENTED_EDGE('',*,*,#2223,.F.);
#3925 = ORIENTED_EDGE('',*,*,#1473,.T.);
#3926 = ORIENTED_EDGE('',*,*,#965,.F.);
#3927 = ORIENTED_EDGE('',*,*,#957,.F.);
#3928 = ORIENTED_EDGE('',*,*,#949,.F.);
#3929 = ORIENTED_EDGE('',*,*,#1498,.F.);
#3930 = FACE_BOUND('',#3931,.T.);
#3931 = EDGE_LOOP('',(#3932,#3933,#3934,#3935));
#3932 = ORIENTED_EDGE('',*,*,#21,.F.);
#3933 = ORIENTED_EDGE('',*,*,#124,.T.);
#3934 = ORIENTED_EDGE('',*,*,#92,.T.);
#3935 = ORIENTED_EDGE('',*,*,#62,.F.);
#3936 = PLANE('',#3937);
#3937 = AXIS2_PLACEMENT_3D('',#3938,#3939,#3940);
#3938 = CARTESIAN_POINT('',(-79.,-1.818989403546E-15,24.5));
#3939 = DIRECTION('',(1.,0.,0.));
#3940 = DIRECTION('',(-0.,0.,1.));
#3941 = ADVANCED_FACE('',(#3942),#3954,.T.);
#3942 = FACE_BOUND('',#3943,.T.);
#3943 = EDGE_LOOP('',(#3944,#3945,#3946,#3947,#3948,#3949,#3950,#3951,
    #3952,#3953));
#3944 = ORIENTED_EDGE('',*,*,#2202,.F.);
#3945 = ORIENTED_EDGE('',*,*,#2042,.F.);
#3946 = ORIENTED_EDGE('',*,*,#2034,.F.);
#3947 = ORIENTED_EDGE('',*,*,#2265,.F.);
#3948 = ORIENTED_EDGE('',*,*,#1505,.T.);
#3949 = ORIENTED_EDGE('',*,*,#932,.F.);
#3950 = ORIENTED_EDGE('',*,*,#924,.F.);
#3951 = ORIENTED_EDGE('',*,*,#916,.F.);
#3952 = ORIENTED_EDGE('',*,*,#908,.F.);
#3953 = ORIENTED_EDGE('',*,*,#1530,.F.);
#3954 = PLANE('',#3955);
#3955 = AXIS2_PLACEMENT_3D('',#3956,#3957,#3958);
#3956 = CARTESIAN_POINT('',(1.166018848427E-15,-44.,24.5));
#3957 = DIRECTION('',(0.,1.,0.));
#3958 = DIRECTION('',(0.,-0.,1.));
#3959 = ADVANCED_FACE('',(#3960),#3984,.T.);
#3960 = FACE_BOUND('',#3961,.T.);
#3961 = EDGE_LOOP('',(#3962,#3963,#3964,#3969,#3976,#3983));
#3962 = ORIENTED_EDGE('',*,*,#1965,.T.);
#3963 = ORIENTED_EDGE('',*,*,#2065,.T.);
#3964 = ORIENTED_EDGE('',*,*,#3965,.T.);
#3965 = EDGE_CURVE('',#1966,#876,#3966,.T.);
#3966 = B_SPLINE_CURVE_WITH_KNOTS('',1,(#3967,#3968),.UNSPECIFIED.,.F.,
  .F.,(2,2),(0.,43.),.PIECEWISE_BEZIER_KNOTS.);
#3967 = CARTESIAN_POINT('',(79.,40.,3.));
#3968 = CARTESIAN_POINT('',(79.,40.,46.));
#3969 = ORIENTED_EDGE('',*,*,#3970,.F.);
#3970 = EDGE_CURVE('',#999,#876,#3971,.T.);
#3971 = CIRCLE('',#3972,4.);
#3972 = AXIS2_PLACEMENT_3D('',#3973,#3974,#3975);
#3973 = CARTESIAN_POINT('',(75.,40.,46.));
#3974 = DIRECTION('',(0.,0.,1.));
#3975 = DIRECTION('',(1.,0.,-0.));
#3976 = ORIENTED_EDGE('',*,*,#3977,.F.);
#3977 = EDGE_CURVE('',#876,#999,#3978,.T.);
#3978 = CIRCLE('',#3979,4.);
#3979 = AXIS2_PLACEMENT_3D('',#3980,#3981,#3982);
#3980 = CARTESIAN_POINT('',(75.,40.,46.));
#3981 = DIRECTION('',(0.,0.,1.));
#3982 = DIRECTION('',(1.,0.,-0.));
#3983 = ORIENTED_EDGE('',*,*,#3965,.F.);
#3984 = CYLINDRICAL_SURFACE('',#3985,4.);
#3985 = AXIS2_PLACEMENT_3D('',#3986,#3987,#3988);
#3986 = CARTESIAN_POINT('',(75.,40.,3.));
#3987 = DIRECTION('',(0.,0.,1.));
#3988 = DIRECTION('',(1.,0.,-0.));
#3989 = ADVANCED_FACE('',(#3990,#3994),#4005,.T.);
#3990 = FACE_BOUND('',#3991,.T.);
#3991 = EDGE_LOOP('',(#3992,#3993));
#3992 = ORIENTED_EDGE('',*,*,#3977,.T.);
#3993 = ORIENTED_EDGE('',*,*,#3970,.T.);
#3994 = FACE_BOUND('',#3995,.T.);
#3995 = EDGE_LOOP('',(#3996));
#3996 = ORIENTED_EDGE('',*,*,#3997,.F.);
#3997 = EDGE_CURVE('',#3998,#3998,#4000,.T.);
#3998 = VERTEX_POINT('',#3999);
#3999 = CARTESIAN_POINT('',(77.1,40.,46.));
#4000 = CIRCLE('',#4001,2.1);
#4001 = AXIS2_PLACEMENT_3D('',#4002,#4003,#4004);
#4002 = CARTESIAN_POINT('',(75.,40.,46.));
#4003 = DIRECTION('',(0.,0.,1.));
#4004 = DIRECTION('',(1.,0.,-0.));
#4005 = PLANE('',#4006);
#4006 = AXIS2_PLACEMENT_3D('',#4007,#4008,#4009);
#4007 = CARTESIAN_POINT('',(75.,40.,46.));
#4008 = DIRECTION('',(0.,0.,1.));
#4009 = DIRECTION('',(1.,0.,-0.));
#4010 = ADVANCED_FACE('',(#4011),#4030,.F.);
#4011 = FACE_BOUND('',#4012,.F.);
#4012 = EDGE_LOOP('',(#4013,#4014,#4022,#4029));
#4013 = ORIENTED_EDGE('',*,*,#3997,.F.);
#4014 = ORIENTED_EDGE('',*,*,#4015,.F.);
#4015 = EDGE_CURVE('',#4016,#3998,#4018,.T.);
#4016 = VERTEX_POINT('',#4017);
#4017 = CARTESIAN_POINT('',(77.1,40.,38.));
#4018 = LINE('',#4019,#4020);
#4019 = CARTESIAN_POINT('',(77.1,40.,38.));
#4020 = VECTOR('',#4021,1.);
#4021 = DIRECTION('',(0.,0.,1.));
#4022 = ORIENTED_EDGE('',*,*,#4023,.T.);
#4023 = EDGE_CURVE('',#4016,#4016,#4024,.T.);
#4024 = CIRCLE('',#4025,2.1);
#4025 = AXIS2_PLACEMENT_3D('',#4026,#4027,#4028);
#4026 = CARTESIAN_POINT('',(75.,40.,38.));
#4027 = DIRECTION('',(0.,0.,1.));
#4028 = DIRECTION('',(1.,0.,-0.));
#4029 = ORIENTED_EDGE('',*,*,#4015,.T.);
#4030 = CYLINDRICAL_SURFACE('',#4031,2.1);
#4031 = AXIS2_PLACEMENT_3D('',#4032,#4033,#4034);
#4032 = CARTESIAN_POINT('',(75.,40.,38.));
#4033 = DIRECTION('',(0.,0.,1.));
#4034 = DIRECTION('',(1.,0.,-0.));
#4035 = ADVANCED_FACE('',(#4036),#4039,.T.);
#4036 = FACE_BOUND('',#4037,.F.);
#4037 = EDGE_LOOP('',(#4038));
#4038 = ORIENTED_EDGE('',*,*,#4023,.F.);
#4039 = PLANE('',#4040);
#4040 = AXIS2_PLACEMENT_3D('',#4041,#4042,#4043);
#4041 = CARTESIAN_POINT('',(75.,40.,38.));
#4042 = DIRECTION('',(0.,0.,1.));
#4043 = DIRECTION('',(1.,0.,-0.));
#4044 = ADVANCED_FACE('',(#4045),#4069,.T.);
#4045 = FACE_BOUND('',#4046,.T.);
#4046 = EDGE_LOOP('',(#4047,#4048,#4053,#4060,#4067,#4068));
#4047 = ORIENTED_EDGE('',*,*,#2195,.T.);
#4048 = ORIENTED_EDGE('',*,*,#4049,.T.);
#4049 = EDGE_CURVE('',#2051,#884,#4050,.T.);
#4050 = B_SPLINE_CURVE_WITH_KNOTS('',1,(#4051,#4052),.UNSPECIFIED.,.F.,
  .F.,(2,2),(0.,43.),.PIECEWISE_BEZIER_KNOTS.);
#4051 = CARTESIAN_POINT('',(79.,-40.,3.));
#4052 = CARTESIAN_POINT('',(79.,-40.,46.));
#4053 = ORIENTED_EDGE('',*,*,#4054,.F.);
#4054 = EDGE_CURVE('',#909,#884,#4055,.T.);
#4055 = CIRCLE('',#4056,4.);
#4056 = AXIS2_PLACEMENT_3D('',#4057,#4058,#4059);
#4057 = CARTESIAN_POINT('',(75.,-40.,46.));
#4058 = DIRECTION('',(0.,0.,1.));
#4059 = DIRECTION('',(1.,0.,-0.));
#4060 = ORIENTED_EDGE('',*,*,#4061,.F.);
#4061 = EDGE_CURVE('',#884,#909,#4062,.T.);
#4062 = CIRCLE('',#4063,4.);
#4063 = AXIS2_PLACEMENT_3D('',#4064,#4065,#4066);
#4064 = CARTESIAN_POINT('',(75.,-40.,46.));
#4065 = DIRECTION('',(0.,0.,1.));
#4066 = DIRECTION('',(1.,0.,-0.));
#4067 = ORIENTED_EDGE('',*,*,#4049,.F.);
#4068 = ORIENTED_EDGE('',*,*,#2050,.T.);
#4069 = CYLINDRICAL_SURFACE('',#4070,4.);
#4070 = AXIS2_PLACEMENT_3D('',#4071,#4072,#4073);
#4071 = CARTESIAN_POINT('',(75.,-40.,3.));
#4072 = DIRECTION('',(0.,0.,1.));
#4073 = DIRECTION('',(1.,0.,-0.));
#4074 = ADVANCED_FACE('',(#4075,#4079),#4090,.T.);
#4075 = FACE_BOUND('',#4076,.T.);
#4076 = EDGE_LOOP('',(#4077,#4078));
#4077 = ORIENTED_EDGE('',*,*,#4061,.T.);
#4078 = ORIENTED_EDGE('',*,*,#4054,.T.);
#4079 = FACE_BOUND('',#4080,.T.);
#4080 = EDGE_LOOP('',(#4081));
#4081 = ORIENTED_EDGE('',*,*,#4082,.F.);
#4082 = EDGE_CURVE('',#4083,#4083,#4085,.T.);
#4083 = VERTEX_POINT('',#4084);
#4084 = CARTESIAN_POINT('',(77.1,-40.,46.));
#4085 = CIRCLE('',#4086,2.1);
#4086 = AXIS2_PLACEMENT_3D('',#4087,#4088,#4089);
#4087 = CARTESIAN_POINT('',(75.,-40.,46.));
#4088 = DIRECTION('',(0.,0.,1.));
#4089 = DIRECTION('',(1.,0.,-0.));
#4090 = PLANE('',#4091);
#4091 = AXIS2_PLACEMENT_3D('',#4092,#4093,#4094);
#4092 = CARTESIAN_POINT('',(75.,-40.,46.));
#4093 = DIRECTION('',(0.,0.,1.));
#4094 = DIRECTION('',(1.,0.,-0.));
#4095 = ADVANCED_FACE('',(#4096),#4115,.F.);
#4096 = FACE_BOUND('',#4097,.F.);
#4097 = EDGE_LOOP('',(#4098,#4099,#4107,#4114));
#4098 = ORIENTED_EDGE('',*,*,#4082,.F.);
#4099 = ORIENTED_EDGE('',*,*,#4100,.F.);
#4100 = EDGE_CURVE('',#4101,#4083,#4103,.T.);
#4101 = VERTEX_POINT('',#4102);
#4102 = CARTESIAN_POINT('',(77.1,-40.,38.));
#4103 = LINE('',#4104,#4105);
#4104 = CARTESIAN_POINT('',(77.1,-40.,38.));
#4105 = VECTOR('',#4106,1.);
#4106 = DIRECTION('',(0.,0.,1.));
#4107 = ORIENTED_EDGE('',*,*,#4108,.T.);
#4108 = EDGE_CURVE('',#4101,#4101,#4109,.T.);
#4109 = CIRCLE('',#4110,2.1);
#4110 = AXIS2_PLACEMENT_3D('',#4111,#4112,#4113);
#4111 = CARTESIAN_POINT('',(75.,-40.,38.));
#4112 = DIRECTION('',(0.,0.,1.));
#4113 = DIRECTION('',(1.,0.,-0.));
#4114 = ORIENTED_EDGE('',*,*,#4100,.T.);
#4115 = CYLINDRICAL_SURFACE('',#4116,2.1);
#4116 = AXIS2_PLACEMENT_3D('',#4117,#4118,#4119);
#4117 = CARTESIAN_POINT('',(75.,-40.,38.));
#4118 = DIRECTION('',(0.,0.,1.));
#4119 = DIRECTION('',(1.,0.,-0.));
#4120 = ADVANCED_FACE('',(#4121),#4124,.T.);
#4121 = FACE_BOUND('',#4122,.F.);
#4122 = EDGE_LOOP('',(#4123));
#4123 = ORIENTED_EDGE('',*,*,#4108,.F.);
#4124 = PLANE('',#4125);
#4125 = AXIS2_PLACEMENT_3D('',#4126,#4127,#4128);
#4126 = CARTESIAN_POINT('',(75.,-40.,38.));
#4127 = DIRECTION('',(0.,0.,1.));
#4128 = DIRECTION('',(1.,0.,-0.));
#4129 = ADVANCED_FACE('',(#4130),#4164,.T.);
#4130 = FACE_BOUND('',#4131,.T.);
#4131 = EDGE_LOOP('',(#4132,#4133,#4140,#4147,#4154,#4161,#4162,#4163));
#4132 = ORIENTED_EDGE('',*,*,#1997,.T.);
#4133 = ORIENTED_EDGE('',*,*,#4134,.T.);
#4134 = EDGE_CURVE('',#2000,#4135,#4137,.T.);
#4135 = VERTEX_POINT('',#4136);
#4136 = CARTESIAN_POINT('',(-71.,40.,46.));
#4137 = B_SPLINE_CURVE_WITH_KNOTS('',1,(#4138,#4139),.UNSPECIFIED.,.F.,
  .F.,(2,2),(0.,43.),.PIECEWISE_BEZIER_KNOTS.);
#4138 = CARTESIAN_POINT('',(-71.,40.,3.));
#4139 = CARTESIAN_POINT('',(-71.,40.,46.));
#4140 = ORIENTED_EDGE('',*,*,#4141,.F.);
#4141 = EDGE_CURVE('',#958,#4135,#4142,.T.);
#4142 = CIRCLE('',#4143,4.);
#4143 = AXIS2_PLACEMENT_3D('',#4144,#4145,#4146);
#4144 = CARTESIAN_POINT('',(-75.,40.,46.));
#4145 = DIRECTION('',(0.,0.,1.));
#4146 = DIRECTION('',(1.,0.,-0.));
#4147 = ORIENTED_EDGE('',*,*,#4148,.F.);
#4148 = EDGE_CURVE('',#983,#958,#4149,.T.);
#4149 = CIRCLE('',#4150,4.);
#4150 = AXIS2_PLACEMENT_3D('',#4151,#4152,#4153);
#4151 = CARTESIAN_POINT('',(-75.,40.,46.));
#4152 = DIRECTION('',(0.,0.,1.));
#4153 = DIRECTION('',(1.,0.,-0.));
#4154 = ORIENTED_EDGE('',*,*,#4155,.F.);
#4155 = EDGE_CURVE('',#4135,#983,#4156,.T.);
#4156 = CIRCLE('',#4157,4.);
#4157 = AXIS2_PLACEMENT_3D('',#4158,#4159,#4160);
#4158 = CARTESIAN_POINT('',(-75.,40.,46.));
#4159 = DIRECTION('',(0.,0.,1.));
#4160 = DIRECTION('',(1.,0.,-0.));
#4161 = ORIENTED_EDGE('',*,*,#4134,.F.);
#4162 = ORIENTED_EDGE('',*,*,#2088,.T.);
#4163 = ORIENTED_EDGE('',*,*,#2229,.T.);
#4164 = CYLINDRICAL_SURFACE('',#4165,4.);
#4165 = AXIS2_PLACEMENT_3D('',#4166,#4167,#4168);
#4166 = CARTESIAN_POINT('',(-75.,40.,3.));
#4167 = DIRECTION('',(0.,0.,1.));
#4168 = DIRECTION('',(1.,0.,-0.));
#4169 = ADVANCED_FACE('',(#4170,#4175),#4186,.T.);
#4170 = FACE_BOUND('',#4171,.T.);
#4171 = EDGE_LOOP('',(#4172,#4173,#4174));
#4172 = ORIENTED_EDGE('',*,*,#4155,.T.);
#4173 = ORIENTED_EDGE('',*,*,#4148,.T.);
#4174 = ORIENTED_EDGE('',*,*,#4141,.T.);
#4175 = FACE_BOUND('',#4176,.T.);
#4176 = EDGE_LOOP('',(#4177));
#4177 = ORIENTED_EDGE('',*,*,#4178,.F.);
#4178 = EDGE_CURVE('',#4179,#4179,#4181,.T.);
#4179 = VERTEX_POINT('',#4180);
#4180 = CARTESIAN_POINT('',(-72.9,40.,46.));
#4181 = CIRCLE('',#4182,2.1);
#4182 = AXIS2_PLACEMENT_3D('',#4183,#4184,#4185);
#4183 = CARTESIAN_POINT('',(-75.,40.,46.));
#4184 = DIRECTION('',(0.,0.,1.));
#4185 = DIRECTION('',(1.,0.,-0.));
#4186 = PLANE('',#4187);
#4187 = AXIS2_PLACEMENT_3D('',#4188,#4189,#4190);
#4188 = CARTESIAN_POINT('',(-75.,40.,46.));
#4189 = DIRECTION('',(0.,0.,1.));
#4190 = DIRECTION('',(1.,0.,-0.));
#4191 = ADVANCED_FACE('',(#4192),#4211,.F.);
#4192 = FACE_BOUND('',#4193,.F.);
#4193 = EDGE_LOOP('',(#4194,#4195,#4203,#4210));
#4194 = ORIENTED_EDGE('',*,*,#4178,.F.);
#4195 = ORIENTED_EDGE('',*,*,#4196,.F.);
#4196 = EDGE_CURVE('',#4197,#4179,#4199,.T.);
#4197 = VERTEX_POINT('',#4198);
#4198 = CARTESIAN_POINT('',(-72.9,40.,38.));
#4199 = LINE('',#4200,#4201);
#4200 = CARTESIAN_POINT('',(-72.9,40.,38.));
#4201 = VECTOR('',#4202,1.);
#4202 = DIRECTION('',(0.,0.,1.));
#4203 = ORIENTED_EDGE('',*,*,#4204,.T.);
#4204 = EDGE_CURVE('',#4197,#4197,#4205,.T.);
#4205 = CIRCLE('',#4206,2.1);
#4206 = AXIS2_PLACEMENT_3D('',#4207,#4208,#4209);
#4207 = CARTESIAN_POINT('',(-75.,40.,38.));
#4208 = DIRECTION('',(0.,0.,1.));
#4209 = DIRECTION('',(1.,0.,-0.));
#4210 = ORIENTED_EDGE('',*,*,#4196,.T.);
#4211 = CYLINDRICAL_SURFACE('',#4212,2.1);
#4212 = AXIS2_PLACEMENT_3D('',#4213,#4214,#4215);
#4213 = CARTESIAN_POINT('',(-75.,40.,38.));
#4214 = DIRECTION('',(0.,0.,1.));
#4215 = DIRECTION('',(1.,0.,-0.));
#4216 = ADVANCED_FACE('',(#4217),#4220,.T.);
#4217 = FACE_BOUND('',#4218,.F.);
#4218 = EDGE_LOOP('',(#4219));
#4219 = ORIENTED_EDGE('',*,*,#4204,.F.);
#4220 = PLANE('',#4221);
#4221 = AXIS2_PLACEMENT_3D('',#4222,#4223,#4224);
#4222 = CARTESIAN_POINT('',(-75.,40.,38.));
#4223 = DIRECTION('',(0.,0.,1.));
#4224 = DIRECTION('',(1.,0.,-0.));
#4225 = ADVANCED_FACE('',(#4226),#4252,.T.);
#4226 = FACE_BOUND('',#4227,.T.);
#4227 = EDGE_LOOP('',(#4228,#4229,#4230,#4237,#4244,#4251));
#4228 = ORIENTED_EDGE('',*,*,#2166,.T.);
#4229 = ORIENTED_EDGE('',*,*,#2157,.T.);
#4230 = ORIENTED_EDGE('',*,*,#4231,.T.);
#4231 = EDGE_CURVE('',#2158,#4232,#4234,.T.);
#4232 = VERTEX_POINT('',#4233);
#4233 = CARTESIAN_POINT('',(4.,40.,46.));
#4234 = B_SPLINE_CURVE_WITH_KNOTS('',1,(#4235,#4236),.UNSPECIFIED.,.F.,
  .F.,(2,2),(0.,43.),.PIECEWISE_BEZIER_KNOTS.);
#4235 = CARTESIAN_POINT('',(4.,40.,3.));
#4236 = CARTESIAN_POINT('',(4.,40.,46.));
#4237 = ORIENTED_EDGE('',*,*,#4238,.F.);
#4238 = EDGE_CURVE('',#991,#4232,#4239,.T.);
#4239 = CIRCLE('',#4240,4.);
#4240 = AXIS2_PLACEMENT_3D('',#4241,#4242,#4243);
#4241 = CARTESIAN_POINT('',(0.,40.,46.));
#4242 = DIRECTION('',(0.,0.,1.));
#4243 = DIRECTION('',(1.,0.,-0.));
#4244 = ORIENTED_EDGE('',*,*,#4245,.F.);
#4245 = EDGE_CURVE('',#4232,#991,#4246,.T.);
#4246 = CIRCLE('',#4247,4.);
#4247 = AXIS2_PLACEMENT_3D('',#4248,#4249,#4250);
#4248 = CARTESIAN_POINT('',(0.,40.,46.));
#4249 = DIRECTION('',(0.,0.,1.));
#4250 = DIRECTION('',(1.,0.,-0.));
#4251 = ORIENTED_EDGE('',*,*,#4231,.F.);
#4252 = CYLINDRICAL_SURFACE('',#4253,4.);
#4253 = AXIS2_PLACEMENT_3D('',#4254,#4255,#4256);
#4254 = CARTESIAN_POINT('',(0.,40.,3.));
#4255 = DIRECTION('',(0.,0.,1.));
#4256 = DIRECTION('',(1.,0.,-0.));
#4257 = ADVANCED_FACE('',(#4258,#4262),#4273,.T.);
#4258 = FACE_BOUND('',#4259,.T.);
#4259 = EDGE_LOOP('',(#4260,#4261));
#4260 = ORIENTED_EDGE('',*,*,#4245,.T.);
#4261 = ORIENTED_EDGE('',*,*,#4238,.T.);
#4262 = FACE_BOUND('',#4263,.T.);
#4263 = EDGE_LOOP('',(#4264));
#4264 = ORIENTED_EDGE('',*,*,#4265,.F.);
#4265 = EDGE_CURVE('',#4266,#4266,#4268,.T.);
#4266 = VERTEX_POINT('',#4267);
#4267 = CARTESIAN_POINT('',(2.1,40.,46.));
#4268 = CIRCLE('',#4269,2.1);
#4269 = AXIS2_PLACEMENT_3D('',#4270,#4271,#4272);
#4270 = CARTESIAN_POINT('',(0.,40.,46.));
#4271 = DIRECTION('',(0.,0.,1.));
#4272 = DIRECTION('',(1.,0.,-0.));
#4273 = PLANE('',#4274);
#4274 = AXIS2_PLACEMENT_3D('',#4275,#4276,#4277);
#4275 = CARTESIAN_POINT('',(0.,40.,46.));
#4276 = DIRECTION('',(0.,0.,1.));
#4277 = DIRECTION('',(1.,0.,-0.));
#4278 = ADVANCED_FACE('',(#4279),#4298,.F.);
#4279 = FACE_BOUND('',#4280,.F.);
#4280 = EDGE_LOOP('',(#4281,#4282,#4290,#4297));
#4281 = ORIENTED_EDGE('',*,*,#4265,.F.);
#4282 = ORIENTED_EDGE('',*,*,#4283,.F.);
#4283 = EDGE_CURVE('',#4284,#4266,#4286,.T.);
#4284 = VERTEX_POINT('',#4285);
#4285 = CARTESIAN_POINT('',(2.1,40.,38.));
#4286 = LINE('',#4287,#4288);
#4287 = CARTESIAN_POINT('',(2.1,40.,38.));
#4288 = VECTOR('',#4289,1.);
#4289 = DIRECTION('',(0.,0.,1.));
#4290 = ORIENTED_EDGE('',*,*,#4291,.T.);
#4291 = EDGE_CURVE('',#4284,#4284,#4292,.T.);
#4292 = CIRCLE('',#4293,2.1);
#4293 = AXIS2_PLACEMENT_3D('',#4294,#4295,#4296);
#4294 = CARTESIAN_POINT('',(0.,40.,38.));
#4295 = DIRECTION('',(0.,0.,1.));
#4296 = DIRECTION('',(1.,0.,-0.));
#4297 = ORIENTED_EDGE('',*,*,#4283,.T.);
#4298 = CYLINDRICAL_SURFACE('',#4299,2.1);
#4299 = AXIS2_PLACEMENT_3D('',#4300,#4301,#4302);
#4300 = CARTESIAN_POINT('',(0.,40.,38.));
#4301 = DIRECTION('',(0.,0.,1.));
#4302 = DIRECTION('',(1.,0.,-0.));
#4303 = ADVANCED_FACE('',(#4304),#4307,.T.);
#4304 = FACE_BOUND('',#4305,.F.);
#4305 = EDGE_LOOP('',(#4306));
#4306 = ORIENTED_EDGE('',*,*,#4291,.F.);
#4307 = PLANE('',#4308);
#4308 = AXIS2_PLACEMENT_3D('',#4309,#4310,#4311);
#4309 = CARTESIAN_POINT('',(0.,40.,38.));
#4310 = DIRECTION('',(0.,0.,1.));
#4311 = DIRECTION('',(1.,0.,-0.));
#4312 = ADVANCED_FACE('',(#4313),#4347,.T.);
#4313 = FACE_BOUND('',#4314,.T.);
#4314 = EDGE_LOOP('',(#4315,#4316,#4323,#4330,#4337,#4344,#4345,#4346));
#4315 = ORIENTED_EDGE('',*,*,#2025,.T.);
#4316 = ORIENTED_EDGE('',*,*,#4317,.T.);
#4317 = EDGE_CURVE('',#2017,#4318,#4320,.T.);
#4318 = VERTEX_POINT('',#4319);
#4319 = CARTESIAN_POINT('',(-71.,-40.,46.));
#4320 = B_SPLINE_CURVE_WITH_KNOTS('',1,(#4321,#4322),.UNSPECIFIED.,.F.,
  .F.,(2,2),(0.,43.),.PIECEWISE_BEZIER_KNOTS.);
#4321 = CARTESIAN_POINT('',(-71.,-40.,3.));
#4322 = CARTESIAN_POINT('',(-71.,-40.,46.));
#4323 = ORIENTED_EDGE('',*,*,#4324,.F.);
#4324 = EDGE_CURVE('',#925,#4318,#4325,.T.);
#4325 = CIRCLE('',#4326,4.);
#4326 = AXIS2_PLACEMENT_3D('',#4327,#4328,#4329);
#4327 = CARTESIAN_POINT('',(-75.,-40.,46.));
#4328 = DIRECTION('',(0.,0.,1.));
#4329 = DIRECTION('',(1.,0.,-0.));
#4330 = ORIENTED_EDGE('',*,*,#4331,.F.);
#4331 = EDGE_CURVE('',#950,#925,#4332,.T.);
#4332 = CIRCLE('',#4333,4.);
#4333 = AXIS2_PLACEMENT_3D('',#4334,#4335,#4336);
#4334 = CARTESIAN_POINT('',(-75.,-40.,46.));
#4335 = DIRECTION('',(0.,0.,1.));
#4336 = DIRECTION('',(1.,0.,-0.));
#4337 = ORIENTED_EDGE('',*,*,#4338,.F.);
#4338 = EDGE_CURVE('',#4318,#950,#4339,.T.);
#4339 = CIRCLE('',#4340,4.);
#4340 = AXIS2_PLACEMENT_3D('',#4341,#4342,#4343);
#4341 = CARTESIAN_POINT('',(-75.,-40.,46.));
#4342 = DIRECTION('',(0.,0.,1.));
#4343 = DIRECTION('',(1.,0.,-0.));
#4344 = ORIENTED_EDGE('',*,*,#4317,.F.);
#4345 = ORIENTED_EDGE('',*,*,#2016,.T.);
#4346 = ORIENTED_EDGE('',*,*,#2251,.T.);
#4347 = CYLINDRICAL_SURFACE('',#4348,4.);
#4348 = AXIS2_PLACEMENT_3D('',#4349,#4350,#4351);
#4349 = CARTESIAN_POINT('',(-75.,-40.,3.));
#4350 = DIRECTION('',(0.,0.,1.));
#4351 = DIRECTION('',(1.,0.,-0.));
#4352 = ADVANCED_FACE('',(#4353,#4358),#4369,.T.);
#4353 = FACE_BOUND('',#4354,.T.);
#4354 = EDGE_LOOP('',(#4355,#4356,#4357));
#4355 = ORIENTED_EDGE('',*,*,#4338,.T.);
#4356 = ORIENTED_EDGE('',*,*,#4331,.T.);
#4357 = ORIENTED_EDGE('',*,*,#4324,.T.);
#4358 = FACE_BOUND('',#4359,.T.);
#4359 = EDGE_LOOP('',(#4360));
#4360 = ORIENTED_EDGE('',*,*,#4361,.F.);
#4361 = EDGE_CURVE('',#4362,#4362,#4364,.T.);
#4362 = VERTEX_POINT('',#4363);
#4363 = CARTESIAN_POINT('',(-72.9,-40.,46.));
#4364 = CIRCLE('',#4365,2.1);
#4365 = AXIS2_PLACEMENT_3D('',#4366,#4367,#4368);
#4366 = CARTESIAN_POINT('',(-75.,-40.,46.));
#4367 = DIRECTION('',(0.,0.,1.));
#4368 = DIRECTION('',(1.,0.,-0.));
#4369 = PLANE('',#4370);
#4370 = AXIS2_PLACEMENT_3D('',#4371,#4372,#4373);
#4371 = CARTESIAN_POINT('',(-75.,-40.,46.));
#4372 = DIRECTION('',(0.,0.,1.));
#4373 = DIRECTION('',(1.,0.,-0.));
#4374 = ADVANCED_FACE('',(#4375),#4394,.F.);
#4375 = FACE_BOUND('',#4376,.F.);
#4376 = EDGE_LOOP('',(#4377,#4378,#4386,#4393));
#4377 = ORIENTED_EDGE('',*,*,#4361,.F.);
#4378 = ORIENTED_EDGE('',*,*,#4379,.F.);
#4379 = EDGE_CURVE('',#4380,#4362,#4382,.T.);
#4380 = VERTEX_POINT('',#4381);
#4381 = CARTESIAN_POINT('',(-72.9,-40.,38.));
#4382 = LINE('',#4383,#4384);
#4383 = CARTESIAN_POINT('',(-72.9,-40.,38.));
#4384 = VECTOR('',#4385,1.);
#4385 = DIRECTION('',(0.,0.,1.));
#4386 = ORIENTED_EDGE('',*,*,#4387,.T.);
#4387 = EDGE_CURVE('',#4380,#4380,#4388,.T.);
#4388 = CIRCLE('',#4389,2.1);
#4389 = AXIS2_PLACEMENT_3D('',#4390,#4391,#4392);
#4390 = CARTESIAN_POINT('',(-75.,-40.,38.));
#4391 = DIRECTION('',(0.,0.,1.));
#4392 = DIRECTION('',(1.,0.,-0.));
#4393 = ORIENTED_EDGE('',*,*,#4379,.T.);
#4394 = CYLINDRICAL_SURFACE('',#4395,2.1);
#4395 = AXIS2_PLACEMENT_3D('',#4396,#4397,#4398);
#4396 = CARTESIAN_POINT('',(-75.,-40.,38.));
#4397 = DIRECTION('',(0.,0.,1.));
#4398 = DIRECTION('',(1.,0.,-0.));
#4399 = ADVANCED_FACE('',(#4400),#4403,.T.);
#4400 = FACE_BOUND('',#4401,.F.);
#4401 = EDGE_LOOP('',(#4402));
#4402 = ORIENTED_EDGE('',*,*,#4387,.F.);
#4403 = PLANE('',#4404);
#4404 = AXIS2_PLACEMENT_3D('',#4405,#4406,#4407);
#4405 = CARTESIAN_POINT('',(-75.,-40.,38.));
#4406 = DIRECTION('',(0.,0.,1.));
#4407 = DIRECTION('',(1.,0.,-0.));
#4408 = ADVANCED_FACE('',(#4409),#4435,.T.);
#4409 = FACE_BOUND('',#4410,.T.);
#4410 = EDGE_LOOP('',(#4411,#4412,#4413,#4420,#4427,#4434));
#4411 = ORIENTED_EDGE('',*,*,#2120,.T.);
#4412 = ORIENTED_EDGE('',*,*,#2111,.T.);
#4413 = ORIENTED_EDGE('',*,*,#4414,.T.);
#4414 = EDGE_CURVE('',#2112,#4415,#4417,.T.);
#4415 = VERTEX_POINT('',#4416);
#4416 = CARTESIAN_POINT('',(4.,-40.,46.));
#4417 = B_SPLINE_CURVE_WITH_KNOTS('',1,(#4418,#4419),.UNSPECIFIED.,.F.,
  .F.,(2,2),(0.,43.),.PIECEWISE_BEZIER_KNOTS.);
#4418 = CARTESIAN_POINT('',(4.,-40.,3.));
#4419 = CARTESIAN_POINT('',(4.,-40.,46.));
#4420 = ORIENTED_EDGE('',*,*,#4421,.F.);
#4421 = EDGE_CURVE('',#917,#4415,#4422,.T.);
#4422 = CIRCLE('',#4423,4.);
#4423 = AXIS2_PLACEMENT_3D('',#4424,#4425,#4426);
#4424 = CARTESIAN_POINT('',(0.,-40.,46.));
#4425 = DIRECTION('',(0.,0.,1.));
#4426 = DIRECTION('',(1.,0.,-0.));
#4427 = ORIENTED_EDGE('',*,*,#4428,.F.);
#4428 = EDGE_CURVE('',#4415,#917,#4429,.T.);
#4429 = CIRCLE('',#4430,4.);
#4430 = AXIS2_PLACEMENT_3D('',#4431,#4432,#4433);
#4431 = CARTESIAN_POINT('',(0.,-40.,46.));
#4432 = DIRECTION('',(0.,0.,1.));
#4433 = DIRECTION('',(1.,0.,-0.));
#4434 = ORIENTED_EDGE('',*,*,#4414,.F.);
#4435 = CYLINDRICAL_SURFACE('',#4436,4.);
#4436 = AXIS2_PLACEMENT_3D('',#4437,#4438,#4439);
#4437 = CARTESIAN_POINT('',(0.,-40.,3.));
#4438 = DIRECTION('',(0.,0.,1.));
#4439 = DIRECTION('',(1.,0.,-0.));
#4440 = ADVANCED_FACE('',(#4441,#4445),#4456,.T.);
#4441 = FACE_BOUND('',#4442,.T.);
#4442 = EDGE_LOOP('',(#4443,#4444));
#4443 = ORIENTED_EDGE('',*,*,#4428,.T.);
#4444 = ORIENTED_EDGE('',*,*,#4421,.T.);
#4445 = FACE_BOUND('',#4446,.T.);
#4446 = EDGE_LOOP('',(#4447));
#4447 = ORIENTED_EDGE('',*,*,#4448,.F.);
#4448 = EDGE_CURVE('',#4449,#4449,#4451,.T.);
#4449 = VERTEX_POINT('',#4450);
#4450 = CARTESIAN_POINT('',(2.1,-40.,46.));
#4451 = CIRCLE('',#4452,2.1);
#4452 = AXIS2_PLACEMENT_3D('',#4453,#4454,#4455);
#4453 = CARTESIAN_POINT('',(0.,-40.,46.));
#4454 = DIRECTION('',(0.,0.,1.));
#4455 = DIRECTION('',(1.,0.,-0.));
#4456 = PLANE('',#4457);
#4457 = AXIS2_PLACEMENT_3D('',#4458,#4459,#4460);
#4458 = CARTESIAN_POINT('',(0.,-40.,46.));
#4459 = DIRECTION('',(0.,0.,1.));
#4460 = DIRECTION('',(1.,0.,-0.));
#4461 = ADVANCED_FACE('',(#4462),#4481,.F.);
#4462 = FACE_BOUND('',#4463,.F.);
#4463 = EDGE_LOOP('',(#4464,#4465,#4473,#4480));
#4464 = ORIENTED_EDGE('',*,*,#4448,.F.);
#4465 = ORIENTED_EDGE('',*,*,#4466,.F.);
#4466 = EDGE_CURVE('',#4467,#4449,#4469,.T.);
#4467 = VERTEX_POINT('',#4468);
#4468 = CARTESIAN_POINT('',(2.1,-40.,38.));
#4469 = LINE('',#4470,#4471);
#4470 = CARTESIAN_POINT('',(2.1,-40.,38.));
#4471 = VECTOR('',#4472,1.);
#4472 = DIRECTION('',(0.,0.,1.));
#4473 = ORIENTED_EDGE('',*,*,#4474,.T.);
#4474 = EDGE_CURVE('',#4467,#4467,#4475,.T.);
#4475 = CIRCLE('',#4476,2.1);
#4476 = AXIS2_PLACEMENT_3D('',#4477,#4478,#4479);
#4477 = CARTESIAN_POINT('',(0.,-40.,38.));
#4478 = DIRECTION('',(0.,0.,1.));
#4479 = DIRECTION('',(1.,0.,-0.));
#4480 = ORIENTED_EDGE('',*,*,#4466,.T.);
#4481 = CYLINDRICAL_SURFACE('',#4482,2.1);
#4482 = AXIS2_PLACEMENT_3D('',#4483,#4484,#4485);
#4483 = CARTESIAN_POINT('',(0.,-40.,38.));
#4484 = DIRECTION('',(0.,0.,1.));
#4485 = DIRECTION('',(1.,0.,-0.));
#4486 = ADVANCED_FACE('',(#4487),#4490,.T.);
#4487 = FACE_BOUND('',#4488,.F.);
#4488 = EDGE_LOOP('',(#4489));
#4489 = ORIENTED_EDGE('',*,*,#4474,.F.);
#4490 = PLANE('',#4491);
#4491 = AXIS2_PLACEMENT_3D('',#4492,#4493,#4494);
#4492 = CARTESIAN_POINT('',(0.,-40.,38.));
#4493 = DIRECTION('',(0.,0.,1.));
#4494 = DIRECTION('',(1.,0.,-0.));
#4495 = ( GEOMETRIC_REPRESENTATION_CONTEXT(3) 
GLOBAL_UNCERTAINTY_ASSIGNED_CONTEXT((#4499)) 
GLOBAL_UNIT_ASSIGNED_CONTEXT((#4496,#4497,#4498)) REPRESENTATION_CONTEXT
('Context #1','3D Context with UNIT and UNCERTAINTY') );
#4496 = ( LENGTH_UNIT() NAMED_UNIT(*) SI_UNIT(.MILLI.,.METRE.) );
#4497 = ( NAMED_UNIT(*) PLANE_ANGLE_UNIT() SI_UNIT($,.RADIAN.) );
#4498 = ( NAMED_UNIT(*) SI_UNIT($,.STERADIAN.) SOLID_ANGLE_UNIT() );
#4499 = UNCERTAINTY_MEASURE_WITH_UNIT(LENGTH_MEASURE(5.E-07),#4496,
  'distance_accuracy_value','confusion accuracy');
#4500 = PRODUCT_RELATED_PRODUCT_CATEGORY('part',$,(#7));
ENDSEC;
END-ISO-10303-21;
