ISO-10303-21;
HEADER;
FILE_DESCRIPTION(('FreeCAD Model'),'2;1');
FILE_NAME('Open CASCADE Shape Model','2026-09-20T22:45:42',('FreeCAD'),(
    'FreeCAD'),'Open CASCADE STEP processor 7.8','FreeCAD','Unknown');
FILE_SCHEMA(('AUTOMOTIVE_DESIGN { 1 0 10303 214 1 1 1 1 }'));
ENDSEC;
DATA;
#1 = APPLICATION_PROTOCOL_DEFINITION('international standard',
  'automotive_design',2000,#2);
#2 = APPLICATION_CONTEXT(
  'core data for automotive mechanical design processes');
#3 = SHAPE_DEFINITION_REPRESENTATION(#4,#10);
#4 = PRODUCT_DEFINITION_SHAPE('','',#5);
#5 = PRODUCT_DEFINITION('design','',#6,#9);
#6 = PRODUCT_DEFINITION_FORMATION('','',#7);
#7 = PRODUCT('Open CASCADE STEP translator 7.8 8',
  'Open CASCADE STEP translator 7.8 8','',(#8));
#8 = PRODUCT_CONTEXT('',#2,'mechanical');
#9 = PRODUCT_DEFINITION_CONTEXT('part definition',#2,'design');
#10 = ADVANCED_BREP_SHAPE_REPRESENTATION('',(#11,#15),#3304);
#11 = AXIS2_PLACEMENT_3D('',#12,#13,#14);
#12 = CARTESIAN_POINT('',(0.,0.,0.));
#13 = DIRECTION('',(0.,0.,1.));
#14 = DIRECTION('',(1.,0.,-0.));
#15 = MANIFOLD_SOLID_BREP('',#16);
#16 = CLOSED_SHELL('',(#17,#91,#333,#364,#395,#426,#457,#488,#519,#561,
    #592,#624,#655,#688,#712,#815,#832,#865,#1010,#1041,#1065,#1082,
    #1099,#1116,#1133,#1145,#1162,#1179,#1196,#1213,#1238,#1263,#1288,
    #1320,#1344,#1368,#1393,#1418,#1442,#1466,#1484,#1509,#1527,#1558,
    #1582,#1606,#1623,#1641,#1659,#1718,#1777,#1836,#2058,#2117,#2142,
    #2167,#2192,#2217,#2239,#2256,#2273,#2290,#2307,#2319,#2341,#2358,
    #2375,#2392,#2409,#2421,#2443,#2460,#2477,#2494,#2511,#2523,#2545,
    #2562,#2579,#2596,#2613,#2625,#2645,#2665,#2685,#2705,#2730,#2755,
    #2780,#2805,#2814,#2823,#2832,#2841,#3010,#3035,#3044,#3069,#3078,
    #3103,#3112,#3137,#3146,#3171,#3180,#3205,#3214,#3239,#3248,#3262,
    #3276,#3290));
#17 = ADVANCED_FACE('',(#18,#52),#86,.T.);
#18 = FACE_BOUND('',#19,.T.);
#19 = EDGE_LOOP('',(#20,#30,#38,#46));
#20 = ORIENTED_EDGE('',*,*,#21,.F.);
#21 = EDGE_CURVE('',#22,#24,#26,.T.);
#22 = VERTEX_POINT('',#23);
#23 = CARTESIAN_POINT('',(-79.,43.354248688935,3.));
#24 = VERTEX_POINT('',#25);
#25 = CARTESIAN_POINT('',(-79.,-43.35424868893,3.));
#26 = LINE('',#27,#28);
#27 = CARTESIAN_POINT('',(-79.,46.,3.));
#28 = VECTOR('',#29,1.);
#29 = DIRECTION('',(0.,-1.,0.));
#30 = ORIENTED_EDGE('',*,*,#31,.T.);
#31 = EDGE_CURVE('',#22,#32,#34,.T.);
#32 = VERTEX_POINT('',#33);
#33 = CARTESIAN_POINT('',(-79.,43.354248688935,48.));
#34 = LINE('',#35,#36);
#35 = CARTESIAN_POINT('',(-79.,43.354248688935,3.));
#36 = VECTOR('',#37,1.);
#37 = DIRECTION('',(0.,0.,1.));
#38 = ORIENTED_EDGE('',*,*,#39,.F.);
#39 = EDGE_CURVE('',#40,#32,#42,.T.);
#40 = VERTEX_POINT('',#41);
#41 = CARTESIAN_POINT('',(-79.,-43.35424868893,48.));
#42 = LINE('',#43,#44);
#43 = CARTESIAN_POINT('',(-79.,23.,48.));
#44 = VECTOR('',#45,1.);
#45 = DIRECTION('',(-0.,1.,0.));
#46 = ORIENTED_EDGE('',*,*,#47,.F.);
#47 = EDGE_CURVE('',#24,#40,#48,.T.);
#48 = LINE('',#49,#50);
#49 = CARTESIAN_POINT('',(-79.,-43.35424868893,3.));
#50 = VECTOR('',#51,1.);
#51 = DIRECTION('',(0.,0.,1.));
#52 = FACE_BOUND('',#53,.T.);
#53 = EDGE_LOOP('',(#54,#64,#72,#80));
#54 = ORIENTED_EDGE('',*,*,#55,.F.);
#55 = EDGE_CURVE('',#56,#58,#60,.T.);
#56 = VERTEX_POINT('',#57);
#57 = CARTESIAN_POINT('',(-79.,-29.495,8.345));
#58 = VERTEX_POINT('',#59);
#59 = CARTESIAN_POINT('',(-79.,29.495,8.345));
#60 = LINE('',#61,#62);
#61 = CARTESIAN_POINT('',(-79.,-29.495,8.345));
#62 = VECTOR('',#63,1.);
#63 = DIRECTION('',(-0.,1.,0.));
#64 = ORIENTED_EDGE('',*,*,#65,.T.);
#65 = EDGE_CURVE('',#56,#66,#68,.T.);
#66 = VERTEX_POINT('',#67);
#67 = CARTESIAN_POINT('',(-79.,-29.495,47.855));
#68 = LINE('',#69,#70);
#69 = CARTESIAN_POINT('',(-79.,-29.495,8.345));
#70 = VECTOR('',#71,1.);
#71 = DIRECTION('',(0.,0.,1.));
#72 = ORIENTED_EDGE('',*,*,#73,.T.);
#73 = EDGE_CURVE('',#66,#74,#76,.T.);
#74 = VERTEX_POINT('',#75);
#75 = CARTESIAN_POINT('',(-79.,29.495,47.855));
#76 = LINE('',#77,#78);
#77 = CARTESIAN_POINT('',(-79.,-29.495,47.855));
#78 = VECTOR('',#79,1.);
#79 = DIRECTION('',(-0.,1.,0.));
#80 = ORIENTED_EDGE('',*,*,#81,.F.);
#81 = EDGE_CURVE('',#58,#74,#82,.T.);
#82 = LINE('',#83,#84);
#83 = CARTESIAN_POINT('',(-79.,29.495,8.345));
#84 = VECTOR('',#85,1.);
#85 = DIRECTION('',(0.,0.,1.));
#86 = PLANE('',#87);
#87 = AXIS2_PLACEMENT_3D('',#88,#89,#90);
#88 = CARTESIAN_POINT('',(-79.,46.,3.));
#89 = DIRECTION('',(1.,0.,-0.));
#90 = DIRECTION('',(0.,-1.,0.));
#91 = ADVANCED_FACE('',(#92,#240,#251,#262,#273,#284,#295,#306,#317),
  #328,.T.);
#92 = FACE_BOUND('',#93,.T.);
#93 = EDGE_LOOP('',(#94,#103,#104,#113,#122,#130,#139,#148,#156,#165,
    #173,#182,#190,#199,#207,#216,#225,#233));
#94 = ORIENTED_EDGE('',*,*,#95,.F.);
#95 = EDGE_CURVE('',#22,#96,#98,.T.);
#96 = VERTEX_POINT('',#97);
#97 = CARTESIAN_POINT('',(-72.,46.,3.));
#98 = CIRCLE('',#99,4.);
#99 = AXIS2_PLACEMENT_3D('',#100,#101,#102);
#100 = CARTESIAN_POINT('',(-76.,46.,3.));
#101 = DIRECTION('',(0.,0.,1.));
#102 = DIRECTION('',(1.,0.,-0.));
#103 = ORIENTED_EDGE('',*,*,#21,.T.);
#104 = ORIENTED_EDGE('',*,*,#105,.F.);
#105 = EDGE_CURVE('',#106,#24,#108,.T.);
#106 = VERTEX_POINT('',#107);
#107 = CARTESIAN_POINT('',(-72.,-46.,3.));
#108 = CIRCLE('',#109,4.);
#109 = AXIS2_PLACEMENT_3D('',#110,#111,#112);
#110 = CARTESIAN_POINT('',(-76.,-46.,3.));
#111 = DIRECTION('',(0.,0.,1.));
#112 = DIRECTION('',(1.,0.,-0.));
#113 = ORIENTED_EDGE('',*,*,#114,.F.);
#114 = EDGE_CURVE('',#115,#106,#117,.T.);
#115 = VERTEX_POINT('',#116);
#116 = CARTESIAN_POINT('',(-73.35424868893,-49.,3.));
#117 = CIRCLE('',#118,4.);
#118 = AXIS2_PLACEMENT_3D('',#119,#120,#121);
#119 = CARTESIAN_POINT('',(-76.,-46.,3.));
#120 = DIRECTION('',(0.,0.,1.));
#121 = DIRECTION('',(1.,0.,-0.));
#122 = ORIENTED_EDGE('',*,*,#123,.T.);
#123 = EDGE_CURVE('',#115,#124,#126,.T.);
#124 = VERTEX_POINT('',#125);
#125 = CARTESIAN_POINT('',(-2.645751311065,-49.,3.));
#126 = LINE('',#127,#128);
#127 = CARTESIAN_POINT('',(-76.,-49.,3.));
#128 = VECTOR('',#129,1.);
#129 = DIRECTION('',(1.,0.,0.));
#130 = ORIENTED_EDGE('',*,*,#131,.F.);
#131 = EDGE_CURVE('',#132,#124,#134,.T.);
#132 = VERTEX_POINT('',#133);
#133 = CARTESIAN_POINT('',(4.,-46.,3.));
#134 = CIRCLE('',#135,4.);
#135 = AXIS2_PLACEMENT_3D('',#136,#137,#138);
#136 = CARTESIAN_POINT('',(0.,-46.,3.));
#137 = DIRECTION('',(0.,0.,1.));
#138 = DIRECTION('',(1.,0.,-0.));
#139 = ORIENTED_EDGE('',*,*,#140,.F.);
#140 = EDGE_CURVE('',#141,#132,#143,.T.);
#141 = VERTEX_POINT('',#142);
#142 = CARTESIAN_POINT('',(2.645751311064,-49.,3.));
#143 = CIRCLE('',#144,4.);
#144 = AXIS2_PLACEMENT_3D('',#145,#146,#147);
#145 = CARTESIAN_POINT('',(0.,-46.,3.));
#146 = DIRECTION('',(0.,0.,1.));
#147 = DIRECTION('',(1.,0.,-0.));
#148 = ORIENTED_EDGE('',*,*,#149,.T.);
#149 = EDGE_CURVE('',#141,#150,#152,.T.);
#150 = VERTEX_POINT('',#151);
#151 = CARTESIAN_POINT('',(73.354248688935,-49.,3.));
#152 = LINE('',#153,#154);
#153 = CARTESIAN_POINT('',(-76.,-49.,3.));
#154 = VECTOR('',#155,1.);
#155 = DIRECTION('',(1.,0.,0.));
#156 = ORIENTED_EDGE('',*,*,#157,.F.);
#157 = EDGE_CURVE('',#158,#150,#160,.T.);
#158 = VERTEX_POINT('',#159);
#159 = CARTESIAN_POINT('',(79.,-43.35424868893,3.));
#160 = CIRCLE('',#161,4.);
#161 = AXIS2_PLACEMENT_3D('',#162,#163,#164);
#162 = CARTESIAN_POINT('',(76.,-46.,3.));
#163 = DIRECTION('',(0.,0.,1.));
#164 = DIRECTION('',(1.,0.,-0.));
#165 = ORIENTED_EDGE('',*,*,#166,.T.);
#166 = EDGE_CURVE('',#158,#167,#169,.T.);
#167 = VERTEX_POINT('',#168);
#168 = CARTESIAN_POINT('',(79.,-2.645751311065,3.));
#169 = LINE('',#170,#171);
#170 = CARTESIAN_POINT('',(79.,-46.,3.));
#171 = VECTOR('',#172,1.);
#172 = DIRECTION('',(0.,1.,0.));
#173 = ORIENTED_EDGE('',*,*,#174,.F.);
#174 = EDGE_CURVE('',#175,#167,#177,.T.);
#175 = VERTEX_POINT('',#176);
#176 = CARTESIAN_POINT('',(79.,2.645751311065,3.));
#177 = CIRCLE('',#178,4.);
#178 = AXIS2_PLACEMENT_3D('',#179,#180,#181);
#179 = CARTESIAN_POINT('',(76.,0.,3.));
#180 = DIRECTION('',(0.,0.,1.));
#181 = DIRECTION('',(1.,0.,-0.));
#182 = ORIENTED_EDGE('',*,*,#183,.T.);
#183 = EDGE_CURVE('',#175,#184,#186,.T.);
#184 = VERTEX_POINT('',#185);
#185 = CARTESIAN_POINT('',(79.,43.354248688936,3.));
#186 = LINE('',#187,#188);
#187 = CARTESIAN_POINT('',(79.,-46.,3.));
#188 = VECTOR('',#189,1.);
#189 = DIRECTION('',(0.,1.,0.));
#190 = ORIENTED_EDGE('',*,*,#191,.F.);
#191 = EDGE_CURVE('',#192,#184,#194,.T.);
#192 = VERTEX_POINT('',#193);
#193 = CARTESIAN_POINT('',(73.354248688935,49.,3.));
#194 = CIRCLE('',#195,4.);
#195 = AXIS2_PLACEMENT_3D('',#196,#197,#198);
#196 = CARTESIAN_POINT('',(76.,46.,3.));
#197 = DIRECTION('',(0.,0.,1.));
#198 = DIRECTION('',(1.,0.,-0.));
#199 = ORIENTED_EDGE('',*,*,#200,.T.);
#200 = EDGE_CURVE('',#192,#201,#203,.T.);
#201 = VERTEX_POINT('',#202);
#202 = CARTESIAN_POINT('',(2.645751311064,49.,3.));
#203 = LINE('',#204,#205);
#204 = CARTESIAN_POINT('',(76.,49.,3.));
#205 = VECTOR('',#206,1.);
#206 = DIRECTION('',(-1.,0.,0.));
#207 = ORIENTED_EDGE('',*,*,#208,.F.);
#208 = EDGE_CURVE('',#209,#201,#211,.T.);
#209 = VERTEX_POINT('',#210);
#210 = CARTESIAN_POINT('',(4.,46.,3.));
#211 = CIRCLE('',#212,4.);
#212 = AXIS2_PLACEMENT_3D('',#213,#214,#215);
#213 = CARTESIAN_POINT('',(0.,46.,3.));
#214 = DIRECTION('',(0.,0.,1.));
#215 = DIRECTION('',(1.,0.,-0.));
#216 = ORIENTED_EDGE('',*,*,#217,.F.);
#217 = EDGE_CURVE('',#218,#209,#220,.T.);
#218 = VERTEX_POINT('',#219);
#219 = CARTESIAN_POINT('',(-2.645751311065,49.,3.));
#220 = CIRCLE('',#221,4.);
#221 = AXIS2_PLACEMENT_3D('',#222,#223,#224);
#222 = CARTESIAN_POINT('',(0.,46.,3.));
#223 = DIRECTION('',(0.,0.,1.));
#224 = DIRECTION('',(1.,0.,-0.));
#225 = ORIENTED_EDGE('',*,*,#226,.T.);
#226 = EDGE_CURVE('',#218,#227,#229,.T.);
#227 = VERTEX_POINT('',#228);
#228 = CARTESIAN_POINT('',(-73.35424868893,49.,3.));
#229 = LINE('',#230,#231);
#230 = CARTESIAN_POINT('',(76.,49.,3.));
#231 = VECTOR('',#232,1.);
#232 = DIRECTION('',(-1.,0.,0.));
#233 = ORIENTED_EDGE('',*,*,#234,.F.);
#234 = EDGE_CURVE('',#96,#227,#235,.T.);
#235 = CIRCLE('',#236,4.);
#236 = AXIS2_PLACEMENT_3D('',#237,#238,#239);
#237 = CARTESIAN_POINT('',(-76.,46.,3.));
#238 = DIRECTION('',(0.,0.,1.));
#239 = DIRECTION('',(1.,0.,-0.));
#240 = FACE_BOUND('',#241,.T.);
#241 = EDGE_LOOP('',(#242));
#242 = ORIENTED_EDGE('',*,*,#243,.F.);
#243 = EDGE_CURVE('',#244,#244,#246,.T.);
#244 = VERTEX_POINT('',#245);
#245 = CARTESIAN_POINT('',(-52.75,-44.5,3.));
#246 = CIRCLE('',#247,2.25);
#247 = AXIS2_PLACEMENT_3D('',#248,#249,#250);
#248 = CARTESIAN_POINT('',(-55.,-44.5,3.));
#249 = DIRECTION('',(0.,0.,1.));
#250 = DIRECTION('',(1.,0.,-0.));
#251 = FACE_BOUND('',#252,.T.);
#252 = EDGE_LOOP('',(#253));
#253 = ORIENTED_EDGE('',*,*,#254,.F.);
#254 = EDGE_CURVE('',#255,#255,#257,.T.);
#255 = VERTEX_POINT('',#256);
#256 = CARTESIAN_POINT('',(-61.5,-30.,3.));
#257 = CIRCLE('',#258,3.5);
#258 = AXIS2_PLACEMENT_3D('',#259,#260,#261);
#259 = CARTESIAN_POINT('',(-65.,-30.,3.));
#260 = DIRECTION('',(0.,0.,1.));
#261 = DIRECTION('',(1.,0.,-0.));
#262 = FACE_BOUND('',#263,.T.);
#263 = EDGE_LOOP('',(#264));
#264 = ORIENTED_EDGE('',*,*,#265,.F.);
#265 = EDGE_CURVE('',#266,#266,#268,.T.);
#266 = VERTEX_POINT('',#267);
#267 = CARTESIAN_POINT('',(57.25,-44.5,3.));
#268 = CIRCLE('',#269,2.25);
#269 = AXIS2_PLACEMENT_3D('',#270,#271,#272);
#270 = CARTESIAN_POINT('',(55.,-44.5,3.));
#271 = DIRECTION('',(0.,0.,1.));
#272 = DIRECTION('',(1.,0.,-0.));
#273 = FACE_BOUND('',#274,.T.);
#274 = EDGE_LOOP('',(#275));
#275 = ORIENTED_EDGE('',*,*,#276,.F.);
#276 = EDGE_CURVE('',#277,#277,#279,.T.);
#277 = VERTEX_POINT('',#278);
#278 = CARTESIAN_POINT('',(68.5,-30.,3.));
#279 = CIRCLE('',#280,3.5);
#280 = AXIS2_PLACEMENT_3D('',#281,#282,#283);
#281 = CARTESIAN_POINT('',(65.,-30.,3.));
#282 = DIRECTION('',(0.,0.,1.));
#283 = DIRECTION('',(1.,0.,-0.));
#284 = FACE_BOUND('',#285,.T.);
#285 = EDGE_LOOP('',(#286));
#286 = ORIENTED_EDGE('',*,*,#287,.F.);
#287 = EDGE_CURVE('',#288,#288,#290,.T.);
#288 = VERTEX_POINT('',#289);
#289 = CARTESIAN_POINT('',(-61.5,30.,3.));
#290 = CIRCLE('',#291,3.5);
#291 = AXIS2_PLACEMENT_3D('',#292,#293,#294);
#292 = CARTESIAN_POINT('',(-65.,30.,3.));
#293 = DIRECTION('',(0.,0.,1.));
#294 = DIRECTION('',(1.,0.,-0.));
#295 = FACE_BOUND('',#296,.T.);
#296 = EDGE_LOOP('',(#297));
#297 = ORIENTED_EDGE('',*,*,#298,.F.);
#298 = EDGE_CURVE('',#299,#299,#301,.T.);
#299 = VERTEX_POINT('',#300);
#300 = CARTESIAN_POINT('',(-52.75,44.5,3.));
#301 = CIRCLE('',#302,2.25);
#302 = AXIS2_PLACEMENT_3D('',#303,#304,#305);
#303 = CARTESIAN_POINT('',(-55.,44.5,3.));
#304 = DIRECTION('',(0.,0.,1.));
#305 = DIRECTION('',(1.,0.,-0.));
#306 = FACE_BOUND('',#307,.T.);
#307 = EDGE_LOOP('',(#308));
#308 = ORIENTED_EDGE('',*,*,#309,.F.);
#309 = EDGE_CURVE('',#310,#310,#312,.T.);
#310 = VERTEX_POINT('',#311);
#311 = CARTESIAN_POINT('',(68.5,30.,3.));
#312 = CIRCLE('',#313,3.5);
#313 = AXIS2_PLACEMENT_3D('',#314,#315,#316);
#314 = CARTESIAN_POINT('',(65.,30.,3.));
#315 = DIRECTION('',(0.,0.,1.));
#316 = DIRECTION('',(1.,0.,-0.));
#317 = FACE_BOUND('',#318,.T.);
#318 = EDGE_LOOP('',(#319));
#319 = ORIENTED_EDGE('',*,*,#320,.F.);
#320 = EDGE_CURVE('',#321,#321,#323,.T.);
#321 = VERTEX_POINT('',#322);
#322 = CARTESIAN_POINT('',(57.25,44.5,3.));
#323 = CIRCLE('',#324,2.25);
#324 = AXIS2_PLACEMENT_3D('',#325,#326,#327);
#325 = CARTESIAN_POINT('',(55.,44.5,3.));
#326 = DIRECTION('',(0.,0.,1.));
#327 = DIRECTION('',(1.,0.,-0.));
#328 = PLANE('',#329);
#329 = AXIS2_PLACEMENT_3D('',#330,#331,#332);
#330 = CARTESIAN_POINT('',(0.,0.,3.));
#331 = DIRECTION('',(0.,0.,1.));
#332 = DIRECTION('',(1.,0.,-0.));
#333 = ADVANCED_FACE('',(#334),#359,.T.);
#334 = FACE_BOUND('',#335,.T.);
#335 = EDGE_LOOP('',(#336,#337,#345,#353));
#336 = ORIENTED_EDGE('',*,*,#226,.F.);
#337 = ORIENTED_EDGE('',*,*,#338,.T.);
#338 = EDGE_CURVE('',#218,#339,#341,.T.);
#339 = VERTEX_POINT('',#340);
#340 = CARTESIAN_POINT('',(-2.645751311065,49.,48.));
#341 = LINE('',#342,#343);
#342 = CARTESIAN_POINT('',(-2.645751311065,49.,3.));
#343 = VECTOR('',#344,1.);
#344 = DIRECTION('',(0.,0.,1.));
#345 = ORIENTED_EDGE('',*,*,#346,.F.);
#346 = EDGE_CURVE('',#347,#339,#349,.T.);
#347 = VERTEX_POINT('',#348);
#348 = CARTESIAN_POINT('',(-73.35424868893,49.,48.));
#349 = LINE('',#350,#351);
#350 = CARTESIAN_POINT('',(38.,49.,48.));
#351 = VECTOR('',#352,1.);
#352 = DIRECTION('',(1.,0.,-0.));
#353 = ORIENTED_EDGE('',*,*,#354,.F.);
#354 = EDGE_CURVE('',#227,#347,#355,.T.);
#355 = LINE('',#356,#357);
#356 = CARTESIAN_POINT('',(-73.35424868893,49.,3.));
#357 = VECTOR('',#358,1.);
#358 = DIRECTION('',(0.,0.,1.));
#359 = PLANE('',#360);
#360 = AXIS2_PLACEMENT_3D('',#361,#362,#363);
#361 = CARTESIAN_POINT('',(76.,49.,3.));
#362 = DIRECTION('',(0.,-1.,0.));
#363 = DIRECTION('',(-1.,0.,0.));
#364 = ADVANCED_FACE('',(#365),#390,.T.);
#365 = FACE_BOUND('',#366,.T.);
#366 = EDGE_LOOP('',(#367,#368,#376,#384));
#367 = ORIENTED_EDGE('',*,*,#123,.F.);
#368 = ORIENTED_EDGE('',*,*,#369,.T.);
#369 = EDGE_CURVE('',#115,#370,#372,.T.);
#370 = VERTEX_POINT('',#371);
#371 = CARTESIAN_POINT('',(-73.35424868893,-49.,48.));
#372 = LINE('',#373,#374);
#373 = CARTESIAN_POINT('',(-73.35424868893,-49.,3.));
#374 = VECTOR('',#375,1.);
#375 = DIRECTION('',(0.,0.,1.));
#376 = ORIENTED_EDGE('',*,*,#377,.F.);
#377 = EDGE_CURVE('',#378,#370,#380,.T.);
#378 = VERTEX_POINT('',#379);
#379 = CARTESIAN_POINT('',(-2.645751311065,-49.,48.));
#380 = LINE('',#381,#382);
#381 = CARTESIAN_POINT('',(-38.,-49.,48.));
#382 = VECTOR('',#383,1.);
#383 = DIRECTION('',(-1.,0.,0.));
#384 = ORIENTED_EDGE('',*,*,#385,.F.);
#385 = EDGE_CURVE('',#124,#378,#386,.T.);
#386 = LINE('',#387,#388);
#387 = CARTESIAN_POINT('',(-2.645751311065,-49.,3.));
#388 = VECTOR('',#389,1.);
#389 = DIRECTION('',(0.,0.,1.));
#390 = PLANE('',#391);
#391 = AXIS2_PLACEMENT_3D('',#392,#393,#394);
#392 = CARTESIAN_POINT('',(-76.,-49.,3.));
#393 = DIRECTION('',(0.,1.,0.));
#394 = DIRECTION('',(1.,0.,0.));
#395 = ADVANCED_FACE('',(#396),#421,.T.);
#396 = FACE_BOUND('',#397,.T.);
#397 = EDGE_LOOP('',(#398,#399,#407,#415));
#398 = ORIENTED_EDGE('',*,*,#200,.F.);
#399 = ORIENTED_EDGE('',*,*,#400,.T.);
#400 = EDGE_CURVE('',#192,#401,#403,.T.);
#401 = VERTEX_POINT('',#402);
#402 = CARTESIAN_POINT('',(73.354248688936,49.,48.));
#403 = LINE('',#404,#405);
#404 = CARTESIAN_POINT('',(73.354248688935,49.,3.));
#405 = VECTOR('',#406,1.);
#406 = DIRECTION('',(0.,0.,1.));
#407 = ORIENTED_EDGE('',*,*,#408,.F.);
#408 = EDGE_CURVE('',#409,#401,#411,.T.);
#409 = VERTEX_POINT('',#410);
#410 = CARTESIAN_POINT('',(2.645751311064,49.,48.));
#411 = LINE('',#412,#413);
#412 = CARTESIAN_POINT('',(38.,49.,48.));
#413 = VECTOR('',#414,1.);
#414 = DIRECTION('',(1.,0.,-0.));
#415 = ORIENTED_EDGE('',*,*,#416,.F.);
#416 = EDGE_CURVE('',#201,#409,#417,.T.);
#417 = LINE('',#418,#419);
#418 = CARTESIAN_POINT('',(2.645751311065,49.,3.));
#419 = VECTOR('',#420,1.);
#420 = DIRECTION('',(0.,0.,1.));
#421 = PLANE('',#422);
#422 = AXIS2_PLACEMENT_3D('',#423,#424,#425);
#423 = CARTESIAN_POINT('',(76.,49.,3.));
#424 = DIRECTION('',(0.,-1.,0.));
#425 = DIRECTION('',(-1.,0.,0.));
#426 = ADVANCED_FACE('',(#427),#452,.T.);
#427 = FACE_BOUND('',#428,.T.);
#428 = EDGE_LOOP('',(#429,#430,#438,#446));
#429 = ORIENTED_EDGE('',*,*,#149,.F.);
#430 = ORIENTED_EDGE('',*,*,#431,.T.);
#431 = EDGE_CURVE('',#141,#432,#434,.T.);
#432 = VERTEX_POINT('',#433);
#433 = CARTESIAN_POINT('',(2.645751311064,-49.,48.));
#434 = LINE('',#435,#436);
#435 = CARTESIAN_POINT('',(2.645751311065,-49.,3.));
#436 = VECTOR('',#437,1.);
#437 = DIRECTION('',(0.,0.,1.));
#438 = ORIENTED_EDGE('',*,*,#439,.F.);
#439 = EDGE_CURVE('',#440,#432,#442,.T.);
#440 = VERTEX_POINT('',#441);
#441 = CARTESIAN_POINT('',(73.354248688936,-49.,48.));
#442 = LINE('',#443,#444);
#443 = CARTESIAN_POINT('',(-38.,-49.,48.));
#444 = VECTOR('',#445,1.);
#445 = DIRECTION('',(-1.,0.,0.));
#446 = ORIENTED_EDGE('',*,*,#447,.F.);
#447 = EDGE_CURVE('',#150,#440,#448,.T.);
#448 = LINE('',#449,#450);
#449 = CARTESIAN_POINT('',(73.354248688935,-49.,3.));
#450 = VECTOR('',#451,1.);
#451 = DIRECTION('',(0.,0.,1.));
#452 = PLANE('',#453);
#453 = AXIS2_PLACEMENT_3D('',#454,#455,#456);
#454 = CARTESIAN_POINT('',(-76.,-49.,3.));
#455 = DIRECTION('',(0.,1.,0.));
#456 = DIRECTION('',(1.,0.,0.));
#457 = ADVANCED_FACE('',(#458),#483,.T.);
#458 = FACE_BOUND('',#459,.T.);
#459 = EDGE_LOOP('',(#460,#461,#469,#477));
#460 = ORIENTED_EDGE('',*,*,#183,.F.);
#461 = ORIENTED_EDGE('',*,*,#462,.T.);
#462 = EDGE_CURVE('',#175,#463,#465,.T.);
#463 = VERTEX_POINT('',#464);
#464 = CARTESIAN_POINT('',(79.,2.645751311064,48.));
#465 = LINE('',#466,#467);
#466 = CARTESIAN_POINT('',(79.,2.645751311065,3.));
#467 = VECTOR('',#468,1.);
#468 = DIRECTION('',(0.,0.,1.));
#469 = ORIENTED_EDGE('',*,*,#470,.F.);
#470 = EDGE_CURVE('',#471,#463,#473,.T.);
#471 = VERTEX_POINT('',#472);
#472 = CARTESIAN_POINT('',(79.,43.354248688935,48.));
#473 = LINE('',#474,#475);
#474 = CARTESIAN_POINT('',(79.,-23.,48.));
#475 = VECTOR('',#476,1.);
#476 = DIRECTION('',(0.,-1.,0.));
#477 = ORIENTED_EDGE('',*,*,#478,.F.);
#478 = EDGE_CURVE('',#184,#471,#479,.T.);
#479 = LINE('',#480,#481);
#480 = CARTESIAN_POINT('',(79.,43.354248688935,3.));
#481 = VECTOR('',#482,1.);
#482 = DIRECTION('',(0.,0.,1.));
#483 = PLANE('',#484);
#484 = AXIS2_PLACEMENT_3D('',#485,#486,#487);
#485 = CARTESIAN_POINT('',(79.,-46.,3.));
#486 = DIRECTION('',(-1.,0.,0.));
#487 = DIRECTION('',(0.,1.,0.));
#488 = ADVANCED_FACE('',(#489),#514,.T.);
#489 = FACE_BOUND('',#490,.T.);
#490 = EDGE_LOOP('',(#491,#492,#500,#508));
#491 = ORIENTED_EDGE('',*,*,#166,.F.);
#492 = ORIENTED_EDGE('',*,*,#493,.T.);
#493 = EDGE_CURVE('',#158,#494,#496,.T.);
#494 = VERTEX_POINT('',#495);
#495 = CARTESIAN_POINT('',(79.,-43.35424868893,48.));
#496 = LINE('',#497,#498);
#497 = CARTESIAN_POINT('',(79.,-43.35424868893,3.));
#498 = VECTOR('',#499,1.);
#499 = DIRECTION('',(0.,0.,1.));
#500 = ORIENTED_EDGE('',*,*,#501,.F.);
#501 = EDGE_CURVE('',#502,#494,#504,.T.);
#502 = VERTEX_POINT('',#503);
#503 = CARTESIAN_POINT('',(79.,-2.645751311064,48.));
#504 = LINE('',#505,#506);
#505 = CARTESIAN_POINT('',(79.,-23.,48.));
#506 = VECTOR('',#507,1.);
#507 = DIRECTION('',(0.,-1.,0.));
#508 = ORIENTED_EDGE('',*,*,#509,.F.);
#509 = EDGE_CURVE('',#167,#502,#510,.T.);
#510 = LINE('',#511,#512);
#511 = CARTESIAN_POINT('',(79.,-2.645751311065,3.));
#512 = VECTOR('',#513,1.);
#513 = DIRECTION('',(0.,0.,1.));
#514 = PLANE('',#515);
#515 = AXIS2_PLACEMENT_3D('',#516,#517,#518);
#516 = CARTESIAN_POINT('',(79.,-46.,3.));
#517 = DIRECTION('',(-1.,0.,0.));
#518 = DIRECTION('',(0.,1.,0.));
#519 = ADVANCED_FACE('',(#520),#556,.T.);
#520 = FACE_BOUND('',#521,.F.);
#521 = EDGE_LOOP('',(#522,#532,#541,#549));
#522 = ORIENTED_EDGE('',*,*,#523,.T.);
#523 = EDGE_CURVE('',#524,#526,#528,.T.);
#524 = VERTEX_POINT('',#525);
#525 = CARTESIAN_POINT('',(76.,-51.,1.));
#526 = VERTEX_POINT('',#527);
#527 = CARTESIAN_POINT('',(76.,-51.,48.));
#528 = LINE('',#529,#530);
#529 = CARTESIAN_POINT('',(76.,-51.,0.));
#530 = VECTOR('',#531,1.);
#531 = DIRECTION('',(0.,0.,1.));
#532 = ORIENTED_EDGE('',*,*,#533,.T.);
#533 = EDGE_CURVE('',#526,#534,#536,.T.);
#534 = VERTEX_POINT('',#535);
#535 = CARTESIAN_POINT('',(81.,-46.,48.));
#536 = CIRCLE('',#537,5.);
#537 = AXIS2_PLACEMENT_3D('',#538,#539,#540);
#538 = CARTESIAN_POINT('',(76.,-46.,48.));
#539 = DIRECTION('',(0.,0.,1.));
#540 = DIRECTION('',(0.,-1.,0.));
#541 = ORIENTED_EDGE('',*,*,#542,.F.);
#542 = EDGE_CURVE('',#543,#534,#545,.T.);
#543 = VERTEX_POINT('',#544);
#544 = CARTESIAN_POINT('',(81.,-46.,1.));
#545 = LINE('',#546,#547);
#546 = CARTESIAN_POINT('',(81.,-46.,0.));
#547 = VECTOR('',#548,1.);
#548 = DIRECTION('',(0.,0.,1.));
#549 = ORIENTED_EDGE('',*,*,#550,.F.);
#550 = EDGE_CURVE('',#524,#543,#551,.T.);
#551 = CIRCLE('',#552,5.);
#552 = AXIS2_PLACEMENT_3D('',#553,#554,#555);
#553 = CARTESIAN_POINT('',(76.,-46.,1.));
#554 = DIRECTION('',(0.,0.,1.));
#555 = DIRECTION('',(0.,-1.,0.));
#556 = CYLINDRICAL_SURFACE('',#557,5.);
#557 = AXIS2_PLACEMENT_3D('',#558,#559,#560);
#558 = CARTESIAN_POINT('',(76.,-46.,0.));
#559 = DIRECTION('',(-0.,-0.,-1.));
#560 = DIRECTION('',(0.,-1.,0.));
#561 = ADVANCED_FACE('',(#562),#587,.F.);
#562 = FACE_BOUND('',#563,.F.);
#563 = EDGE_LOOP('',(#564,#574,#580,#581));
#564 = ORIENTED_EDGE('',*,*,#565,.T.);
#565 = EDGE_CURVE('',#566,#568,#570,.T.);
#566 = VERTEX_POINT('',#567);
#567 = CARTESIAN_POINT('',(-76.,-51.,1.));
#568 = VERTEX_POINT('',#569);
#569 = CARTESIAN_POINT('',(-76.,-51.,48.));
#570 = LINE('',#571,#572);
#571 = CARTESIAN_POINT('',(-76.,-51.,0.));
#572 = VECTOR('',#573,1.);
#573 = DIRECTION('',(0.,0.,1.));
#574 = ORIENTED_EDGE('',*,*,#575,.T.);
#575 = EDGE_CURVE('',#568,#526,#576,.T.);
#576 = LINE('',#577,#578);
#577 = CARTESIAN_POINT('',(-76.,-51.,48.));
#578 = VECTOR('',#579,1.);
#579 = DIRECTION('',(1.,0.,0.));
#580 = ORIENTED_EDGE('',*,*,#523,.F.);
#581 = ORIENTED_EDGE('',*,*,#582,.F.);
#582 = EDGE_CURVE('',#566,#524,#583,.T.);
#583 = LINE('',#584,#585);
#584 = CARTESIAN_POINT('',(-76.,-51.,1.));
#585 = VECTOR('',#586,1.);
#586 = DIRECTION('',(1.,0.,0.));
#587 = PLANE('',#588);
#588 = AXIS2_PLACEMENT_3D('',#589,#590,#591);
#589 = CARTESIAN_POINT('',(-76.,-51.,0.));
#590 = DIRECTION('',(0.,1.,0.));
#591 = DIRECTION('',(1.,0.,0.));
#592 = ADVANCED_FACE('',(#593),#619,.T.);
#593 = FACE_BOUND('',#594,.F.);
#594 = EDGE_LOOP('',(#595,#603,#604,#612));
#595 = ORIENTED_EDGE('',*,*,#596,.F.);
#596 = EDGE_CURVE('',#524,#597,#599,.T.);
#597 = VERTEX_POINT('',#598);
#598 = CARTESIAN_POINT('',(76.,-50.,0.));
#599 = LINE('',#600,#601);
#600 = CARTESIAN_POINT('',(76.,-51.,1.));
#601 = VECTOR('',#602,1.);
#602 = DIRECTION('',(-0.,0.707106781187,-0.707106781187));
#603 = ORIENTED_EDGE('',*,*,#550,.T.);
#604 = ORIENTED_EDGE('',*,*,#605,.T.);
#605 = EDGE_CURVE('',#543,#606,#608,.T.);
#606 = VERTEX_POINT('',#607);
#607 = CARTESIAN_POINT('',(80.,-46.,0.));
#608 = LINE('',#609,#610);
#609 = CARTESIAN_POINT('',(81.,-46.,1.));
#610 = VECTOR('',#611,1.);
#611 = DIRECTION('',(-0.707106781187,4.329780281177E-17,-0.707106781187)
  );
#612 = ORIENTED_EDGE('',*,*,#613,.F.);
#613 = EDGE_CURVE('',#597,#606,#614,.T.);
#614 = CIRCLE('',#615,4.);
#615 = AXIS2_PLACEMENT_3D('',#616,#617,#618);
#616 = CARTESIAN_POINT('',(76.,-46.,0.));
#617 = DIRECTION('',(0.,0.,1.));
#618 = DIRECTION('',(0.,-1.,0.));
#619 = CONICAL_SURFACE('',#620,5.,0.785398163397);
#620 = AXIS2_PLACEMENT_3D('',#621,#622,#623);
#621 = CARTESIAN_POINT('',(76.,-46.,1.));
#622 = DIRECTION('',(0.,0.,1.));
#623 = DIRECTION('',(0.,-1.,0.));
#624 = ADVANCED_FACE('',(#625),#650,.F.);
#625 = FACE_BOUND('',#626,.F.);
#626 = EDGE_LOOP('',(#627,#628,#636,#644));
#627 = ORIENTED_EDGE('',*,*,#542,.T.);
#628 = ORIENTED_EDGE('',*,*,#629,.T.);
#629 = EDGE_CURVE('',#534,#630,#632,.T.);
#630 = VERTEX_POINT('',#631);
#631 = CARTESIAN_POINT('',(81.,46.,48.));
#632 = LINE('',#633,#634);
#633 = CARTESIAN_POINT('',(81.,-46.,48.));
#634 = VECTOR('',#635,1.);
#635 = DIRECTION('',(0.,1.,0.));
#636 = ORIENTED_EDGE('',*,*,#637,.F.);
#637 = EDGE_CURVE('',#638,#630,#640,.T.);
#638 = VERTEX_POINT('',#639);
#639 = CARTESIAN_POINT('',(81.,46.,1.));
#640 = LINE('',#641,#642);
#641 = CARTESIAN_POINT('',(81.,46.,0.));
#642 = VECTOR('',#643,1.);
#643 = DIRECTION('',(0.,0.,1.));
#644 = ORIENTED_EDGE('',*,*,#645,.F.);
#645 = EDGE_CURVE('',#543,#638,#646,.T.);
#646 = LINE('',#647,#648);
#647 = CARTESIAN_POINT('',(81.,-46.,1.));
#648 = VECTOR('',#649,1.);
#649 = DIRECTION('',(0.,1.,0.));
#650 = PLANE('',#651);
#651 = AXIS2_PLACEMENT_3D('',#652,#653,#654);
#652 = CARTESIAN_POINT('',(81.,-46.,0.));
#653 = DIRECTION('',(-1.,0.,0.));
#654 = DIRECTION('',(0.,1.,0.));
#655 = ADVANCED_FACE('',(#656),#683,.T.);
#656 = FACE_BOUND('',#657,.F.);
#657 = EDGE_LOOP('',(#658,#668,#675,#676));
#658 = ORIENTED_EDGE('',*,*,#659,.T.);
#659 = EDGE_CURVE('',#660,#662,#664,.T.);
#660 = VERTEX_POINT('',#661);
#661 = CARTESIAN_POINT('',(-81.,-46.,1.));
#662 = VERTEX_POINT('',#663);
#663 = CARTESIAN_POINT('',(-81.,-46.,48.));
#664 = LINE('',#665,#666);
#665 = CARTESIAN_POINT('',(-81.,-46.,0.));
#666 = VECTOR('',#667,1.);
#667 = DIRECTION('',(0.,0.,1.));
#668 = ORIENTED_EDGE('',*,*,#669,.T.);
#669 = EDGE_CURVE('',#662,#568,#670,.T.);
#670 = CIRCLE('',#671,5.);
#671 = AXIS2_PLACEMENT_3D('',#672,#673,#674);
#672 = CARTESIAN_POINT('',(-76.,-46.,48.));
#673 = DIRECTION('',(0.,0.,1.));
#674 = DIRECTION('',(-1.,0.,0.));
#675 = ORIENTED_EDGE('',*,*,#565,.F.);
#676 = ORIENTED_EDGE('',*,*,#677,.F.);
#677 = EDGE_CURVE('',#660,#566,#678,.T.);
#678 = CIRCLE('',#679,5.);
#679 = AXIS2_PLACEMENT_3D('',#680,#681,#682);
#680 = CARTESIAN_POINT('',(-76.,-46.,1.));
#681 = DIRECTION('',(0.,0.,1.));
#682 = DIRECTION('',(-1.,0.,0.));
#683 = CYLINDRICAL_SURFACE('',#684,5.);
#684 = AXIS2_PLACEMENT_3D('',#685,#686,#687);
#685 = CARTESIAN_POINT('',(-76.,-46.,0.));
#686 = DIRECTION('',(-0.,-0.,-1.));
#687 = DIRECTION('',(-1.,0.,0.));
#688 = ADVANCED_FACE('',(#689),#707,.T.);
#689 = FACE_BOUND('',#690,.F.);
#690 = EDGE_LOOP('',(#691,#699,#700,#701));
#691 = ORIENTED_EDGE('',*,*,#692,.F.);
#692 = EDGE_CURVE('',#566,#693,#695,.T.);
#693 = VERTEX_POINT('',#694);
#694 = CARTESIAN_POINT('',(-76.,-50.,0.));
#695 = LINE('',#696,#697);
#696 = CARTESIAN_POINT('',(-76.,-51.,1.));
#697 = VECTOR('',#698,1.);
#698 = DIRECTION('',(4.329780281177E-17,0.707106781187,-0.707106781187)
  );
#699 = ORIENTED_EDGE('',*,*,#582,.T.);
#700 = ORIENTED_EDGE('',*,*,#596,.T.);
#701 = ORIENTED_EDGE('',*,*,#702,.F.);
#702 = EDGE_CURVE('',#693,#597,#703,.T.);
#703 = LINE('',#704,#705);
#704 = CARTESIAN_POINT('',(-76.,-50.,0.));
#705 = VECTOR('',#706,1.);
#706 = DIRECTION('',(1.,0.,0.));
#707 = PLANE('',#708);
#708 = AXIS2_PLACEMENT_3D('',#709,#710,#711);
#709 = CARTESIAN_POINT('',(-76.,-50.5,0.5));
#710 = DIRECTION('',(0.,-0.707106781187,-0.707106781187));
#711 = DIRECTION('',(-1.,-0.,-0.));
#712 = ADVANCED_FACE('',(#713,#766,#777,#788,#799),#810,.F.);
#713 = FACE_BOUND('',#714,.F.);
#714 = EDGE_LOOP('',(#715,#716,#724,#733,#741,#750,#758,#765));
#715 = ORIENTED_EDGE('',*,*,#613,.T.);
#716 = ORIENTED_EDGE('',*,*,#717,.T.);
#717 = EDGE_CURVE('',#606,#718,#720,.T.);
#718 = VERTEX_POINT('',#719);
#719 = CARTESIAN_POINT('',(80.,46.,-4.107825191113E-15));
#720 = LINE('',#721,#722);
#721 = CARTESIAN_POINT('',(80.,-46.,0.));
#722 = VECTOR('',#723,1.);
#723 = DIRECTION('',(0.,1.,0.));
#724 = ORIENTED_EDGE('',*,*,#725,.T.);
#725 = EDGE_CURVE('',#718,#726,#728,.T.);
#726 = VERTEX_POINT('',#727);
#727 = CARTESIAN_POINT('',(76.,50.,0.));
#728 = CIRCLE('',#729,4.);
#729 = AXIS2_PLACEMENT_3D('',#730,#731,#732);
#730 = CARTESIAN_POINT('',(76.,46.,0.));
#731 = DIRECTION('',(0.,0.,1.));
#732 = DIRECTION('',(1.,0.,-0.));
#733 = ORIENTED_EDGE('',*,*,#734,.T.);
#734 = EDGE_CURVE('',#726,#735,#737,.T.);
#735 = VERTEX_POINT('',#736);
#736 = CARTESIAN_POINT('',(-76.,50.,-4.107825191113E-15));
#737 = LINE('',#738,#739);
#738 = CARTESIAN_POINT('',(76.,50.,0.));
#739 = VECTOR('',#740,1.);
#740 = DIRECTION('',(-1.,0.,0.));
#741 = ORIENTED_EDGE('',*,*,#742,.T.);
#742 = EDGE_CURVE('',#735,#743,#745,.T.);
#743 = VERTEX_POINT('',#744);
#744 = CARTESIAN_POINT('',(-80.,46.,0.));
#745 = CIRCLE('',#746,4.);
#746 = AXIS2_PLACEMENT_3D('',#747,#748,#749);
#747 = CARTESIAN_POINT('',(-76.,46.,0.));
#748 = DIRECTION('',(0.,-0.,1.));
#749 = DIRECTION('',(0.,1.,0.));
#750 = ORIENTED_EDGE('',*,*,#751,.T.);
#751 = EDGE_CURVE('',#743,#752,#754,.T.);
#752 = VERTEX_POINT('',#753);
#753 = CARTESIAN_POINT('',(-80.,-46.,-4.107825191113E-15));
#754 = LINE('',#755,#756);
#755 = CARTESIAN_POINT('',(-80.,46.,0.));
#756 = VECTOR('',#757,1.);
#757 = DIRECTION('',(0.,-1.,0.));
#758 = ORIENTED_EDGE('',*,*,#759,.T.);
#759 = EDGE_CURVE('',#752,#693,#760,.T.);
#760 = CIRCLE('',#761,4.);
#761 = AXIS2_PLACEMENT_3D('',#762,#763,#764);
#762 = CARTESIAN_POINT('',(-76.,-46.,0.));
#763 = DIRECTION('',(0.,0.,1.));
#764 = DIRECTION('',(-1.,0.,0.));
#765 = ORIENTED_EDGE('',*,*,#702,.T.);
#766 = FACE_BOUND('',#767,.F.);
#767 = EDGE_LOOP('',(#768));
#768 = ORIENTED_EDGE('',*,*,#769,.F.);
#769 = EDGE_CURVE('',#770,#770,#772,.T.);
#770 = VERTEX_POINT('',#771);
#771 = CARTESIAN_POINT('',(-52.75,-44.5,0.));
#772 = CIRCLE('',#773,2.25);
#773 = AXIS2_PLACEMENT_3D('',#774,#775,#776);
#774 = CARTESIAN_POINT('',(-55.,-44.5,0.));
#775 = DIRECTION('',(0.,0.,1.));
#776 = DIRECTION('',(1.,0.,-0.));
#777 = FACE_BOUND('',#778,.F.);
#778 = EDGE_LOOP('',(#779));
#779 = ORIENTED_EDGE('',*,*,#780,.F.);
#780 = EDGE_CURVE('',#781,#781,#783,.T.);
#781 = VERTEX_POINT('',#782);
#782 = CARTESIAN_POINT('',(57.25,-44.5,0.));
#783 = CIRCLE('',#784,2.25);
#784 = AXIS2_PLACEMENT_3D('',#785,#786,#787);
#785 = CARTESIAN_POINT('',(55.,-44.5,0.));
#786 = DIRECTION('',(0.,0.,1.));
#787 = DIRECTION('',(1.,0.,-0.));
#788 = FACE_BOUND('',#789,.F.);
#789 = EDGE_LOOP('',(#790));
#790 = ORIENTED_EDGE('',*,*,#791,.F.);
#791 = EDGE_CURVE('',#792,#792,#794,.T.);
#792 = VERTEX_POINT('',#793);
#793 = CARTESIAN_POINT('',(-52.75,44.5,0.));
#794 = CIRCLE('',#795,2.25);
#795 = AXIS2_PLACEMENT_3D('',#796,#797,#798);
#796 = CARTESIAN_POINT('',(-55.,44.5,0.));
#797 = DIRECTION('',(0.,0.,1.));
#798 = DIRECTION('',(1.,0.,-0.));
#799 = FACE_BOUND('',#800,.F.);
#800 = EDGE_LOOP('',(#801));
#801 = ORIENTED_EDGE('',*,*,#802,.F.);
#802 = EDGE_CURVE('',#803,#803,#805,.T.);
#803 = VERTEX_POINT('',#804);
#804 = CARTESIAN_POINT('',(57.25,44.5,0.));
#805 = CIRCLE('',#806,2.25);
#806 = AXIS2_PLACEMENT_3D('',#807,#808,#809);
#807 = CARTESIAN_POINT('',(55.,44.5,0.));
#808 = DIRECTION('',(0.,0.,1.));
#809 = DIRECTION('',(1.,0.,-0.));
#810 = PLANE('',#811);
#811 = AXIS2_PLACEMENT_3D('',#812,#813,#814);
#812 = CARTESIAN_POINT('',(-3.504402982607E-15,1.752201491304E-15,0.));
#813 = DIRECTION('',(0.,0.,1.));
#814 = DIRECTION('',(1.,0.,-0.));
#815 = ADVANCED_FACE('',(#816),#827,.T.);
#816 = FACE_BOUND('',#817,.F.);
#817 = EDGE_LOOP('',(#818,#819,#820,#826));
#818 = ORIENTED_EDGE('',*,*,#605,.F.);
#819 = ORIENTED_EDGE('',*,*,#645,.T.);
#820 = ORIENTED_EDGE('',*,*,#821,.T.);
#821 = EDGE_CURVE('',#638,#718,#822,.T.);
#822 = LINE('',#823,#824);
#823 = CARTESIAN_POINT('',(80.5,46.,0.5));
#824 = VECTOR('',#825,1.);
#825 = DIRECTION('',(-0.707106781187,0.,-0.707106781187));
#826 = ORIENTED_EDGE('',*,*,#717,.F.);
#827 = PLANE('',#828);
#828 = AXIS2_PLACEMENT_3D('',#829,#830,#831);
#829 = CARTESIAN_POINT('',(80.5,-46.,0.5));
#830 = DIRECTION('',(0.707106781187,0.,-0.707106781187));
#831 = DIRECTION('',(-0.,-1.,-0.));
#832 = ADVANCED_FACE('',(#833),#860,.T.);
#833 = FACE_BOUND('',#834,.F.);
#834 = EDGE_LOOP('',(#835,#836,#845,#853));
#835 = ORIENTED_EDGE('',*,*,#637,.T.);
#836 = ORIENTED_EDGE('',*,*,#837,.T.);
#837 = EDGE_CURVE('',#630,#838,#840,.T.);
#838 = VERTEX_POINT('',#839);
#839 = CARTESIAN_POINT('',(76.,51.,48.));
#840 = CIRCLE('',#841,5.);
#841 = AXIS2_PLACEMENT_3D('',#842,#843,#844);
#842 = CARTESIAN_POINT('',(76.,46.,48.));
#843 = DIRECTION('',(0.,0.,1.));
#844 = DIRECTION('',(1.,0.,-0.));
#845 = ORIENTED_EDGE('',*,*,#846,.F.);
#846 = EDGE_CURVE('',#847,#838,#849,.T.);
#847 = VERTEX_POINT('',#848);
#848 = CARTESIAN_POINT('',(76.,51.,1.));
#849 = LINE('',#850,#851);
#850 = CARTESIAN_POINT('',(76.,51.,0.));
#851 = VECTOR('',#852,1.);
#852 = DIRECTION('',(0.,0.,1.));
#853 = ORIENTED_EDGE('',*,*,#854,.F.);
#854 = EDGE_CURVE('',#638,#847,#855,.T.);
#855 = CIRCLE('',#856,5.);
#856 = AXIS2_PLACEMENT_3D('',#857,#858,#859);
#857 = CARTESIAN_POINT('',(76.,46.,1.));
#858 = DIRECTION('',(0.,0.,1.));
#859 = DIRECTION('',(1.,0.,-0.));
#860 = CYLINDRICAL_SURFACE('',#861,5.);
#861 = AXIS2_PLACEMENT_3D('',#862,#863,#864);
#862 = CARTESIAN_POINT('',(76.,46.,0.));
#863 = DIRECTION('',(-0.,-0.,-1.));
#864 = DIRECTION('',(1.,0.,-0.));
#865 = ADVANCED_FACE('',(#866,#891,#902,#913,#924,#994),#1005,.F.);
#866 = FACE_BOUND('',#867,.F.);
#867 = EDGE_LOOP('',(#868,#878,#884,#885));
#868 = ORIENTED_EDGE('',*,*,#869,.T.);
#869 = EDGE_CURVE('',#870,#872,#874,.T.);
#870 = VERTEX_POINT('',#871);
#871 = CARTESIAN_POINT('',(-81.,46.,1.));
#872 = VERTEX_POINT('',#873);
#873 = CARTESIAN_POINT('',(-81.,46.,48.));
#874 = LINE('',#875,#876);
#875 = CARTESIAN_POINT('',(-81.,46.,0.));
#876 = VECTOR('',#877,1.);
#877 = DIRECTION('',(0.,0.,1.));
#878 = ORIENTED_EDGE('',*,*,#879,.T.);
#879 = EDGE_CURVE('',#872,#662,#880,.T.);
#880 = LINE('',#881,#882);
#881 = CARTESIAN_POINT('',(-81.,46.,48.));
#882 = VECTOR('',#883,1.);
#883 = DIRECTION('',(0.,-1.,0.));
#884 = ORIENTED_EDGE('',*,*,#659,.F.);
#885 = ORIENTED_EDGE('',*,*,#886,.F.);
#886 = EDGE_CURVE('',#870,#660,#887,.T.);
#887 = LINE('',#888,#889);
#888 = CARTESIAN_POINT('',(-81.,46.,1.));
#889 = VECTOR('',#890,1.);
#890 = DIRECTION('',(0.,-1.,0.));
#891 = FACE_BOUND('',#892,.F.);
#892 = EDGE_LOOP('',(#893));
#893 = ORIENTED_EDGE('',*,*,#894,.T.);
#894 = EDGE_CURVE('',#895,#895,#897,.T.);
#895 = VERTEX_POINT('',#896);
#896 = CARTESIAN_POINT('',(-81.,22.415,39.005));
#897 = CIRCLE('',#898,2.2);
#898 = AXIS2_PLACEMENT_3D('',#899,#900,#901);
#899 = CARTESIAN_POINT('',(-81.,22.415,41.205));
#900 = DIRECTION('',(-1.,0.,0.));
#901 = DIRECTION('',(0.,0.,-1.));
#902 = FACE_BOUND('',#903,.F.);
#903 = EDGE_LOOP('',(#904));
#904 = ORIENTED_EDGE('',*,*,#905,.T.);
#905 = EDGE_CURVE('',#906,#906,#908,.T.);
#906 = VERTEX_POINT('',#907);
#907 = CARTESIAN_POINT('',(-81.,-22.415,39.005));
#908 = CIRCLE('',#909,2.2);
#909 = AXIS2_PLACEMENT_3D('',#910,#911,#912);
#910 = CARTESIAN_POINT('',(-81.,-22.415,41.205));
#911 = DIRECTION('',(-1.,0.,0.));
#912 = DIRECTION('',(0.,0.,-1.));
#913 = FACE_BOUND('',#914,.F.);
#914 = EDGE_LOOP('',(#915));
#915 = ORIENTED_EDGE('',*,*,#916,.T.);
#916 = EDGE_CURVE('',#917,#917,#919,.T.);
#917 = VERTEX_POINT('',#918);
#918 = CARTESIAN_POINT('',(-81.,22.415,12.795));
#919 = CIRCLE('',#920,2.2);
#920 = AXIS2_PLACEMENT_3D('',#921,#922,#923);
#921 = CARTESIAN_POINT('',(-81.,22.415,14.995));
#922 = DIRECTION('',(-1.,0.,0.));
#923 = DIRECTION('',(0.,0.,-1.));
#924 = FACE_BOUND('',#925,.F.);
#925 = EDGE_LOOP('',(#926,#937,#945,#954,#962,#971,#979,#988));
#926 = ORIENTED_EDGE('',*,*,#927,.T.);
#927 = EDGE_CURVE('',#928,#930,#932,.T.);
#928 = VERTEX_POINT('',#929);
#929 = CARTESIAN_POINT('',(-81.,19.,21.1));
#930 = VERTEX_POINT('',#931);
#931 = CARTESIAN_POINT('',(-81.,14.,16.1));
#932 = CIRCLE('',#933,5.);
#933 = AXIS2_PLACEMENT_3D('',#934,#935,#936);
#934 = CARTESIAN_POINT('',(-81.,14.,21.1));
#935 = DIRECTION('',(-1.,0.,0.));
#936 = DIRECTION('',(0.,0.,-1.));
#937 = ORIENTED_EDGE('',*,*,#938,.T.);
#938 = EDGE_CURVE('',#930,#939,#941,.T.);
#939 = VERTEX_POINT('',#940);
#940 = CARTESIAN_POINT('',(-81.,-14.,16.1));
#941 = LINE('',#942,#943);
#942 = CARTESIAN_POINT('',(-81.,16.,16.1));
#943 = VECTOR('',#944,1.);
#944 = DIRECTION('',(0.,-1.,0.));
#945 = ORIENTED_EDGE('',*,*,#946,.T.);
#946 = EDGE_CURVE('',#939,#947,#949,.T.);
#947 = VERTEX_POINT('',#948);
#948 = CARTESIAN_POINT('',(-81.,-19.,21.1));
#949 = CIRCLE('',#950,5.);
#950 = AXIS2_PLACEMENT_3D('',#951,#952,#953);
#951 = CARTESIAN_POINT('',(-81.,-14.,21.1));
#952 = DIRECTION('',(-1.,0.,0.));
#953 = DIRECTION('',(0.,0.,-1.));
#954 = ORIENTED_EDGE('',*,*,#955,.T.);
#955 = EDGE_CURVE('',#947,#956,#958,.T.);
#956 = VERTEX_POINT('',#957);
#957 = CARTESIAN_POINT('',(-81.,-19.,35.1));
#958 = LINE('',#959,#960);
#959 = CARTESIAN_POINT('',(-81.,-19.,10.55));
#960 = VECTOR('',#961,1.);
#961 = DIRECTION('',(0.,0.,1.));
#962 = ORIENTED_EDGE('',*,*,#963,.T.);
#963 = EDGE_CURVE('',#956,#964,#966,.T.);
#964 = VERTEX_POINT('',#965);
#965 = CARTESIAN_POINT('',(-81.,-14.,40.1));
#966 = CIRCLE('',#967,5.);
#967 = AXIS2_PLACEMENT_3D('',#968,#969,#970);
#968 = CARTESIAN_POINT('',(-81.,-14.,35.1));
#969 = DIRECTION('',(-1.,0.,0.));
#970 = DIRECTION('',(0.,0.,-1.));
#971 = ORIENTED_EDGE('',*,*,#972,.F.);
#972 = EDGE_CURVE('',#973,#964,#975,.T.);
#973 = VERTEX_POINT('',#974);
#974 = CARTESIAN_POINT('',(-81.,14.,40.1));
#975 = LINE('',#976,#977);
#976 = CARTESIAN_POINT('',(-81.,16.,40.1));
#977 = VECTOR('',#978,1.);
#978 = DIRECTION('',(0.,-1.,0.));
#979 = ORIENTED_EDGE('',*,*,#980,.T.);
#980 = EDGE_CURVE('',#973,#981,#983,.T.);
#981 = VERTEX_POINT('',#982);
#982 = CARTESIAN_POINT('',(-81.,19.,35.1));
#983 = CIRCLE('',#984,5.);
#984 = AXIS2_PLACEMENT_3D('',#985,#986,#987);
#985 = CARTESIAN_POINT('',(-81.,14.,35.1));
#986 = DIRECTION('',(-1.,0.,0.));
#987 = DIRECTION('',(0.,0.,-1.));
#988 = ORIENTED_EDGE('',*,*,#989,.F.);
#989 = EDGE_CURVE('',#928,#981,#990,.T.);
#990 = LINE('',#991,#992);
#991 = CARTESIAN_POINT('',(-81.,19.,10.55));
#992 = VECTOR('',#993,1.);
#993 = DIRECTION('',(0.,0.,1.));
#994 = FACE_BOUND('',#995,.F.);
#995 = EDGE_LOOP('',(#996));
#996 = ORIENTED_EDGE('',*,*,#997,.T.);
#997 = EDGE_CURVE('',#998,#998,#1000,.T.);
#998 = VERTEX_POINT('',#999);
#999 = CARTESIAN_POINT('',(-81.,-22.415,12.795));
#1000 = CIRCLE('',#1001,2.2);
#1001 = AXIS2_PLACEMENT_3D('',#1002,#1003,#1004);
#1002 = CARTESIAN_POINT('',(-81.,-22.415,14.995));
#1003 = DIRECTION('',(-1.,0.,0.));
#1004 = DIRECTION('',(0.,0.,-1.));
#1005 = PLANE('',#1006);
#1006 = AXIS2_PLACEMENT_3D('',#1007,#1008,#1009);
#1007 = CARTESIAN_POINT('',(-81.,46.,0.));
#1008 = DIRECTION('',(1.,0.,-0.));
#1009 = DIRECTION('',(0.,-1.,0.));
#1010 = ADVANCED_FACE('',(#1011),#1036,.F.);
#1011 = FACE_BOUND('',#1012,.F.);
#1012 = EDGE_LOOP('',(#1013,#1014,#1022,#1030));
#1013 = ORIENTED_EDGE('',*,*,#846,.T.);
#1014 = ORIENTED_EDGE('',*,*,#1015,.T.);
#1015 = EDGE_CURVE('',#838,#1016,#1018,.T.);
#1016 = VERTEX_POINT('',#1017);
#1017 = CARTESIAN_POINT('',(-76.,51.,48.));
#1018 = LINE('',#1019,#1020);
#1019 = CARTESIAN_POINT('',(76.,51.,48.));
#1020 = VECTOR('',#1021,1.);
#1021 = DIRECTION('',(-1.,0.,0.));
#1022 = ORIENTED_EDGE('',*,*,#1023,.F.);
#1023 = EDGE_CURVE('',#1024,#1016,#1026,.T.);
#1024 = VERTEX_POINT('',#1025);
#1025 = CARTESIAN_POINT('',(-76.,51.,1.));
#1026 = LINE('',#1027,#1028);
#1027 = CARTESIAN_POINT('',(-76.,51.,0.));
#1028 = VECTOR('',#1029,1.);
#1029 = DIRECTION('',(0.,0.,1.));
#1030 = ORIENTED_EDGE('',*,*,#1031,.F.);
#1031 = EDGE_CURVE('',#847,#1024,#1032,.T.);
#1032 = LINE('',#1033,#1034);
#1033 = CARTESIAN_POINT('',(76.,51.,1.));
#1034 = VECTOR('',#1035,1.);
#1035 = DIRECTION('',(-1.,0.,0.));
#1036 = PLANE('',#1037);
#1037 = AXIS2_PLACEMENT_3D('',#1038,#1039,#1040);
#1038 = CARTESIAN_POINT('',(76.,51.,0.));
#1039 = DIRECTION('',(0.,-1.,0.));
#1040 = DIRECTION('',(-1.,0.,0.));
#1041 = ADVANCED_FACE('',(#1042),#1060,.T.);
#1042 = FACE_BOUND('',#1043,.F.);
#1043 = EDGE_LOOP('',(#1044,#1045,#1052,#1053));
#1044 = ORIENTED_EDGE('',*,*,#1023,.T.);
#1045 = ORIENTED_EDGE('',*,*,#1046,.T.);
#1046 = EDGE_CURVE('',#1016,#872,#1047,.T.);
#1047 = CIRCLE('',#1048,5.);
#1048 = AXIS2_PLACEMENT_3D('',#1049,#1050,#1051);
#1049 = CARTESIAN_POINT('',(-76.,46.,48.));
#1050 = DIRECTION('',(0.,-0.,1.));
#1051 = DIRECTION('',(0.,1.,0.));
#1052 = ORIENTED_EDGE('',*,*,#869,.F.);
#1053 = ORIENTED_EDGE('',*,*,#1054,.F.);
#1054 = EDGE_CURVE('',#1024,#870,#1055,.T.);
#1055 = CIRCLE('',#1056,5.);
#1056 = AXIS2_PLACEMENT_3D('',#1057,#1058,#1059);
#1057 = CARTESIAN_POINT('',(-76.,46.,1.));
#1058 = DIRECTION('',(0.,-0.,1.));
#1059 = DIRECTION('',(0.,1.,0.));
#1060 = CYLINDRICAL_SURFACE('',#1061,5.);
#1061 = AXIS2_PLACEMENT_3D('',#1062,#1063,#1064);
#1062 = CARTESIAN_POINT('',(-76.,46.,0.));
#1063 = DIRECTION('',(-0.,0.,-1.));
#1064 = DIRECTION('',(0.,1.,0.));
#1065 = ADVANCED_FACE('',(#1066),#1077,.T.);
#1066 = FACE_BOUND('',#1067,.F.);
#1067 = EDGE_LOOP('',(#1068,#1074,#1075,#1076));
#1068 = ORIENTED_EDGE('',*,*,#1069,.F.);
#1069 = EDGE_CURVE('',#660,#752,#1070,.T.);
#1070 = LINE('',#1071,#1072);
#1071 = CARTESIAN_POINT('',(-80.5,-46.,0.5));
#1072 = VECTOR('',#1073,1.);
#1073 = DIRECTION('',(0.707106781187,0.,-0.707106781187));
#1074 = ORIENTED_EDGE('',*,*,#677,.T.);
#1075 = ORIENTED_EDGE('',*,*,#692,.T.);
#1076 = ORIENTED_EDGE('',*,*,#759,.F.);
#1077 = CONICAL_SURFACE('',#1078,5.,0.785398163397);
#1078 = AXIS2_PLACEMENT_3D('',#1079,#1080,#1081);
#1079 = CARTESIAN_POINT('',(-76.,-46.,1.));
#1080 = DIRECTION('',(0.,0.,1.));
#1081 = DIRECTION('',(-1.,0.,0.));
#1082 = ADVANCED_FACE('',(#1083),#1094,.T.);
#1083 = FACE_BOUND('',#1084,.F.);
#1084 = EDGE_LOOP('',(#1085,#1086,#1087,#1093));
#1085 = ORIENTED_EDGE('',*,*,#821,.F.);
#1086 = ORIENTED_EDGE('',*,*,#854,.T.);
#1087 = ORIENTED_EDGE('',*,*,#1088,.T.);
#1088 = EDGE_CURVE('',#847,#726,#1089,.T.);
#1089 = LINE('',#1090,#1091);
#1090 = CARTESIAN_POINT('',(76.,51.,1.));
#1091 = VECTOR('',#1092,1.);
#1092 = DIRECTION('',(-4.329780281177E-17,-0.707106781187,
    -0.707106781187));
#1093 = ORIENTED_EDGE('',*,*,#725,.F.);
#1094 = CONICAL_SURFACE('',#1095,5.,0.785398163397);
#1095 = AXIS2_PLACEMENT_3D('',#1096,#1097,#1098);
#1096 = CARTESIAN_POINT('',(76.,46.,1.));
#1097 = DIRECTION('',(0.,0.,1.));
#1098 = DIRECTION('',(1.,0.,-0.));
#1099 = ADVANCED_FACE('',(#1100),#1111,.T.);
#1100 = FACE_BOUND('',#1101,.F.);
#1101 = EDGE_LOOP('',(#1102,#1108,#1109,#1110));
#1102 = ORIENTED_EDGE('',*,*,#1103,.F.);
#1103 = EDGE_CURVE('',#870,#743,#1104,.T.);
#1104 = LINE('',#1105,#1106);
#1105 = CARTESIAN_POINT('',(-81.,46.,1.));
#1106 = VECTOR('',#1107,1.);
#1107 = DIRECTION('',(0.707106781187,-4.329780281177E-17,-0.707106781187
    ));
#1108 = ORIENTED_EDGE('',*,*,#886,.T.);
#1109 = ORIENTED_EDGE('',*,*,#1069,.T.);
#1110 = ORIENTED_EDGE('',*,*,#751,.F.);
#1111 = PLANE('',#1112);
#1112 = AXIS2_PLACEMENT_3D('',#1113,#1114,#1115);
#1113 = CARTESIAN_POINT('',(-80.5,46.,0.5));
#1114 = DIRECTION('',(-0.707106781187,0.,-0.707106781187));
#1115 = DIRECTION('',(-0.,1.,0.));
#1116 = ADVANCED_FACE('',(#1117),#1128,.T.);
#1117 = FACE_BOUND('',#1118,.F.);
#1118 = EDGE_LOOP('',(#1119,#1120,#1121,#1127));
#1119 = ORIENTED_EDGE('',*,*,#1088,.F.);
#1120 = ORIENTED_EDGE('',*,*,#1031,.T.);
#1121 = ORIENTED_EDGE('',*,*,#1122,.T.);
#1122 = EDGE_CURVE('',#1024,#735,#1123,.T.);
#1123 = LINE('',#1124,#1125);
#1124 = CARTESIAN_POINT('',(-76.,50.5,0.5));
#1125 = VECTOR('',#1126,1.);
#1126 = DIRECTION('',(-0.,-0.707106781187,-0.707106781187));
#1127 = ORIENTED_EDGE('',*,*,#734,.F.);
#1128 = PLANE('',#1129);
#1129 = AXIS2_PLACEMENT_3D('',#1130,#1131,#1132);
#1130 = CARTESIAN_POINT('',(76.,50.5,0.5));
#1131 = DIRECTION('',(0.,0.707106781187,-0.707106781187));
#1132 = DIRECTION('',(1.,-0.,-0.));
#1133 = ADVANCED_FACE('',(#1134),#1140,.T.);
#1134 = FACE_BOUND('',#1135,.F.);
#1135 = EDGE_LOOP('',(#1136,#1137,#1138,#1139));
#1136 = ORIENTED_EDGE('',*,*,#1122,.F.);
#1137 = ORIENTED_EDGE('',*,*,#1054,.T.);
#1138 = ORIENTED_EDGE('',*,*,#1103,.T.);
#1139 = ORIENTED_EDGE('',*,*,#742,.F.);
#1140 = CONICAL_SURFACE('',#1141,5.,0.785398163397);
#1141 = AXIS2_PLACEMENT_3D('',#1142,#1143,#1144);
#1142 = CARTESIAN_POINT('',(-76.,46.,1.));
#1143 = DIRECTION('',(0.,0.,1.));
#1144 = DIRECTION('',(0.,1.,0.));
#1145 = ADVANCED_FACE('',(#1146),#1157,.F.);
#1146 = FACE_BOUND('',#1147,.F.);
#1147 = EDGE_LOOP('',(#1148,#1149,#1155,#1156));
#1148 = ORIENTED_EDGE('',*,*,#243,.F.);
#1149 = ORIENTED_EDGE('',*,*,#1150,.F.);
#1150 = EDGE_CURVE('',#770,#244,#1151,.T.);
#1151 = LINE('',#1152,#1153);
#1152 = CARTESIAN_POINT('',(-52.75,-44.5,-1.));
#1153 = VECTOR('',#1154,1.);
#1154 = DIRECTION('',(0.,0.,1.));
#1155 = ORIENTED_EDGE('',*,*,#769,.T.);
#1156 = ORIENTED_EDGE('',*,*,#1150,.T.);
#1157 = CYLINDRICAL_SURFACE('',#1158,2.25);
#1158 = AXIS2_PLACEMENT_3D('',#1159,#1160,#1161);
#1159 = CARTESIAN_POINT('',(-55.,-44.5,-1.));
#1160 = DIRECTION('',(0.,0.,1.));
#1161 = DIRECTION('',(1.,0.,-0.));
#1162 = ADVANCED_FACE('',(#1163),#1174,.F.);
#1163 = FACE_BOUND('',#1164,.F.);
#1164 = EDGE_LOOP('',(#1165,#1166,#1172,#1173));
#1165 = ORIENTED_EDGE('',*,*,#265,.F.);
#1166 = ORIENTED_EDGE('',*,*,#1167,.F.);
#1167 = EDGE_CURVE('',#781,#266,#1168,.T.);
#1168 = LINE('',#1169,#1170);
#1169 = CARTESIAN_POINT('',(57.25,-44.5,-1.));
#1170 = VECTOR('',#1171,1.);
#1171 = DIRECTION('',(0.,0.,1.));
#1172 = ORIENTED_EDGE('',*,*,#780,.T.);
#1173 = ORIENTED_EDGE('',*,*,#1167,.T.);
#1174 = CYLINDRICAL_SURFACE('',#1175,2.25);
#1175 = AXIS2_PLACEMENT_3D('',#1176,#1177,#1178);
#1176 = CARTESIAN_POINT('',(55.,-44.5,-1.));
#1177 = DIRECTION('',(0.,0.,1.));
#1178 = DIRECTION('',(1.,0.,-0.));
#1179 = ADVANCED_FACE('',(#1180),#1191,.F.);
#1180 = FACE_BOUND('',#1181,.F.);
#1181 = EDGE_LOOP('',(#1182,#1183,#1189,#1190));
#1182 = ORIENTED_EDGE('',*,*,#298,.F.);
#1183 = ORIENTED_EDGE('',*,*,#1184,.F.);
#1184 = EDGE_CURVE('',#792,#299,#1185,.T.);
#1185 = LINE('',#1186,#1187);
#1186 = CARTESIAN_POINT('',(-52.75,44.5,-1.));
#1187 = VECTOR('',#1188,1.);
#1188 = DIRECTION('',(0.,0.,1.));
#1189 = ORIENTED_EDGE('',*,*,#791,.T.);
#1190 = ORIENTED_EDGE('',*,*,#1184,.T.);
#1191 = CYLINDRICAL_SURFACE('',#1192,2.25);
#1192 = AXIS2_PLACEMENT_3D('',#1193,#1194,#1195);
#1193 = CARTESIAN_POINT('',(-55.,44.5,-1.));
#1194 = DIRECTION('',(0.,0.,1.));
#1195 = DIRECTION('',(1.,0.,-0.));
#1196 = ADVANCED_FACE('',(#1197),#1208,.F.);
#1197 = FACE_BOUND('',#1198,.F.);
#1198 = EDGE_LOOP('',(#1199,#1200,#1206,#1207));
#1199 = ORIENTED_EDGE('',*,*,#320,.F.);
#1200 = ORIENTED_EDGE('',*,*,#1201,.F.);
#1201 = EDGE_CURVE('',#803,#321,#1202,.T.);
#1202 = LINE('',#1203,#1204);
#1203 = CARTESIAN_POINT('',(57.25,44.5,-1.));
#1204 = VECTOR('',#1205,1.);
#1205 = DIRECTION('',(0.,0.,1.));
#1206 = ORIENTED_EDGE('',*,*,#802,.T.);
#1207 = ORIENTED_EDGE('',*,*,#1201,.T.);
#1208 = CYLINDRICAL_SURFACE('',#1209,2.25);
#1209 = AXIS2_PLACEMENT_3D('',#1210,#1211,#1212);
#1210 = CARTESIAN_POINT('',(55.,44.5,-1.));
#1211 = DIRECTION('',(0.,0.,1.));
#1212 = DIRECTION('',(1.,0.,-0.));
#1213 = ADVANCED_FACE('',(#1214),#1233,.F.);
#1214 = FACE_BOUND('',#1215,.F.);
#1215 = EDGE_LOOP('',(#1216,#1224,#1225,#1226));
#1216 = ORIENTED_EDGE('',*,*,#1217,.T.);
#1217 = EDGE_CURVE('',#1218,#895,#1220,.T.);
#1218 = VERTEX_POINT('',#1219);
#1219 = CARTESIAN_POINT('',(-79.2,22.415,39.005));
#1220 = LINE('',#1221,#1222);
#1221 = CARTESIAN_POINT('',(-75.,22.415,39.005));
#1222 = VECTOR('',#1223,1.);
#1223 = DIRECTION('',(-1.,0.,0.));
#1224 = ORIENTED_EDGE('',*,*,#894,.F.);
#1225 = ORIENTED_EDGE('',*,*,#1217,.F.);
#1226 = ORIENTED_EDGE('',*,*,#1227,.T.);
#1227 = EDGE_CURVE('',#1218,#1218,#1228,.T.);
#1228 = CIRCLE('',#1229,2.2);
#1229 = AXIS2_PLACEMENT_3D('',#1230,#1231,#1232);
#1230 = CARTESIAN_POINT('',(-79.2,22.415,41.205));
#1231 = DIRECTION('',(-1.,0.,0.));
#1232 = DIRECTION('',(0.,0.,-1.));
#1233 = CYLINDRICAL_SURFACE('',#1234,2.2);
#1234 = AXIS2_PLACEMENT_3D('',#1235,#1236,#1237);
#1235 = CARTESIAN_POINT('',(-75.,22.415,41.205));
#1236 = DIRECTION('',(-1.,0.,0.));
#1237 = DIRECTION('',(0.,0.,-1.));
#1238 = ADVANCED_FACE('',(#1239),#1258,.F.);
#1239 = FACE_BOUND('',#1240,.F.);
#1240 = EDGE_LOOP('',(#1241,#1249,#1250,#1251));
#1241 = ORIENTED_EDGE('',*,*,#1242,.T.);
#1242 = EDGE_CURVE('',#1243,#906,#1245,.T.);
#1243 = VERTEX_POINT('',#1244);
#1244 = CARTESIAN_POINT('',(-79.2,-22.415,39.005));
#1245 = LINE('',#1246,#1247);
#1246 = CARTESIAN_POINT('',(-75.,-22.415,39.005));
#1247 = VECTOR('',#1248,1.);
#1248 = DIRECTION('',(-1.,0.,0.));
#1249 = ORIENTED_EDGE('',*,*,#905,.F.);
#1250 = ORIENTED_EDGE('',*,*,#1242,.F.);
#1251 = ORIENTED_EDGE('',*,*,#1252,.T.);
#1252 = EDGE_CURVE('',#1243,#1243,#1253,.T.);
#1253 = CIRCLE('',#1254,2.2);
#1254 = AXIS2_PLACEMENT_3D('',#1255,#1256,#1257);
#1255 = CARTESIAN_POINT('',(-79.2,-22.415,41.205));
#1256 = DIRECTION('',(-1.,0.,0.));
#1257 = DIRECTION('',(0.,0.,-1.));
#1258 = CYLINDRICAL_SURFACE('',#1259,2.2);
#1259 = AXIS2_PLACEMENT_3D('',#1260,#1261,#1262);
#1260 = CARTESIAN_POINT('',(-75.,-22.415,41.205));
#1261 = DIRECTION('',(-1.,0.,0.));
#1262 = DIRECTION('',(0.,0.,-1.));
#1263 = ADVANCED_FACE('',(#1264),#1283,.F.);
#1264 = FACE_BOUND('',#1265,.F.);
#1265 = EDGE_LOOP('',(#1266,#1274,#1275,#1276));
#1266 = ORIENTED_EDGE('',*,*,#1267,.T.);
#1267 = EDGE_CURVE('',#1268,#917,#1270,.T.);
#1268 = VERTEX_POINT('',#1269);
#1269 = CARTESIAN_POINT('',(-79.2,22.415,12.795));
#1270 = LINE('',#1271,#1272);
#1271 = CARTESIAN_POINT('',(-75.,22.415,12.795));
#1272 = VECTOR('',#1273,1.);
#1273 = DIRECTION('',(-1.,0.,0.));
#1274 = ORIENTED_EDGE('',*,*,#916,.F.);
#1275 = ORIENTED_EDGE('',*,*,#1267,.F.);
#1276 = ORIENTED_EDGE('',*,*,#1277,.T.);
#1277 = EDGE_CURVE('',#1268,#1268,#1278,.T.);
#1278 = CIRCLE('',#1279,2.2);
#1279 = AXIS2_PLACEMENT_3D('',#1280,#1281,#1282);
#1280 = CARTESIAN_POINT('',(-79.2,22.415,14.995));
#1281 = DIRECTION('',(-1.,0.,0.));
#1282 = DIRECTION('',(0.,0.,-1.));
#1283 = CYLINDRICAL_SURFACE('',#1284,2.2);
#1284 = AXIS2_PLACEMENT_3D('',#1285,#1286,#1287);
#1285 = CARTESIAN_POINT('',(-75.,22.415,14.995));
#1286 = DIRECTION('',(-1.,0.,0.));
#1287 = DIRECTION('',(0.,0.,-1.));
#1288 = ADVANCED_FACE('',(#1289),#1315,.F.);
#1289 = FACE_BOUND('',#1290,.F.);
#1290 = EDGE_LOOP('',(#1291,#1292,#1300,#1309));
#1291 = ORIENTED_EDGE('',*,*,#927,.F.);
#1292 = ORIENTED_EDGE('',*,*,#1293,.T.);
#1293 = EDGE_CURVE('',#928,#1294,#1296,.T.);
#1294 = VERTEX_POINT('',#1295);
#1295 = CARTESIAN_POINT('',(-76.,19.,21.1));
#1296 = LINE('',#1297,#1298);
#1297 = CARTESIAN_POINT('',(-82.,19.,21.1));
#1298 = VECTOR('',#1299,1.);
#1299 = DIRECTION('',(1.,0.,-0.));
#1300 = ORIENTED_EDGE('',*,*,#1301,.T.);
#1301 = EDGE_CURVE('',#1294,#1302,#1304,.T.);
#1302 = VERTEX_POINT('',#1303);
#1303 = CARTESIAN_POINT('',(-76.,14.,16.1));
#1304 = CIRCLE('',#1305,5.);
#1305 = AXIS2_PLACEMENT_3D('',#1306,#1307,#1308);
#1306 = CARTESIAN_POINT('',(-76.,14.,21.1));
#1307 = DIRECTION('',(-1.,0.,0.));
#1308 = DIRECTION('',(0.,0.,-1.));
#1309 = ORIENTED_EDGE('',*,*,#1310,.F.);
#1310 = EDGE_CURVE('',#930,#1302,#1311,.T.);
#1311 = LINE('',#1312,#1313);
#1312 = CARTESIAN_POINT('',(-82.,14.,16.1));
#1313 = VECTOR('',#1314,1.);
#1314 = DIRECTION('',(1.,0.,-0.));
#1315 = CYLINDRICAL_SURFACE('',#1316,5.);
#1316 = AXIS2_PLACEMENT_3D('',#1317,#1318,#1319);
#1317 = CARTESIAN_POINT('',(-75.,14.,21.1));
#1318 = DIRECTION('',(-1.,0.,0.));
#1319 = DIRECTION('',(0.,0.,-1.));
#1320 = ADVANCED_FACE('',(#1321),#1339,.F.);
#1321 = FACE_BOUND('',#1322,.F.);
#1322 = EDGE_LOOP('',(#1323,#1324,#1325,#1333));
#1323 = ORIENTED_EDGE('',*,*,#1293,.F.);
#1324 = ORIENTED_EDGE('',*,*,#989,.T.);
#1325 = ORIENTED_EDGE('',*,*,#1326,.T.);
#1326 = EDGE_CURVE('',#981,#1327,#1329,.T.);
#1327 = VERTEX_POINT('',#1328);
#1328 = CARTESIAN_POINT('',(-76.,19.,35.1));
#1329 = LINE('',#1330,#1331);
#1330 = CARTESIAN_POINT('',(-82.,19.,35.1));
#1331 = VECTOR('',#1332,1.);
#1332 = DIRECTION('',(1.,0.,-0.));
#1333 = ORIENTED_EDGE('',*,*,#1334,.F.);
#1334 = EDGE_CURVE('',#1294,#1327,#1335,.T.);
#1335 = LINE('',#1336,#1337);
#1336 = CARTESIAN_POINT('',(-76.,19.,14.7225));
#1337 = VECTOR('',#1338,1.);
#1338 = DIRECTION('',(0.,0.,1.));
#1339 = PLANE('',#1340);
#1340 = AXIS2_PLACEMENT_3D('',#1341,#1342,#1343);
#1341 = CARTESIAN_POINT('',(-82.,19.,21.1));
#1342 = DIRECTION('',(-0.,1.,0.));
#1343 = DIRECTION('',(0.,0.,1.));
#1344 = ADVANCED_FACE('',(#1345),#1363,.T.);
#1345 = FACE_BOUND('',#1346,.T.);
#1346 = EDGE_LOOP('',(#1347,#1348,#1356,#1362));
#1347 = ORIENTED_EDGE('',*,*,#938,.T.);
#1348 = ORIENTED_EDGE('',*,*,#1349,.T.);
#1349 = EDGE_CURVE('',#939,#1350,#1352,.T.);
#1350 = VERTEX_POINT('',#1351);
#1351 = CARTESIAN_POINT('',(-76.,-14.,16.1));
#1352 = LINE('',#1353,#1354);
#1353 = CARTESIAN_POINT('',(-82.,-14.,16.1));
#1354 = VECTOR('',#1355,1.);
#1355 = DIRECTION('',(1.,0.,-0.));
#1356 = ORIENTED_EDGE('',*,*,#1357,.F.);
#1357 = EDGE_CURVE('',#1302,#1350,#1358,.T.);
#1358 = LINE('',#1359,#1360);
#1359 = CARTESIAN_POINT('',(-76.,-21.7475,16.1));
#1360 = VECTOR('',#1361,1.);
#1361 = DIRECTION('',(0.,-1.,0.));
#1362 = ORIENTED_EDGE('',*,*,#1310,.F.);
#1363 = PLANE('',#1364);
#1364 = AXIS2_PLACEMENT_3D('',#1365,#1366,#1367);
#1365 = CARTESIAN_POINT('',(-82.,-14.,16.1));
#1366 = DIRECTION('',(0.,0.,1.));
#1367 = DIRECTION('',(1.,0.,-0.));
#1368 = ADVANCED_FACE('',(#1369),#1388,.F.);
#1369 = FACE_BOUND('',#1370,.F.);
#1370 = EDGE_LOOP('',(#1371,#1372,#1380,#1387));
#1371 = ORIENTED_EDGE('',*,*,#980,.F.);
#1372 = ORIENTED_EDGE('',*,*,#1373,.T.);
#1373 = EDGE_CURVE('',#973,#1374,#1376,.T.);
#1374 = VERTEX_POINT('',#1375);
#1375 = CARTESIAN_POINT('',(-76.,14.,40.1));
#1376 = LINE('',#1377,#1378);
#1377 = CARTESIAN_POINT('',(-82.,14.,40.1));
#1378 = VECTOR('',#1379,1.);
#1379 = DIRECTION('',(1.,0.,-0.));
#1380 = ORIENTED_EDGE('',*,*,#1381,.T.);
#1381 = EDGE_CURVE('',#1374,#1327,#1382,.T.);
#1382 = CIRCLE('',#1383,5.);
#1383 = AXIS2_PLACEMENT_3D('',#1384,#1385,#1386);
#1384 = CARTESIAN_POINT('',(-76.,14.,35.1));
#1385 = DIRECTION('',(-1.,0.,0.));
#1386 = DIRECTION('',(0.,0.,-1.));
#1387 = ORIENTED_EDGE('',*,*,#1326,.F.);
#1388 = CYLINDRICAL_SURFACE('',#1389,5.);
#1389 = AXIS2_PLACEMENT_3D('',#1390,#1391,#1392);
#1390 = CARTESIAN_POINT('',(-75.,14.,35.1));
#1391 = DIRECTION('',(-1.,0.,0.));
#1392 = DIRECTION('',(0.,0.,-1.));
#1393 = ADVANCED_FACE('',(#1394),#1413,.F.);
#1394 = FACE_BOUND('',#1395,.F.);
#1395 = EDGE_LOOP('',(#1396,#1397,#1398,#1407));
#1396 = ORIENTED_EDGE('',*,*,#946,.F.);
#1397 = ORIENTED_EDGE('',*,*,#1349,.T.);
#1398 = ORIENTED_EDGE('',*,*,#1399,.T.);
#1399 = EDGE_CURVE('',#1350,#1400,#1402,.T.);
#1400 = VERTEX_POINT('',#1401);
#1401 = CARTESIAN_POINT('',(-76.,-19.,21.1));
#1402 = CIRCLE('',#1403,5.);
#1403 = AXIS2_PLACEMENT_3D('',#1404,#1405,#1406);
#1404 = CARTESIAN_POINT('',(-76.,-14.,21.1));
#1405 = DIRECTION('',(-1.,0.,0.));
#1406 = DIRECTION('',(0.,0.,-1.));
#1407 = ORIENTED_EDGE('',*,*,#1408,.F.);
#1408 = EDGE_CURVE('',#947,#1400,#1409,.T.);
#1409 = LINE('',#1410,#1411);
#1410 = CARTESIAN_POINT('',(-82.,-19.,21.1));
#1411 = VECTOR('',#1412,1.);
#1412 = DIRECTION('',(1.,0.,-0.));
#1413 = CYLINDRICAL_SURFACE('',#1414,5.);
#1414 = AXIS2_PLACEMENT_3D('',#1415,#1416,#1417);
#1415 = CARTESIAN_POINT('',(-75.,-14.,21.1));
#1416 = DIRECTION('',(-1.,0.,0.));
#1417 = DIRECTION('',(0.,0.,-1.));
#1418 = ADVANCED_FACE('',(#1419),#1437,.F.);
#1419 = FACE_BOUND('',#1420,.F.);
#1420 = EDGE_LOOP('',(#1421,#1422,#1430,#1436));
#1421 = ORIENTED_EDGE('',*,*,#972,.T.);
#1422 = ORIENTED_EDGE('',*,*,#1423,.T.);
#1423 = EDGE_CURVE('',#964,#1424,#1426,.T.);
#1424 = VERTEX_POINT('',#1425);
#1425 = CARTESIAN_POINT('',(-76.,-14.,40.1));
#1426 = LINE('',#1427,#1428);
#1427 = CARTESIAN_POINT('',(-82.,-14.,40.1));
#1428 = VECTOR('',#1429,1.);
#1429 = DIRECTION('',(1.,0.,-0.));
#1430 = ORIENTED_EDGE('',*,*,#1431,.F.);
#1431 = EDGE_CURVE('',#1374,#1424,#1432,.T.);
#1432 = LINE('',#1433,#1434);
#1433 = CARTESIAN_POINT('',(-76.,-21.7475,40.1));
#1434 = VECTOR('',#1435,1.);
#1435 = DIRECTION('',(0.,-1.,0.));
#1436 = ORIENTED_EDGE('',*,*,#1373,.F.);
#1437 = PLANE('',#1438);
#1438 = AXIS2_PLACEMENT_3D('',#1439,#1440,#1441);
#1439 = CARTESIAN_POINT('',(-82.,-14.,40.1));
#1440 = DIRECTION('',(0.,0.,1.));
#1441 = DIRECTION('',(1.,0.,-0.));
#1442 = ADVANCED_FACE('',(#1443),#1461,.T.);
#1443 = FACE_BOUND('',#1444,.T.);
#1444 = EDGE_LOOP('',(#1445,#1446,#1447,#1455));
#1445 = ORIENTED_EDGE('',*,*,#1408,.F.);
#1446 = ORIENTED_EDGE('',*,*,#955,.T.);
#1447 = ORIENTED_EDGE('',*,*,#1448,.T.);
#1448 = EDGE_CURVE('',#956,#1449,#1451,.T.);
#1449 = VERTEX_POINT('',#1450);
#1450 = CARTESIAN_POINT('',(-76.,-19.,35.1));
#1451 = LINE('',#1452,#1453);
#1452 = CARTESIAN_POINT('',(-82.,-19.,35.1));
#1453 = VECTOR('',#1454,1.);
#1454 = DIRECTION('',(1.,0.,-0.));
#1455 = ORIENTED_EDGE('',*,*,#1456,.F.);
#1456 = EDGE_CURVE('',#1400,#1449,#1457,.T.);
#1457 = LINE('',#1458,#1459);
#1458 = CARTESIAN_POINT('',(-76.,-19.,14.7225));
#1459 = VECTOR('',#1460,1.);
#1460 = DIRECTION('',(0.,0.,1.));
#1461 = PLANE('',#1462);
#1462 = AXIS2_PLACEMENT_3D('',#1463,#1464,#1465);
#1463 = CARTESIAN_POINT('',(-82.,-19.,21.1));
#1464 = DIRECTION('',(-0.,1.,0.));
#1465 = DIRECTION('',(0.,0.,1.));
#1466 = ADVANCED_FACE('',(#1467),#1479,.F.);
#1467 = FACE_BOUND('',#1468,.F.);
#1468 = EDGE_LOOP('',(#1469,#1470,#1471,#1478));
#1469 = ORIENTED_EDGE('',*,*,#963,.F.);
#1470 = ORIENTED_EDGE('',*,*,#1448,.T.);
#1471 = ORIENTED_EDGE('',*,*,#1472,.T.);
#1472 = EDGE_CURVE('',#1449,#1424,#1473,.T.);
#1473 = CIRCLE('',#1474,5.);
#1474 = AXIS2_PLACEMENT_3D('',#1475,#1476,#1477);
#1475 = CARTESIAN_POINT('',(-76.,-14.,35.1));
#1476 = DIRECTION('',(-1.,0.,0.));
#1477 = DIRECTION('',(0.,0.,-1.));
#1478 = ORIENTED_EDGE('',*,*,#1423,.F.);
#1479 = CYLINDRICAL_SURFACE('',#1480,5.);
#1480 = AXIS2_PLACEMENT_3D('',#1481,#1482,#1483);
#1481 = CARTESIAN_POINT('',(-75.,-14.,35.1));
#1482 = DIRECTION('',(-1.,0.,0.));
#1483 = DIRECTION('',(0.,0.,-1.));
#1484 = ADVANCED_FACE('',(#1485),#1504,.F.);
#1485 = FACE_BOUND('',#1486,.F.);
#1486 = EDGE_LOOP('',(#1487,#1495,#1496,#1497));
#1487 = ORIENTED_EDGE('',*,*,#1488,.T.);
#1488 = EDGE_CURVE('',#1489,#998,#1491,.T.);
#1489 = VERTEX_POINT('',#1490);
#1490 = CARTESIAN_POINT('',(-79.2,-22.415,12.795));
#1491 = LINE('',#1492,#1493);
#1492 = CARTESIAN_POINT('',(-75.,-22.415,12.795));
#1493 = VECTOR('',#1494,1.);
#1494 = DIRECTION('',(-1.,0.,0.));
#1495 = ORIENTED_EDGE('',*,*,#997,.F.);
#1496 = ORIENTED_EDGE('',*,*,#1488,.F.);
#1497 = ORIENTED_EDGE('',*,*,#1498,.T.);
#1498 = EDGE_CURVE('',#1489,#1489,#1499,.T.);
#1499 = CIRCLE('',#1500,2.2);
#1500 = AXIS2_PLACEMENT_3D('',#1501,#1502,#1503);
#1501 = CARTESIAN_POINT('',(-79.2,-22.415,14.995));
#1502 = DIRECTION('',(-1.,0.,0.));
#1503 = DIRECTION('',(0.,0.,-1.));
#1504 = CYLINDRICAL_SURFACE('',#1505,2.2);
#1505 = AXIS2_PLACEMENT_3D('',#1506,#1507,#1508);
#1506 = CARTESIAN_POINT('',(-75.,-22.415,14.995));
#1507 = DIRECTION('',(-1.,0.,0.));
#1508 = DIRECTION('',(0.,0.,-1.));
#1509 = ADVANCED_FACE('',(#1510),#1522,.T.);
#1510 = FACE_BOUND('',#1511,.T.);
#1511 = EDGE_LOOP('',(#1512,#1519,#1520,#1521));
#1512 = ORIENTED_EDGE('',*,*,#1513,.F.);
#1513 = EDGE_CURVE('',#401,#471,#1514,.T.);
#1514 = CIRCLE('',#1515,4.);
#1515 = AXIS2_PLACEMENT_3D('',#1516,#1517,#1518);
#1516 = CARTESIAN_POINT('',(76.,46.,48.));
#1517 = DIRECTION('',(0.,0.,1.));
#1518 = DIRECTION('',(1.,0.,-0.));
#1519 = ORIENTED_EDGE('',*,*,#400,.F.);
#1520 = ORIENTED_EDGE('',*,*,#191,.T.);
#1521 = ORIENTED_EDGE('',*,*,#478,.T.);
#1522 = CYLINDRICAL_SURFACE('',#1523,4.);
#1523 = AXIS2_PLACEMENT_3D('',#1524,#1525,#1526);
#1524 = CARTESIAN_POINT('',(76.,46.,3.));
#1525 = DIRECTION('',(0.,0.,1.));
#1526 = DIRECTION('',(1.,0.,-0.));
#1527 = ADVANCED_FACE('',(#1528),#1553,.F.);
#1528 = FACE_BOUND('',#1529,.F.);
#1529 = EDGE_LOOP('',(#1530,#1531,#1539,#1547));
#1530 = ORIENTED_EDGE('',*,*,#55,.F.);
#1531 = ORIENTED_EDGE('',*,*,#1532,.T.);
#1532 = EDGE_CURVE('',#56,#1533,#1535,.T.);
#1533 = VERTEX_POINT('',#1534);
#1534 = CARTESIAN_POINT('',(-76.,-29.495,8.345));
#1535 = LINE('',#1536,#1537);
#1536 = CARTESIAN_POINT('',(-79.,-29.495,8.345));
#1537 = VECTOR('',#1538,1.);
#1538 = DIRECTION('',(1.,0.,-0.));
#1539 = ORIENTED_EDGE('',*,*,#1540,.T.);
#1540 = EDGE_CURVE('',#1533,#1541,#1543,.T.);
#1541 = VERTEX_POINT('',#1542);
#1542 = CARTESIAN_POINT('',(-76.,29.495,8.345));
#1543 = LINE('',#1544,#1545);
#1544 = CARTESIAN_POINT('',(-76.,-29.495,8.345));
#1545 = VECTOR('',#1546,1.);
#1546 = DIRECTION('',(-0.,1.,0.));
#1547 = ORIENTED_EDGE('',*,*,#1548,.F.);
#1548 = EDGE_CURVE('',#58,#1541,#1549,.T.);
#1549 = LINE('',#1550,#1551);
#1550 = CARTESIAN_POINT('',(-79.,29.495,8.345));
#1551 = VECTOR('',#1552,1.);
#1552 = DIRECTION('',(1.,0.,-0.));
#1553 = PLANE('',#1554);
#1554 = AXIS2_PLACEMENT_3D('',#1555,#1556,#1557);
#1555 = CARTESIAN_POINT('',(-79.,-29.495,8.345));
#1556 = DIRECTION('',(0.,0.,1.));
#1557 = DIRECTION('',(1.,0.,-0.));
#1558 = ADVANCED_FACE('',(#1559),#1577,.T.);
#1559 = FACE_BOUND('',#1560,.T.);
#1560 = EDGE_LOOP('',(#1561,#1562,#1563,#1571));
#1561 = ORIENTED_EDGE('',*,*,#1548,.F.);
#1562 = ORIENTED_EDGE('',*,*,#81,.T.);
#1563 = ORIENTED_EDGE('',*,*,#1564,.T.);
#1564 = EDGE_CURVE('',#74,#1565,#1567,.T.);
#1565 = VERTEX_POINT('',#1566);
#1566 = CARTESIAN_POINT('',(-76.,29.495,47.855));
#1567 = LINE('',#1568,#1569);
#1568 = CARTESIAN_POINT('',(-79.,29.495,47.855));
#1569 = VECTOR('',#1570,1.);
#1570 = DIRECTION('',(1.,0.,-0.));
#1571 = ORIENTED_EDGE('',*,*,#1572,.F.);
#1572 = EDGE_CURVE('',#1541,#1565,#1573,.T.);
#1573 = LINE('',#1574,#1575);
#1574 = CARTESIAN_POINT('',(-76.,29.495,8.345));
#1575 = VECTOR('',#1576,1.);
#1576 = DIRECTION('',(0.,0.,1.));
#1577 = PLANE('',#1578);
#1578 = AXIS2_PLACEMENT_3D('',#1579,#1580,#1581);
#1579 = CARTESIAN_POINT('',(-79.,29.495,8.345));
#1580 = DIRECTION('',(-0.,1.,0.));
#1581 = DIRECTION('',(0.,0.,1.));
#1582 = ADVANCED_FACE('',(#1583),#1601,.T.);
#1583 = FACE_BOUND('',#1584,.T.);
#1584 = EDGE_LOOP('',(#1585,#1586,#1594,#1600));
#1585 = ORIENTED_EDGE('',*,*,#73,.F.);
#1586 = ORIENTED_EDGE('',*,*,#1587,.T.);
#1587 = EDGE_CURVE('',#66,#1588,#1590,.T.);
#1588 = VERTEX_POINT('',#1589);
#1589 = CARTESIAN_POINT('',(-76.,-29.495,47.855));
#1590 = LINE('',#1591,#1592);
#1591 = CARTESIAN_POINT('',(-79.,-29.495,47.855));
#1592 = VECTOR('',#1593,1.);
#1593 = DIRECTION('',(1.,0.,-0.));
#1594 = ORIENTED_EDGE('',*,*,#1595,.T.);
#1595 = EDGE_CURVE('',#1588,#1565,#1596,.T.);
#1596 = LINE('',#1597,#1598);
#1597 = CARTESIAN_POINT('',(-76.,-29.495,47.855));
#1598 = VECTOR('',#1599,1.);
#1599 = DIRECTION('',(-0.,1.,0.));
#1600 = ORIENTED_EDGE('',*,*,#1564,.F.);
#1601 = PLANE('',#1602);
#1602 = AXIS2_PLACEMENT_3D('',#1603,#1604,#1605);
#1603 = CARTESIAN_POINT('',(-79.,-29.495,47.855));
#1604 = DIRECTION('',(0.,0.,1.));
#1605 = DIRECTION('',(1.,0.,-0.));
#1606 = ADVANCED_FACE('',(#1607),#1618,.F.);
#1607 = FACE_BOUND('',#1608,.F.);
#1608 = EDGE_LOOP('',(#1609,#1610,#1611,#1612));
#1609 = ORIENTED_EDGE('',*,*,#1532,.F.);
#1610 = ORIENTED_EDGE('',*,*,#65,.T.);
#1611 = ORIENTED_EDGE('',*,*,#1587,.T.);
#1612 = ORIENTED_EDGE('',*,*,#1613,.F.);
#1613 = EDGE_CURVE('',#1533,#1588,#1614,.T.);
#1614 = LINE('',#1615,#1616);
#1615 = CARTESIAN_POINT('',(-76.,-29.495,8.345));
#1616 = VECTOR('',#1617,1.);
#1617 = DIRECTION('',(0.,0.,1.));
#1618 = PLANE('',#1619);
#1619 = AXIS2_PLACEMENT_3D('',#1620,#1621,#1622);
#1620 = CARTESIAN_POINT('',(-79.,-29.495,8.345));
#1621 = DIRECTION('',(-0.,1.,0.));
#1622 = DIRECTION('',(0.,0.,1.));
#1623 = ADVANCED_FACE('',(#1624),#1636,.T.);
#1624 = FACE_BOUND('',#1625,.T.);
#1625 = EDGE_LOOP('',(#1626,#1633,#1634,#1635));
#1626 = ORIENTED_EDGE('',*,*,#1627,.F.);
#1627 = EDGE_CURVE('',#494,#440,#1628,.T.);
#1628 = CIRCLE('',#1629,4.);
#1629 = AXIS2_PLACEMENT_3D('',#1630,#1631,#1632);
#1630 = CARTESIAN_POINT('',(76.,-46.,48.));
#1631 = DIRECTION('',(0.,0.,1.));
#1632 = DIRECTION('',(1.,0.,-0.));
#1633 = ORIENTED_EDGE('',*,*,#493,.F.);
#1634 = ORIENTED_EDGE('',*,*,#157,.T.);
#1635 = ORIENTED_EDGE('',*,*,#447,.T.);
#1636 = CYLINDRICAL_SURFACE('',#1637,4.);
#1637 = AXIS2_PLACEMENT_3D('',#1638,#1639,#1640);
#1638 = CARTESIAN_POINT('',(76.,-46.,3.));
#1639 = DIRECTION('',(0.,0.,1.));
#1640 = DIRECTION('',(1.,0.,-0.));
#1641 = ADVANCED_FACE('',(#1642),#1654,.T.);
#1642 = FACE_BOUND('',#1643,.T.);
#1643 = EDGE_LOOP('',(#1644,#1651,#1652,#1653));
#1644 = ORIENTED_EDGE('',*,*,#1645,.F.);
#1645 = EDGE_CURVE('',#463,#502,#1646,.T.);
#1646 = CIRCLE('',#1647,4.);
#1647 = AXIS2_PLACEMENT_3D('',#1648,#1649,#1650);
#1648 = CARTESIAN_POINT('',(76.,0.,48.));
#1649 = DIRECTION('',(0.,0.,1.));
#1650 = DIRECTION('',(1.,0.,-0.));
#1651 = ORIENTED_EDGE('',*,*,#462,.F.);
#1652 = ORIENTED_EDGE('',*,*,#174,.T.);
#1653 = ORIENTED_EDGE('',*,*,#509,.T.);
#1654 = CYLINDRICAL_SURFACE('',#1655,4.);
#1655 = AXIS2_PLACEMENT_3D('',#1656,#1657,#1658);
#1656 = CARTESIAN_POINT('',(76.,0.,3.));
#1657 = DIRECTION('',(0.,0.,1.));
#1658 = DIRECTION('',(1.,0.,-0.));
#1659 = ADVANCED_FACE('',(#1660,#1710),#1713,.T.);
#1660 = FACE_BOUND('',#1661,.T.);
#1661 = EDGE_LOOP('',(#1662,#1672,#1680,#1688,#1696,#1704));
#1662 = ORIENTED_EDGE('',*,*,#1663,.T.);
#1663 = EDGE_CURVE('',#1664,#1666,#1668,.T.);
#1664 = VERTEX_POINT('',#1665);
#1665 = CARTESIAN_POINT('',(-79.2,26.571921938165,41.205));
#1666 = VERTEX_POINT('',#1667);
#1667 = CARTESIAN_POINT('',(-79.2,24.493460969083,44.805));
#1668 = LINE('',#1669,#1670);
#1669 = CARTESIAN_POINT('',(-79.2,26.571921938165,41.205));
#1670 = VECTOR('',#1671,1.);
#1671 = DIRECTION('',(0.,-0.5,0.866025403784));
#1672 = ORIENTED_EDGE('',*,*,#1673,.T.);
#1673 = EDGE_CURVE('',#1666,#1674,#1676,.T.);
#1674 = VERTEX_POINT('',#1675);
#1675 = CARTESIAN_POINT('',(-79.2,20.336539030917,44.805));
#1676 = LINE('',#1677,#1678);
#1677 = CARTESIAN_POINT('',(-79.2,24.493460969083,44.805));
#1678 = VECTOR('',#1679,1.);
#1679 = DIRECTION('',(0.,-1.,0.));
#1680 = ORIENTED_EDGE('',*,*,#1681,.T.);
#1681 = EDGE_CURVE('',#1674,#1682,#1684,.T.);
#1682 = VERTEX_POINT('',#1683);
#1683 = CARTESIAN_POINT('',(-79.2,18.258078061835,41.205));
#1684 = LINE('',#1685,#1686);
#1685 = CARTESIAN_POINT('',(-79.2,20.336539030917,44.805));
#1686 = VECTOR('',#1687,1.);
#1687 = DIRECTION('',(0.,-0.5,-0.866025403784));
#1688 = ORIENTED_EDGE('',*,*,#1689,.T.);
#1689 = EDGE_CURVE('',#1682,#1690,#1692,.T.);
#1690 = VERTEX_POINT('',#1691);
#1691 = CARTESIAN_POINT('',(-79.2,20.336539030917,37.605));
#1692 = LINE('',#1693,#1694);
#1693 = CARTESIAN_POINT('',(-79.2,18.258078061835,41.205));
#1694 = VECTOR('',#1695,1.);
#1695 = DIRECTION('',(0.,0.5,-0.866025403784));
#1696 = ORIENTED_EDGE('',*,*,#1697,.T.);
#1697 = EDGE_CURVE('',#1690,#1698,#1700,.T.);
#1698 = VERTEX_POINT('',#1699);
#1699 = CARTESIAN_POINT('',(-79.2,24.493460969083,37.605));
#1700 = LINE('',#1701,#1702);
#1701 = CARTESIAN_POINT('',(-79.2,20.336539030917,37.605));
#1702 = VECTOR('',#1703,1.);
#1703 = DIRECTION('',(0.,1.,0.));
#1704 = ORIENTED_EDGE('',*,*,#1705,.T.);
#1705 = EDGE_CURVE('',#1698,#1664,#1706,.T.);
#1706 = LINE('',#1707,#1708);
#1707 = CARTESIAN_POINT('',(-79.2,24.493460969083,37.605));
#1708 = VECTOR('',#1709,1.);
#1709 = DIRECTION('',(0.,0.5,0.866025403784));
#1710 = FACE_BOUND('',#1711,.T.);
#1711 = EDGE_LOOP('',(#1712));
#1712 = ORIENTED_EDGE('',*,*,#1227,.T.);
#1713 = PLANE('',#1714);
#1714 = AXIS2_PLACEMENT_3D('',#1715,#1716,#1717);
#1715 = CARTESIAN_POINT('',(-79.2,22.415,41.205));
#1716 = DIRECTION('',(1.,0.,0.));
#1717 = DIRECTION('',(-0.,0.,1.));
#1718 = ADVANCED_FACE('',(#1719,#1769),#1772,.T.);
#1719 = FACE_BOUND('',#1720,.T.);
#1720 = EDGE_LOOP('',(#1721,#1731,#1739,#1747,#1755,#1763));
#1721 = ORIENTED_EDGE('',*,*,#1722,.T.);
#1722 = EDGE_CURVE('',#1723,#1725,#1727,.T.);
#1723 = VERTEX_POINT('',#1724);
#1724 = CARTESIAN_POINT('',(-79.2,-18.25807806183,41.205));
#1725 = VERTEX_POINT('',#1726);
#1726 = CARTESIAN_POINT('',(-79.2,-20.33653903091,44.805));
#1727 = LINE('',#1728,#1729);
#1728 = CARTESIAN_POINT('',(-79.2,-18.25807806183,41.205));
#1729 = VECTOR('',#1730,1.);
#1730 = DIRECTION('',(0.,-0.5,0.866025403784));
#1731 = ORIENTED_EDGE('',*,*,#1732,.T.);
#1732 = EDGE_CURVE('',#1725,#1733,#1735,.T.);
#1733 = VERTEX_POINT('',#1734);
#1734 = CARTESIAN_POINT('',(-79.2,-24.49346096908,44.805));
#1735 = LINE('',#1736,#1737);
#1736 = CARTESIAN_POINT('',(-79.2,-20.33653903091,44.805));
#1737 = VECTOR('',#1738,1.);
#1738 = DIRECTION('',(0.,-1.,0.));
#1739 = ORIENTED_EDGE('',*,*,#1740,.T.);
#1740 = EDGE_CURVE('',#1733,#1741,#1743,.T.);
#1741 = VERTEX_POINT('',#1742);
#1742 = CARTESIAN_POINT('',(-79.2,-26.57192193816,41.205));
#1743 = LINE('',#1744,#1745);
#1744 = CARTESIAN_POINT('',(-79.2,-24.49346096908,44.805));
#1745 = VECTOR('',#1746,1.);
#1746 = DIRECTION('',(0.,-0.5,-0.866025403784));
#1747 = ORIENTED_EDGE('',*,*,#1748,.T.);
#1748 = EDGE_CURVE('',#1741,#1749,#1751,.T.);
#1749 = VERTEX_POINT('',#1750);
#1750 = CARTESIAN_POINT('',(-79.2,-24.49346096908,37.605));
#1751 = LINE('',#1752,#1753);
#1752 = CARTESIAN_POINT('',(-79.2,-26.57192193816,41.205));
#1753 = VECTOR('',#1754,1.);
#1754 = DIRECTION('',(0.,0.5,-0.866025403784));
#1755 = ORIENTED_EDGE('',*,*,#1756,.T.);
#1756 = EDGE_CURVE('',#1749,#1757,#1759,.T.);
#1757 = VERTEX_POINT('',#1758);
#1758 = CARTESIAN_POINT('',(-79.2,-20.33653903091,37.605));
#1759 = LINE('',#1760,#1761);
#1760 = CARTESIAN_POINT('',(-79.2,-24.49346096908,37.605));
#1761 = VECTOR('',#1762,1.);
#1762 = DIRECTION('',(0.,1.,0.));
#1763 = ORIENTED_EDGE('',*,*,#1764,.T.);
#1764 = EDGE_CURVE('',#1757,#1723,#1765,.T.);
#1765 = LINE('',#1766,#1767);
#1766 = CARTESIAN_POINT('',(-79.2,-20.33653903091,37.605));
#1767 = VECTOR('',#1768,1.);
#1768 = DIRECTION('',(0.,0.5,0.866025403784));
#1769 = FACE_BOUND('',#1770,.T.);
#1770 = EDGE_LOOP('',(#1771));
#1771 = ORIENTED_EDGE('',*,*,#1252,.T.);
#1772 = PLANE('',#1773);
#1773 = AXIS2_PLACEMENT_3D('',#1774,#1775,#1776);
#1774 = CARTESIAN_POINT('',(-79.2,-22.415,41.205));
#1775 = DIRECTION('',(1.,0.,0.));
#1776 = DIRECTION('',(-0.,0.,1.));
#1777 = ADVANCED_FACE('',(#1778,#1828),#1831,.T.);
#1778 = FACE_BOUND('',#1779,.T.);
#1779 = EDGE_LOOP('',(#1780,#1790,#1798,#1806,#1814,#1822));
#1780 = ORIENTED_EDGE('',*,*,#1781,.T.);
#1781 = EDGE_CURVE('',#1782,#1784,#1786,.T.);
#1782 = VERTEX_POINT('',#1783);
#1783 = CARTESIAN_POINT('',(-79.2,26.571921938165,14.995));
#1784 = VERTEX_POINT('',#1785);
#1785 = CARTESIAN_POINT('',(-79.2,24.493460969083,18.595));
#1786 = LINE('',#1787,#1788);
#1787 = CARTESIAN_POINT('',(-79.2,26.571921938165,14.995));
#1788 = VECTOR('',#1789,1.);
#1789 = DIRECTION('',(0.,-0.5,0.866025403784));
#1790 = ORIENTED_EDGE('',*,*,#1791,.T.);
#1791 = EDGE_CURVE('',#1784,#1792,#1794,.T.);
#1792 = VERTEX_POINT('',#1793);
#1793 = CARTESIAN_POINT('',(-79.2,20.336539030917,18.595));
#1794 = LINE('',#1795,#1796);
#1795 = CARTESIAN_POINT('',(-79.2,24.493460969083,18.595));
#1796 = VECTOR('',#1797,1.);
#1797 = DIRECTION('',(0.,-1.,0.));
#1798 = ORIENTED_EDGE('',*,*,#1799,.T.);
#1799 = EDGE_CURVE('',#1792,#1800,#1802,.T.);
#1800 = VERTEX_POINT('',#1801);
#1801 = CARTESIAN_POINT('',(-79.2,18.258078061835,14.995));
#1802 = LINE('',#1803,#1804);
#1803 = CARTESIAN_POINT('',(-79.2,20.336539030917,18.595));
#1804 = VECTOR('',#1805,1.);
#1805 = DIRECTION('',(0.,-0.5,-0.866025403784));
#1806 = ORIENTED_EDGE('',*,*,#1807,.T.);
#1807 = EDGE_CURVE('',#1800,#1808,#1810,.T.);
#1808 = VERTEX_POINT('',#1809);
#1809 = CARTESIAN_POINT('',(-79.2,20.336539030917,11.395));
#1810 = LINE('',#1811,#1812);
#1811 = CARTESIAN_POINT('',(-79.2,18.258078061835,14.995));
#1812 = VECTOR('',#1813,1.);
#1813 = DIRECTION('',(0.,0.5,-0.866025403784));
#1814 = ORIENTED_EDGE('',*,*,#1815,.T.);
#1815 = EDGE_CURVE('',#1808,#1816,#1818,.T.);
#1816 = VERTEX_POINT('',#1817);
#1817 = CARTESIAN_POINT('',(-79.2,24.493460969083,11.395));
#1818 = LINE('',#1819,#1820);
#1819 = CARTESIAN_POINT('',(-79.2,20.336539030917,11.395));
#1820 = VECTOR('',#1821,1.);
#1821 = DIRECTION('',(0.,1.,0.));
#1822 = ORIENTED_EDGE('',*,*,#1823,.T.);
#1823 = EDGE_CURVE('',#1816,#1782,#1824,.T.);
#1824 = LINE('',#1825,#1826);
#1825 = CARTESIAN_POINT('',(-79.2,24.493460969083,11.395));
#1826 = VECTOR('',#1827,1.);
#1827 = DIRECTION('',(0.,0.5,0.866025403784));
#1828 = FACE_BOUND('',#1829,.T.);
#1829 = EDGE_LOOP('',(#1830));
#1830 = ORIENTED_EDGE('',*,*,#1277,.T.);
#1831 = PLANE('',#1832);
#1832 = AXIS2_PLACEMENT_3D('',#1833,#1834,#1835);
#1833 = CARTESIAN_POINT('',(-79.2,22.415,14.995));
#1834 = DIRECTION('',(1.,0.,0.));
#1835 = DIRECTION('',(-0.,0.,1.));
#1836 = ADVANCED_FACE('',(#1837,#1843,#1893,#1943,#1953,#2003),#2053,.T.
  );
#1837 = FACE_BOUND('',#1838,.T.);
#1838 = EDGE_LOOP('',(#1839,#1840,#1841,#1842));
#1839 = ORIENTED_EDGE('',*,*,#1613,.F.);
#1840 = ORIENTED_EDGE('',*,*,#1540,.T.);
#1841 = ORIENTED_EDGE('',*,*,#1572,.T.);
#1842 = ORIENTED_EDGE('',*,*,#1595,.F.);
#1843 = FACE_BOUND('',#1844,.T.);
#1844 = EDGE_LOOP('',(#1845,#1855,#1863,#1871,#1879,#1887));
#1845 = ORIENTED_EDGE('',*,*,#1846,.F.);
#1846 = EDGE_CURVE('',#1847,#1849,#1851,.T.);
#1847 = VERTEX_POINT('',#1848);
#1848 = CARTESIAN_POINT('',(-76.,26.571921938165,14.995));
#1849 = VERTEX_POINT('',#1850);
#1850 = CARTESIAN_POINT('',(-76.,24.493460969083,18.595));
#1851 = LINE('',#1852,#1853);
#1852 = CARTESIAN_POINT('',(-76.,26.571921938165,14.995));
#1853 = VECTOR('',#1854,1.);
#1854 = DIRECTION('',(0.,-0.5,0.866025403784));
#1855 = ORIENTED_EDGE('',*,*,#1856,.F.);
#1856 = EDGE_CURVE('',#1857,#1847,#1859,.T.);
#1857 = VERTEX_POINT('',#1858);
#1858 = CARTESIAN_POINT('',(-76.,24.493460969083,11.395));
#1859 = LINE('',#1860,#1861);
#1860 = CARTESIAN_POINT('',(-76.,24.493460969083,11.395));
#1861 = VECTOR('',#1862,1.);
#1862 = DIRECTION('',(0.,0.5,0.866025403784));
#1863 = ORIENTED_EDGE('',*,*,#1864,.F.);
#1864 = EDGE_CURVE('',#1865,#1857,#1867,.T.);
#1865 = VERTEX_POINT('',#1866);
#1866 = CARTESIAN_POINT('',(-76.,20.336539030917,11.395));
#1867 = LINE('',#1868,#1869);
#1868 = CARTESIAN_POINT('',(-76.,20.336539030917,11.395));
#1869 = VECTOR('',#1870,1.);
#1870 = DIRECTION('',(0.,1.,0.));
#1871 = ORIENTED_EDGE('',*,*,#1872,.F.);
#1872 = EDGE_CURVE('',#1873,#1865,#1875,.T.);
#1873 = VERTEX_POINT('',#1874);
#1874 = CARTESIAN_POINT('',(-76.,18.258078061835,14.995));
#1875 = LINE('',#1876,#1877);
#1876 = CARTESIAN_POINT('',(-76.,18.258078061835,14.995));
#1877 = VECTOR('',#1878,1.);
#1878 = DIRECTION('',(0.,0.5,-0.866025403784));
#1879 = ORIENTED_EDGE('',*,*,#1880,.F.);
#1880 = EDGE_CURVE('',#1881,#1873,#1883,.T.);
#1881 = VERTEX_POINT('',#1882);
#1882 = CARTESIAN_POINT('',(-76.,20.336539030917,18.595));
#1883 = LINE('',#1884,#1885);
#1884 = CARTESIAN_POINT('',(-76.,20.336539030917,18.595));
#1885 = VECTOR('',#1886,1.);
#1886 = DIRECTION('',(0.,-0.5,-0.866025403784));
#1887 = ORIENTED_EDGE('',*,*,#1888,.F.);
#1888 = EDGE_CURVE('',#1849,#1881,#1889,.T.);
#1889 = LINE('',#1890,#1891);
#1890 = CARTESIAN_POINT('',(-76.,24.493460969083,18.595));
#1891 = VECTOR('',#1892,1.);
#1892 = DIRECTION('',(0.,-1.,0.));
#1893 = FACE_BOUND('',#1894,.T.);
#1894 = EDGE_LOOP('',(#1895,#1905,#1913,#1921,#1929,#1937));
#1895 = ORIENTED_EDGE('',*,*,#1896,.F.);
#1896 = EDGE_CURVE('',#1897,#1899,#1901,.T.);
#1897 = VERTEX_POINT('',#1898);
#1898 = CARTESIAN_POINT('',(-76.,26.571921938165,41.205));
#1899 = VERTEX_POINT('',#1900);
#1900 = CARTESIAN_POINT('',(-76.,24.493460969083,44.805));
#1901 = LINE('',#1902,#1903);
#1902 = CARTESIAN_POINT('',(-76.,26.571921938165,41.205));
#1903 = VECTOR('',#1904,1.);
#1904 = DIRECTION('',(0.,-0.5,0.866025403784));
#1905 = ORIENTED_EDGE('',*,*,#1906,.F.);
#1906 = EDGE_CURVE('',#1907,#1897,#1909,.T.);
#1907 = VERTEX_POINT('',#1908);
#1908 = CARTESIAN_POINT('',(-76.,24.493460969083,37.605));
#1909 = LINE('',#1910,#1911);
#1910 = CARTESIAN_POINT('',(-76.,24.493460969083,37.605));
#1911 = VECTOR('',#1912,1.);
#1912 = DIRECTION('',(0.,0.5,0.866025403784));
#1913 = ORIENTED_EDGE('',*,*,#1914,.F.);
#1914 = EDGE_CURVE('',#1915,#1907,#1917,.T.);
#1915 = VERTEX_POINT('',#1916);
#1916 = CARTESIAN_POINT('',(-76.,20.336539030917,37.605));
#1917 = LINE('',#1918,#1919);
#1918 = CARTESIAN_POINT('',(-76.,20.336539030917,37.605));
#1919 = VECTOR('',#1920,1.);
#1920 = DIRECTION('',(0.,1.,0.));
#1921 = ORIENTED_EDGE('',*,*,#1922,.F.);
#1922 = EDGE_CURVE('',#1923,#1915,#1925,.T.);
#1923 = VERTEX_POINT('',#1924);
#1924 = CARTESIAN_POINT('',(-76.,18.258078061835,41.205));
#1925 = LINE('',#1926,#1927);
#1926 = CARTESIAN_POINT('',(-76.,18.258078061835,41.205));
#1927 = VECTOR('',#1928,1.);
#1928 = DIRECTION('',(0.,0.5,-0.866025403784));
#1929 = ORIENTED_EDGE('',*,*,#1930,.F.);
#1930 = EDGE_CURVE('',#1931,#1923,#1933,.T.);
#1931 = VERTEX_POINT('',#1932);
#1932 = CARTESIAN_POINT('',(-76.,20.336539030917,44.805));
#1933 = LINE('',#1934,#1935);
#1934 = CARTESIAN_POINT('',(-76.,20.336539030917,44.805));
#1935 = VECTOR('',#1936,1.);
#1936 = DIRECTION('',(0.,-0.5,-0.866025403784));
#1937 = ORIENTED_EDGE('',*,*,#1938,.F.);
#1938 = EDGE_CURVE('',#1899,#1931,#1939,.T.);
#1939 = LINE('',#1940,#1941);
#1940 = CARTESIAN_POINT('',(-76.,24.493460969083,44.805));
#1941 = VECTOR('',#1942,1.);
#1942 = DIRECTION('',(0.,-1.,0.));
#1943 = FACE_BOUND('',#1944,.T.);
#1944 = EDGE_LOOP('',(#1945,#1946,#1947,#1948,#1949,#1950,#1951,#1952));
#1945 = ORIENTED_EDGE('',*,*,#1301,.T.);
#1946 = ORIENTED_EDGE('',*,*,#1357,.T.);
#1947 = ORIENTED_EDGE('',*,*,#1399,.T.);
#1948 = ORIENTED_EDGE('',*,*,#1456,.T.);
#1949 = ORIENTED_EDGE('',*,*,#1472,.T.);
#1950 = ORIENTED_EDGE('',*,*,#1431,.F.);
#1951 = ORIENTED_EDGE('',*,*,#1381,.T.);
#1952 = ORIENTED_EDGE('',*,*,#1334,.F.);
#1953 = FACE_BOUND('',#1954,.T.);
#1954 = EDGE_LOOP('',(#1955,#1965,#1973,#1981,#1989,#1997));
#1955 = ORIENTED_EDGE('',*,*,#1956,.F.);
#1956 = EDGE_CURVE('',#1957,#1959,#1961,.T.);
#1957 = VERTEX_POINT('',#1958);
#1958 = CARTESIAN_POINT('',(-76.,-18.25807806183,14.995));
#1959 = VERTEX_POINT('',#1960);
#1960 = CARTESIAN_POINT('',(-76.,-20.33653903091,18.595));
#1961 = LINE('',#1962,#1963);
#1962 = CARTESIAN_POINT('',(-76.,-18.25807806183,14.995));
#1963 = VECTOR('',#1964,1.);
#1964 = DIRECTION('',(0.,-0.5,0.866025403784));
#1965 = ORIENTED_EDGE('',*,*,#1966,.F.);
#1966 = EDGE_CURVE('',#1967,#1957,#1969,.T.);
#1967 = VERTEX_POINT('',#1968);
#1968 = CARTESIAN_POINT('',(-76.,-20.33653903091,11.395));
#1969 = LINE('',#1970,#1971);
#1970 = CARTESIAN_POINT('',(-76.,-20.33653903091,11.395));
#1971 = VECTOR('',#1972,1.);
#1972 = DIRECTION('',(0.,0.5,0.866025403784));
#1973 = ORIENTED_EDGE('',*,*,#1974,.F.);
#1974 = EDGE_CURVE('',#1975,#1967,#1977,.T.);
#1975 = VERTEX_POINT('',#1976);
#1976 = CARTESIAN_POINT('',(-76.,-24.49346096908,11.395));
#1977 = LINE('',#1978,#1979);
#1978 = CARTESIAN_POINT('',(-76.,-24.49346096908,11.395));
#1979 = VECTOR('',#1980,1.);
#1980 = DIRECTION('',(0.,1.,0.));
#1981 = ORIENTED_EDGE('',*,*,#1982,.F.);
#1982 = EDGE_CURVE('',#1983,#1975,#1985,.T.);
#1983 = VERTEX_POINT('',#1984);
#1984 = CARTESIAN_POINT('',(-76.,-26.57192193816,14.995));
#1985 = LINE('',#1986,#1987);
#1986 = CARTESIAN_POINT('',(-76.,-26.57192193816,14.995));
#1987 = VECTOR('',#1988,1.);
#1988 = DIRECTION('',(0.,0.5,-0.866025403784));
#1989 = ORIENTED_EDGE('',*,*,#1990,.F.);
#1990 = EDGE_CURVE('',#1991,#1983,#1993,.T.);
#1991 = VERTEX_POINT('',#1992);
#1992 = CARTESIAN_POINT('',(-76.,-24.49346096908,18.595));
#1993 = LINE('',#1994,#1995);
#1994 = CARTESIAN_POINT('',(-76.,-24.49346096908,18.595));
#1995 = VECTOR('',#1996,1.);
#1996 = DIRECTION('',(0.,-0.5,-0.866025403784));
#1997 = ORIENTED_EDGE('',*,*,#1998,.F.);
#1998 = EDGE_CURVE('',#1959,#1991,#1999,.T.);
#1999 = LINE('',#2000,#2001);
#2000 = CARTESIAN_POINT('',(-76.,-20.33653903091,18.595));
#2001 = VECTOR('',#2002,1.);
#2002 = DIRECTION('',(0.,-1.,0.));
#2003 = FACE_BOUND('',#2004,.T.);
#2004 = EDGE_LOOP('',(#2005,#2015,#2023,#2031,#2039,#2047));
#2005 = ORIENTED_EDGE('',*,*,#2006,.F.);
#2006 = EDGE_CURVE('',#2007,#2009,#2011,.T.);
#2007 = VERTEX_POINT('',#2008);
#2008 = CARTESIAN_POINT('',(-76.,-18.25807806183,41.205));
#2009 = VERTEX_POINT('',#2010);
#2010 = CARTESIAN_POINT('',(-76.,-20.33653903091,44.805));
#2011 = LINE('',#2012,#2013);
#2012 = CARTESIAN_POINT('',(-76.,-18.25807806183,41.205));
#2013 = VECTOR('',#2014,1.);
#2014 = DIRECTION('',(0.,-0.5,0.866025403784));
#2015 = ORIENTED_EDGE('',*,*,#2016,.F.);
#2016 = EDGE_CURVE('',#2017,#2007,#2019,.T.);
#2017 = VERTEX_POINT('',#2018);
#2018 = CARTESIAN_POINT('',(-76.,-20.33653903091,37.605));
#2019 = LINE('',#2020,#2021);
#2020 = CARTESIAN_POINT('',(-76.,-20.33653903091,37.605));
#2021 = VECTOR('',#2022,1.);
#2022 = DIRECTION('',(0.,0.5,0.866025403784));
#2023 = ORIENTED_EDGE('',*,*,#2024,.F.);
#2024 = EDGE_CURVE('',#2025,#2017,#2027,.T.);
#2025 = VERTEX_POINT('',#2026);
#2026 = CARTESIAN_POINT('',(-76.,-24.49346096908,37.605));
#2027 = LINE('',#2028,#2029);
#2028 = CARTESIAN_POINT('',(-76.,-24.49346096908,37.605));
#2029 = VECTOR('',#2030,1.);
#2030 = DIRECTION('',(0.,1.,0.));
#2031 = ORIENTED_EDGE('',*,*,#2032,.F.);
#2032 = EDGE_CURVE('',#2033,#2025,#2035,.T.);
#2033 = VERTEX_POINT('',#2034);
#2034 = CARTESIAN_POINT('',(-76.,-26.57192193816,41.205));
#2035 = LINE('',#2036,#2037);
#2036 = CARTESIAN_POINT('',(-76.,-26.57192193816,41.205));
#2037 = VECTOR('',#2038,1.);
#2038 = DIRECTION('',(0.,0.5,-0.866025403784));
#2039 = ORIENTED_EDGE('',*,*,#2040,.F.);
#2040 = EDGE_CURVE('',#2041,#2033,#2043,.T.);
#2041 = VERTEX_POINT('',#2042);
#2042 = CARTESIAN_POINT('',(-76.,-24.49346096908,44.805));
#2043 = LINE('',#2044,#2045);
#2044 = CARTESIAN_POINT('',(-76.,-24.49346096908,44.805));
#2045 = VECTOR('',#2046,1.);
#2046 = DIRECTION('',(0.,-0.5,-0.866025403784));
#2047 = ORIENTED_EDGE('',*,*,#2048,.F.);
#2048 = EDGE_CURVE('',#2009,#2041,#2049,.T.);
#2049 = LINE('',#2050,#2051);
#2050 = CARTESIAN_POINT('',(-76.,-20.33653903091,44.805));
#2051 = VECTOR('',#2052,1.);
#2052 = DIRECTION('',(0.,-1.,0.));
#2053 = PLANE('',#2054);
#2054 = AXIS2_PLACEMENT_3D('',#2055,#2056,#2057);
#2055 = CARTESIAN_POINT('',(-76.,-29.495,8.345));
#2056 = DIRECTION('',(1.,0.,-0.));
#2057 = DIRECTION('',(0.,0.,1.));
#2058 = ADVANCED_FACE('',(#2059,#2109),#2112,.T.);
#2059 = FACE_BOUND('',#2060,.T.);
#2060 = EDGE_LOOP('',(#2061,#2071,#2079,#2087,#2095,#2103));
#2061 = ORIENTED_EDGE('',*,*,#2062,.T.);
#2062 = EDGE_CURVE('',#2063,#2065,#2067,.T.);
#2063 = VERTEX_POINT('',#2064);
#2064 = CARTESIAN_POINT('',(-79.2,-18.25807806183,14.995));
#2065 = VERTEX_POINT('',#2066);
#2066 = CARTESIAN_POINT('',(-79.2,-20.33653903091,18.595));
#2067 = LINE('',#2068,#2069);
#2068 = CARTESIAN_POINT('',(-79.2,-18.25807806183,14.995));
#2069 = VECTOR('',#2070,1.);
#2070 = DIRECTION('',(0.,-0.5,0.866025403784));
#2071 = ORIENTED_EDGE('',*,*,#2072,.T.);
#2072 = EDGE_CURVE('',#2065,#2073,#2075,.T.);
#2073 = VERTEX_POINT('',#2074);
#2074 = CARTESIAN_POINT('',(-79.2,-24.49346096908,18.595));
#2075 = LINE('',#2076,#2077);
#2076 = CARTESIAN_POINT('',(-79.2,-20.33653903091,18.595));
#2077 = VECTOR('',#2078,1.);
#2078 = DIRECTION('',(0.,-1.,0.));
#2079 = ORIENTED_EDGE('',*,*,#2080,.T.);
#2080 = EDGE_CURVE('',#2073,#2081,#2083,.T.);
#2081 = VERTEX_POINT('',#2082);
#2082 = CARTESIAN_POINT('',(-79.2,-26.57192193816,14.995));
#2083 = LINE('',#2084,#2085);
#2084 = CARTESIAN_POINT('',(-79.2,-24.49346096908,18.595));
#2085 = VECTOR('',#2086,1.);
#2086 = DIRECTION('',(0.,-0.5,-0.866025403784));
#2087 = ORIENTED_EDGE('',*,*,#2088,.T.);
#2088 = EDGE_CURVE('',#2081,#2089,#2091,.T.);
#2089 = VERTEX_POINT('',#2090);
#2090 = CARTESIAN_POINT('',(-79.2,-24.49346096908,11.395));
#2091 = LINE('',#2092,#2093);
#2092 = CARTESIAN_POINT('',(-79.2,-26.57192193816,14.995));
#2093 = VECTOR('',#2094,1.);
#2094 = DIRECTION('',(0.,0.5,-0.866025403784));
#2095 = ORIENTED_EDGE('',*,*,#2096,.T.);
#2096 = EDGE_CURVE('',#2089,#2097,#2099,.T.);
#2097 = VERTEX_POINT('',#2098);
#2098 = CARTESIAN_POINT('',(-79.2,-20.33653903091,11.395));
#2099 = LINE('',#2100,#2101);
#2100 = CARTESIAN_POINT('',(-79.2,-24.49346096908,11.395));
#2101 = VECTOR('',#2102,1.);
#2102 = DIRECTION('',(0.,1.,0.));
#2103 = ORIENTED_EDGE('',*,*,#2104,.T.);
#2104 = EDGE_CURVE('',#2097,#2063,#2105,.T.);
#2105 = LINE('',#2106,#2107);
#2106 = CARTESIAN_POINT('',(-79.2,-20.33653903091,11.395));
#2107 = VECTOR('',#2108,1.);
#2108 = DIRECTION('',(0.,0.5,0.866025403784));
#2109 = FACE_BOUND('',#2110,.T.);
#2110 = EDGE_LOOP('',(#2111));
#2111 = ORIENTED_EDGE('',*,*,#1498,.T.);
#2112 = PLANE('',#2113);
#2113 = AXIS2_PLACEMENT_3D('',#2114,#2115,#2116);
#2114 = CARTESIAN_POINT('',(-79.2,-22.415,14.995));
#2115 = DIRECTION('',(1.,0.,0.));
#2116 = DIRECTION('',(-0.,0.,1.));
#2117 = ADVANCED_FACE('',(#2118),#2137,.T.);
#2118 = FACE_BOUND('',#2119,.T.);
#2119 = EDGE_LOOP('',(#2120,#2129,#2135,#2136));
#2120 = ORIENTED_EDGE('',*,*,#2121,.F.);
#2121 = EDGE_CURVE('',#2122,#2122,#2124,.T.);
#2122 = VERTEX_POINT('',#2123);
#2123 = CARTESIAN_POINT('',(-61.5,-30.,8.));
#2124 = CIRCLE('',#2125,3.5);
#2125 = AXIS2_PLACEMENT_3D('',#2126,#2127,#2128);
#2126 = CARTESIAN_POINT('',(-65.,-30.,8.));
#2127 = DIRECTION('',(0.,0.,1.));
#2128 = DIRECTION('',(1.,0.,-0.));
#2129 = ORIENTED_EDGE('',*,*,#2130,.F.);
#2130 = EDGE_CURVE('',#255,#2122,#2131,.T.);
#2131 = LINE('',#2132,#2133);
#2132 = CARTESIAN_POINT('',(-61.5,-30.,3.));
#2133 = VECTOR('',#2134,1.);
#2134 = DIRECTION('',(0.,0.,1.));
#2135 = ORIENTED_EDGE('',*,*,#254,.T.);
#2136 = ORIENTED_EDGE('',*,*,#2130,.T.);
#2137 = CYLINDRICAL_SURFACE('',#2138,3.5);
#2138 = AXIS2_PLACEMENT_3D('',#2139,#2140,#2141);
#2139 = CARTESIAN_POINT('',(-65.,-30.,3.));
#2140 = DIRECTION('',(0.,0.,1.));
#2141 = DIRECTION('',(1.,0.,-0.));
#2142 = ADVANCED_FACE('',(#2143),#2162,.T.);
#2143 = FACE_BOUND('',#2144,.T.);
#2144 = EDGE_LOOP('',(#2145,#2154,#2160,#2161));
#2145 = ORIENTED_EDGE('',*,*,#2146,.F.);
#2146 = EDGE_CURVE('',#2147,#2147,#2149,.T.);
#2147 = VERTEX_POINT('',#2148);
#2148 = CARTESIAN_POINT('',(68.5,-30.,8.));
#2149 = CIRCLE('',#2150,3.5);
#2150 = AXIS2_PLACEMENT_3D('',#2151,#2152,#2153);
#2151 = CARTESIAN_POINT('',(65.,-30.,8.));
#2152 = DIRECTION('',(0.,0.,1.));
#2153 = DIRECTION('',(1.,0.,-0.));
#2154 = ORIENTED_EDGE('',*,*,#2155,.F.);
#2155 = EDGE_CURVE('',#277,#2147,#2156,.T.);
#2156 = LINE('',#2157,#2158);
#2157 = CARTESIAN_POINT('',(68.5,-30.,3.));
#2158 = VECTOR('',#2159,1.);
#2159 = DIRECTION('',(0.,0.,1.));
#2160 = ORIENTED_EDGE('',*,*,#276,.T.);
#2161 = ORIENTED_EDGE('',*,*,#2155,.T.);
#2162 = CYLINDRICAL_SURFACE('',#2163,3.5);
#2163 = AXIS2_PLACEMENT_3D('',#2164,#2165,#2166);
#2164 = CARTESIAN_POINT('',(65.,-30.,3.));
#2165 = DIRECTION('',(0.,0.,1.));
#2166 = DIRECTION('',(1.,0.,-0.));
#2167 = ADVANCED_FACE('',(#2168),#2187,.T.);
#2168 = FACE_BOUND('',#2169,.T.);
#2169 = EDGE_LOOP('',(#2170,#2179,#2185,#2186));
#2170 = ORIENTED_EDGE('',*,*,#2171,.F.);
#2171 = EDGE_CURVE('',#2172,#2172,#2174,.T.);
#2172 = VERTEX_POINT('',#2173);
#2173 = CARTESIAN_POINT('',(-61.5,30.,8.));
#2174 = CIRCLE('',#2175,3.5);
#2175 = AXIS2_PLACEMENT_3D('',#2176,#2177,#2178);
#2176 = CARTESIAN_POINT('',(-65.,30.,8.));
#2177 = DIRECTION('',(0.,0.,1.));
#2178 = DIRECTION('',(1.,0.,-0.));
#2179 = ORIENTED_EDGE('',*,*,#2180,.F.);
#2180 = EDGE_CURVE('',#288,#2172,#2181,.T.);
#2181 = LINE('',#2182,#2183);
#2182 = CARTESIAN_POINT('',(-61.5,30.,3.));
#2183 = VECTOR('',#2184,1.);
#2184 = DIRECTION('',(0.,0.,1.));
#2185 = ORIENTED_EDGE('',*,*,#287,.T.);
#2186 = ORIENTED_EDGE('',*,*,#2180,.T.);
#2187 = CYLINDRICAL_SURFACE('',#2188,3.5);
#2188 = AXIS2_PLACEMENT_3D('',#2189,#2190,#2191);
#2189 = CARTESIAN_POINT('',(-65.,30.,3.));
#2190 = DIRECTION('',(0.,0.,1.));
#2191 = DIRECTION('',(1.,0.,-0.));
#2192 = ADVANCED_FACE('',(#2193),#2212,.T.);
#2193 = FACE_BOUND('',#2194,.T.);
#2194 = EDGE_LOOP('',(#2195,#2204,#2210,#2211));
#2195 = ORIENTED_EDGE('',*,*,#2196,.F.);
#2196 = EDGE_CURVE('',#2197,#2197,#2199,.T.);
#2197 = VERTEX_POINT('',#2198);
#2198 = CARTESIAN_POINT('',(68.5,30.,8.));
#2199 = CIRCLE('',#2200,3.5);
#2200 = AXIS2_PLACEMENT_3D('',#2201,#2202,#2203);
#2201 = CARTESIAN_POINT('',(65.,30.,8.));
#2202 = DIRECTION('',(0.,0.,1.));
#2203 = DIRECTION('',(1.,0.,-0.));
#2204 = ORIENTED_EDGE('',*,*,#2205,.F.);
#2205 = EDGE_CURVE('',#310,#2197,#2206,.T.);
#2206 = LINE('',#2207,#2208);
#2207 = CARTESIAN_POINT('',(68.5,30.,3.));
#2208 = VECTOR('',#2209,1.);
#2209 = DIRECTION('',(0.,0.,1.));
#2210 = ORIENTED_EDGE('',*,*,#309,.T.);
#2211 = ORIENTED_EDGE('',*,*,#2205,.T.);
#2212 = CYLINDRICAL_SURFACE('',#2213,3.5);
#2213 = AXIS2_PLACEMENT_3D('',#2214,#2215,#2216);
#2214 = CARTESIAN_POINT('',(65.,30.,3.));
#2215 = DIRECTION('',(0.,0.,1.));
#2216 = DIRECTION('',(1.,0.,-0.));
#2217 = ADVANCED_FACE('',(#2218),#2234,.F.);
#2218 = FACE_BOUND('',#2219,.F.);
#2219 = EDGE_LOOP('',(#2220,#2226,#2227,#2233));
#2220 = ORIENTED_EDGE('',*,*,#2221,.T.);
#2221 = EDGE_CURVE('',#1897,#1664,#2222,.T.);
#2222 = LINE('',#2223,#2224);
#2223 = CARTESIAN_POINT('',(-76.,26.571921938165,41.205));
#2224 = VECTOR('',#2225,1.);
#2225 = DIRECTION('',(-1.,0.,0.));
#2226 = ORIENTED_EDGE('',*,*,#1663,.T.);
#2227 = ORIENTED_EDGE('',*,*,#2228,.F.);
#2228 = EDGE_CURVE('',#1899,#1666,#2229,.T.);
#2229 = LINE('',#2230,#2231);
#2230 = CARTESIAN_POINT('',(-76.,24.493460969083,44.805));
#2231 = VECTOR('',#2232,1.);
#2232 = DIRECTION('',(-1.,0.,0.));
#2233 = ORIENTED_EDGE('',*,*,#1896,.F.);
#2234 = PLANE('',#2235);
#2235 = AXIS2_PLACEMENT_3D('',#2236,#2237,#2238);
#2236 = CARTESIAN_POINT('',(-76.,26.571921938165,41.205));
#2237 = DIRECTION('',(0.,0.866025403784,0.5));
#2238 = DIRECTION('',(0.,-0.5,0.866025403784));
#2239 = ADVANCED_FACE('',(#2240),#2251,.F.);
#2240 = FACE_BOUND('',#2241,.F.);
#2241 = EDGE_LOOP('',(#2242,#2248,#2249,#2250));
#2242 = ORIENTED_EDGE('',*,*,#2243,.T.);
#2243 = EDGE_CURVE('',#1907,#1698,#2244,.T.);
#2244 = LINE('',#2245,#2246);
#2245 = CARTESIAN_POINT('',(-76.,24.493460969083,37.605));
#2246 = VECTOR('',#2247,1.);
#2247 = DIRECTION('',(-1.,0.,0.));
#2248 = ORIENTED_EDGE('',*,*,#1705,.T.);
#2249 = ORIENTED_EDGE('',*,*,#2221,.F.);
#2250 = ORIENTED_EDGE('',*,*,#1906,.F.);
#2251 = PLANE('',#2252);
#2252 = AXIS2_PLACEMENT_3D('',#2253,#2254,#2255);
#2253 = CARTESIAN_POINT('',(-76.,24.493460969083,37.605));
#2254 = DIRECTION('',(0.,0.866025403784,-0.5));
#2255 = DIRECTION('',(0.,0.5,0.866025403784));
#2256 = ADVANCED_FACE('',(#2257),#2268,.F.);
#2257 = FACE_BOUND('',#2258,.F.);
#2258 = EDGE_LOOP('',(#2259,#2260,#2261,#2267));
#2259 = ORIENTED_EDGE('',*,*,#2228,.T.);
#2260 = ORIENTED_EDGE('',*,*,#1673,.T.);
#2261 = ORIENTED_EDGE('',*,*,#2262,.F.);
#2262 = EDGE_CURVE('',#1931,#1674,#2263,.T.);
#2263 = LINE('',#2264,#2265);
#2264 = CARTESIAN_POINT('',(-76.,20.336539030917,44.805));
#2265 = VECTOR('',#2266,1.);
#2266 = DIRECTION('',(-1.,0.,0.));
#2267 = ORIENTED_EDGE('',*,*,#1938,.F.);
#2268 = PLANE('',#2269);
#2269 = AXIS2_PLACEMENT_3D('',#2270,#2271,#2272);
#2270 = CARTESIAN_POINT('',(-76.,24.493460969083,44.805));
#2271 = DIRECTION('',(0.,0.,1.));
#2272 = DIRECTION('',(0.,-1.,0.));
#2273 = ADVANCED_FACE('',(#2274),#2285,.F.);
#2274 = FACE_BOUND('',#2275,.F.);
#2275 = EDGE_LOOP('',(#2276,#2282,#2283,#2284));
#2276 = ORIENTED_EDGE('',*,*,#2277,.T.);
#2277 = EDGE_CURVE('',#1915,#1690,#2278,.T.);
#2278 = LINE('',#2279,#2280);
#2279 = CARTESIAN_POINT('',(-76.,20.336539030917,37.605));
#2280 = VECTOR('',#2281,1.);
#2281 = DIRECTION('',(-1.,0.,0.));
#2282 = ORIENTED_EDGE('',*,*,#1697,.T.);
#2283 = ORIENTED_EDGE('',*,*,#2243,.F.);
#2284 = ORIENTED_EDGE('',*,*,#1914,.F.);
#2285 = PLANE('',#2286);
#2286 = AXIS2_PLACEMENT_3D('',#2287,#2288,#2289);
#2287 = CARTESIAN_POINT('',(-76.,20.336539030917,37.605));
#2288 = DIRECTION('',(0.,0.,-1.));
#2289 = DIRECTION('',(0.,1.,0.));
#2290 = ADVANCED_FACE('',(#2291),#2302,.F.);
#2291 = FACE_BOUND('',#2292,.F.);
#2292 = EDGE_LOOP('',(#2293,#2294,#2295,#2301));
#2293 = ORIENTED_EDGE('',*,*,#2262,.T.);
#2294 = ORIENTED_EDGE('',*,*,#1681,.T.);
#2295 = ORIENTED_EDGE('',*,*,#2296,.F.);
#2296 = EDGE_CURVE('',#1923,#1682,#2297,.T.);
#2297 = LINE('',#2298,#2299);
#2298 = CARTESIAN_POINT('',(-76.,18.258078061835,41.205));
#2299 = VECTOR('',#2300,1.);
#2300 = DIRECTION('',(-1.,0.,0.));
#2301 = ORIENTED_EDGE('',*,*,#1930,.F.);
#2302 = PLANE('',#2303);
#2303 = AXIS2_PLACEMENT_3D('',#2304,#2305,#2306);
#2304 = CARTESIAN_POINT('',(-76.,20.336539030917,44.805));
#2305 = DIRECTION('',(0.,-0.866025403784,0.5));
#2306 = DIRECTION('',(0.,-0.5,-0.866025403784));
#2307 = ADVANCED_FACE('',(#2308),#2314,.F.);
#2308 = FACE_BOUND('',#2309,.F.);
#2309 = EDGE_LOOP('',(#2310,#2311,#2312,#2313));
#2310 = ORIENTED_EDGE('',*,*,#2296,.T.);
#2311 = ORIENTED_EDGE('',*,*,#1689,.T.);
#2312 = ORIENTED_EDGE('',*,*,#2277,.F.);
#2313 = ORIENTED_EDGE('',*,*,#1922,.F.);
#2314 = PLANE('',#2315);
#2315 = AXIS2_PLACEMENT_3D('',#2316,#2317,#2318);
#2316 = CARTESIAN_POINT('',(-76.,18.258078061835,41.205));
#2317 = DIRECTION('',(-0.,-0.866025403784,-0.5));
#2318 = DIRECTION('',(0.,0.5,-0.866025403784));
#2319 = ADVANCED_FACE('',(#2320),#2336,.F.);
#2320 = FACE_BOUND('',#2321,.F.);
#2321 = EDGE_LOOP('',(#2322,#2328,#2329,#2335));
#2322 = ORIENTED_EDGE('',*,*,#2323,.T.);
#2323 = EDGE_CURVE('',#2007,#1723,#2324,.T.);
#2324 = LINE('',#2325,#2326);
#2325 = CARTESIAN_POINT('',(-76.,-18.25807806183,41.205));
#2326 = VECTOR('',#2327,1.);
#2327 = DIRECTION('',(-1.,0.,0.));
#2328 = ORIENTED_EDGE('',*,*,#1722,.T.);
#2329 = ORIENTED_EDGE('',*,*,#2330,.F.);
#2330 = EDGE_CURVE('',#2009,#1725,#2331,.T.);
#2331 = LINE('',#2332,#2333);
#2332 = CARTESIAN_POINT('',(-76.,-20.33653903091,44.805));
#2333 = VECTOR('',#2334,1.);
#2334 = DIRECTION('',(-1.,0.,0.));
#2335 = ORIENTED_EDGE('',*,*,#2006,.F.);
#2336 = PLANE('',#2337);
#2337 = AXIS2_PLACEMENT_3D('',#2338,#2339,#2340);
#2338 = CARTESIAN_POINT('',(-76.,-18.25807806183,41.205));
#2339 = DIRECTION('',(0.,0.866025403784,0.5));
#2340 = DIRECTION('',(0.,-0.5,0.866025403784));
#2341 = ADVANCED_FACE('',(#2342),#2353,.F.);
#2342 = FACE_BOUND('',#2343,.F.);
#2343 = EDGE_LOOP('',(#2344,#2350,#2351,#2352));
#2344 = ORIENTED_EDGE('',*,*,#2345,.T.);
#2345 = EDGE_CURVE('',#2017,#1757,#2346,.T.);
#2346 = LINE('',#2347,#2348);
#2347 = CARTESIAN_POINT('',(-76.,-20.33653903091,37.605));
#2348 = VECTOR('',#2349,1.);
#2349 = DIRECTION('',(-1.,0.,0.));
#2350 = ORIENTED_EDGE('',*,*,#1764,.T.);
#2351 = ORIENTED_EDGE('',*,*,#2323,.F.);
#2352 = ORIENTED_EDGE('',*,*,#2016,.F.);
#2353 = PLANE('',#2354);
#2354 = AXIS2_PLACEMENT_3D('',#2355,#2356,#2357);
#2355 = CARTESIAN_POINT('',(-76.,-20.33653903091,37.605));
#2356 = DIRECTION('',(0.,0.866025403784,-0.5));
#2357 = DIRECTION('',(0.,0.5,0.866025403784));
#2358 = ADVANCED_FACE('',(#2359),#2370,.F.);
#2359 = FACE_BOUND('',#2360,.F.);
#2360 = EDGE_LOOP('',(#2361,#2362,#2363,#2369));
#2361 = ORIENTED_EDGE('',*,*,#2330,.T.);
#2362 = ORIENTED_EDGE('',*,*,#1732,.T.);
#2363 = ORIENTED_EDGE('',*,*,#2364,.F.);
#2364 = EDGE_CURVE('',#2041,#1733,#2365,.T.);
#2365 = LINE('',#2366,#2367);
#2366 = CARTESIAN_POINT('',(-76.,-24.49346096908,44.805));
#2367 = VECTOR('',#2368,1.);
#2368 = DIRECTION('',(-1.,0.,0.));
#2369 = ORIENTED_EDGE('',*,*,#2048,.F.);
#2370 = PLANE('',#2371);
#2371 = AXIS2_PLACEMENT_3D('',#2372,#2373,#2374);
#2372 = CARTESIAN_POINT('',(-76.,-20.33653903091,44.805));
#2373 = DIRECTION('',(0.,0.,1.));
#2374 = DIRECTION('',(0.,-1.,0.));
#2375 = ADVANCED_FACE('',(#2376),#2387,.F.);
#2376 = FACE_BOUND('',#2377,.F.);
#2377 = EDGE_LOOP('',(#2378,#2384,#2385,#2386));
#2378 = ORIENTED_EDGE('',*,*,#2379,.T.);
#2379 = EDGE_CURVE('',#2025,#1749,#2380,.T.);
#2380 = LINE('',#2381,#2382);
#2381 = CARTESIAN_POINT('',(-76.,-24.49346096908,37.605));
#2382 = VECTOR('',#2383,1.);
#2383 = DIRECTION('',(-1.,0.,0.));
#2384 = ORIENTED_EDGE('',*,*,#1756,.T.);
#2385 = ORIENTED_EDGE('',*,*,#2345,.F.);
#2386 = ORIENTED_EDGE('',*,*,#2024,.F.);
#2387 = PLANE('',#2388);
#2388 = AXIS2_PLACEMENT_3D('',#2389,#2390,#2391);
#2389 = CARTESIAN_POINT('',(-76.,-24.49346096908,37.605));
#2390 = DIRECTION('',(0.,0.,-1.));
#2391 = DIRECTION('',(0.,1.,0.));
#2392 = ADVANCED_FACE('',(#2393),#2404,.F.);
#2393 = FACE_BOUND('',#2394,.F.);
#2394 = EDGE_LOOP('',(#2395,#2396,#2397,#2403));
#2395 = ORIENTED_EDGE('',*,*,#2364,.T.);
#2396 = ORIENTED_EDGE('',*,*,#1740,.T.);
#2397 = ORIENTED_EDGE('',*,*,#2398,.F.);
#2398 = EDGE_CURVE('',#2033,#1741,#2399,.T.);
#2399 = LINE('',#2400,#2401);
#2400 = CARTESIAN_POINT('',(-76.,-26.57192193816,41.205));
#2401 = VECTOR('',#2402,1.);
#2402 = DIRECTION('',(-1.,0.,0.));
#2403 = ORIENTED_EDGE('',*,*,#2040,.F.);
#2404 = PLANE('',#2405);
#2405 = AXIS2_PLACEMENT_3D('',#2406,#2407,#2408);
#2406 = CARTESIAN_POINT('',(-76.,-24.49346096908,44.805));
#2407 = DIRECTION('',(0.,-0.866025403784,0.5));
#2408 = DIRECTION('',(0.,-0.5,-0.866025403784));
#2409 = ADVANCED_FACE('',(#2410),#2416,.F.);
#2410 = FACE_BOUND('',#2411,.F.);
#2411 = EDGE_LOOP('',(#2412,#2413,#2414,#2415));
#2412 = ORIENTED_EDGE('',*,*,#2398,.T.);
#2413 = ORIENTED_EDGE('',*,*,#1748,.T.);
#2414 = ORIENTED_EDGE('',*,*,#2379,.F.);
#2415 = ORIENTED_EDGE('',*,*,#2032,.F.);
#2416 = PLANE('',#2417);
#2417 = AXIS2_PLACEMENT_3D('',#2418,#2419,#2420);
#2418 = CARTESIAN_POINT('',(-76.,-26.57192193816,41.205));
#2419 = DIRECTION('',(-0.,-0.866025403784,-0.5));
#2420 = DIRECTION('',(0.,0.5,-0.866025403784));
#2421 = ADVANCED_FACE('',(#2422),#2438,.F.);
#2422 = FACE_BOUND('',#2423,.F.);
#2423 = EDGE_LOOP('',(#2424,#2430,#2431,#2437));
#2424 = ORIENTED_EDGE('',*,*,#2425,.T.);
#2425 = EDGE_CURVE('',#1847,#1782,#2426,.T.);
#2426 = LINE('',#2427,#2428);
#2427 = CARTESIAN_POINT('',(-76.,26.571921938165,14.995));
#2428 = VECTOR('',#2429,1.);
#2429 = DIRECTION('',(-1.,0.,0.));
#2430 = ORIENTED_EDGE('',*,*,#1781,.T.);
#2431 = ORIENTED_EDGE('',*,*,#2432,.F.);
#2432 = EDGE_CURVE('',#1849,#1784,#2433,.T.);
#2433 = LINE('',#2434,#2435);
#2434 = CARTESIAN_POINT('',(-76.,24.493460969083,18.595));
#2435 = VECTOR('',#2436,1.);
#2436 = DIRECTION('',(-1.,0.,0.));
#2437 = ORIENTED_EDGE('',*,*,#1846,.F.);
#2438 = PLANE('',#2439);
#2439 = AXIS2_PLACEMENT_3D('',#2440,#2441,#2442);
#2440 = CARTESIAN_POINT('',(-76.,26.571921938165,14.995));
#2441 = DIRECTION('',(0.,0.866025403784,0.5));
#2442 = DIRECTION('',(0.,-0.5,0.866025403784));
#2443 = ADVANCED_FACE('',(#2444),#2455,.F.);
#2444 = FACE_BOUND('',#2445,.F.);
#2445 = EDGE_LOOP('',(#2446,#2452,#2453,#2454));
#2446 = ORIENTED_EDGE('',*,*,#2447,.T.);
#2447 = EDGE_CURVE('',#1857,#1816,#2448,.T.);
#2448 = LINE('',#2449,#2450);
#2449 = CARTESIAN_POINT('',(-76.,24.493460969083,11.395));
#2450 = VECTOR('',#2451,1.);
#2451 = DIRECTION('',(-1.,0.,0.));
#2452 = ORIENTED_EDGE('',*,*,#1823,.T.);
#2453 = ORIENTED_EDGE('',*,*,#2425,.F.);
#2454 = ORIENTED_EDGE('',*,*,#1856,.F.);
#2455 = PLANE('',#2456);
#2456 = AXIS2_PLACEMENT_3D('',#2457,#2458,#2459);
#2457 = CARTESIAN_POINT('',(-76.,24.493460969083,11.395));
#2458 = DIRECTION('',(0.,0.866025403784,-0.5));
#2459 = DIRECTION('',(0.,0.5,0.866025403784));
#2460 = ADVANCED_FACE('',(#2461),#2472,.F.);
#2461 = FACE_BOUND('',#2462,.F.);
#2462 = EDGE_LOOP('',(#2463,#2464,#2465,#2471));
#2463 = ORIENTED_EDGE('',*,*,#2432,.T.);
#2464 = ORIENTED_EDGE('',*,*,#1791,.T.);
#2465 = ORIENTED_EDGE('',*,*,#2466,.F.);
#2466 = EDGE_CURVE('',#1881,#1792,#2467,.T.);
#2467 = LINE('',#2468,#2469);
#2468 = CARTESIAN_POINT('',(-76.,20.336539030917,18.595));
#2469 = VECTOR('',#2470,1.);
#2470 = DIRECTION('',(-1.,0.,0.));
#2471 = ORIENTED_EDGE('',*,*,#1888,.F.);
#2472 = PLANE('',#2473);
#2473 = AXIS2_PLACEMENT_3D('',#2474,#2475,#2476);
#2474 = CARTESIAN_POINT('',(-76.,24.493460969083,18.595));
#2475 = DIRECTION('',(0.,0.,1.));
#2476 = DIRECTION('',(0.,-1.,0.));
#2477 = ADVANCED_FACE('',(#2478),#2489,.F.);
#2478 = FACE_BOUND('',#2479,.F.);
#2479 = EDGE_LOOP('',(#2480,#2486,#2487,#2488));
#2480 = ORIENTED_EDGE('',*,*,#2481,.T.);
#2481 = EDGE_CURVE('',#1865,#1808,#2482,.T.);
#2482 = LINE('',#2483,#2484);
#2483 = CARTESIAN_POINT('',(-76.,20.336539030917,11.395));
#2484 = VECTOR('',#2485,1.);
#2485 = DIRECTION('',(-1.,0.,0.));
#2486 = ORIENTED_EDGE('',*,*,#1815,.T.);
#2487 = ORIENTED_EDGE('',*,*,#2447,.F.);
#2488 = ORIENTED_EDGE('',*,*,#1864,.F.);
#2489 = PLANE('',#2490);
#2490 = AXIS2_PLACEMENT_3D('',#2491,#2492,#2493);
#2491 = CARTESIAN_POINT('',(-76.,20.336539030917,11.395));
#2492 = DIRECTION('',(0.,0.,-1.));
#2493 = DIRECTION('',(0.,1.,0.));
#2494 = ADVANCED_FACE('',(#2495),#2506,.F.);
#2495 = FACE_BOUND('',#2496,.F.);
#2496 = EDGE_LOOP('',(#2497,#2498,#2499,#2505));
#2497 = ORIENTED_EDGE('',*,*,#2466,.T.);
#2498 = ORIENTED_EDGE('',*,*,#1799,.T.);
#2499 = ORIENTED_EDGE('',*,*,#2500,.F.);
#2500 = EDGE_CURVE('',#1873,#1800,#2501,.T.);
#2501 = LINE('',#2502,#2503);
#2502 = CARTESIAN_POINT('',(-76.,18.258078061835,14.995));
#2503 = VECTOR('',#2504,1.);
#2504 = DIRECTION('',(-1.,0.,0.));
#2505 = ORIENTED_EDGE('',*,*,#1880,.F.);
#2506 = PLANE('',#2507);
#2507 = AXIS2_PLACEMENT_3D('',#2508,#2509,#2510);
#2508 = CARTESIAN_POINT('',(-76.,20.336539030917,18.595));
#2509 = DIRECTION('',(0.,-0.866025403784,0.5));
#2510 = DIRECTION('',(0.,-0.5,-0.866025403784));
#2511 = ADVANCED_FACE('',(#2512),#2518,.F.);
#2512 = FACE_BOUND('',#2513,.F.);
#2513 = EDGE_LOOP('',(#2514,#2515,#2516,#2517));
#2514 = ORIENTED_EDGE('',*,*,#2500,.T.);
#2515 = ORIENTED_EDGE('',*,*,#1807,.T.);
#2516 = ORIENTED_EDGE('',*,*,#2481,.F.);
#2517 = ORIENTED_EDGE('',*,*,#1872,.F.);
#2518 = PLANE('',#2519);
#2519 = AXIS2_PLACEMENT_3D('',#2520,#2521,#2522);
#2520 = CARTESIAN_POINT('',(-76.,18.258078061835,14.995));
#2521 = DIRECTION('',(-0.,-0.866025403784,-0.5));
#2522 = DIRECTION('',(0.,0.5,-0.866025403784));
#2523 = ADVANCED_FACE('',(#2524),#2540,.F.);
#2524 = FACE_BOUND('',#2525,.F.);
#2525 = EDGE_LOOP('',(#2526,#2532,#2533,#2539));
#2526 = ORIENTED_EDGE('',*,*,#2527,.T.);
#2527 = EDGE_CURVE('',#1957,#2063,#2528,.T.);
#2528 = LINE('',#2529,#2530);
#2529 = CARTESIAN_POINT('',(-76.,-18.25807806183,14.995));
#2530 = VECTOR('',#2531,1.);
#2531 = DIRECTION('',(-1.,0.,0.));
#2532 = ORIENTED_EDGE('',*,*,#2062,.T.);
#2533 = ORIENTED_EDGE('',*,*,#2534,.F.);
#2534 = EDGE_CURVE('',#1959,#2065,#2535,.T.);
#2535 = LINE('',#2536,#2537);
#2536 = CARTESIAN_POINT('',(-76.,-20.33653903091,18.595));
#2537 = VECTOR('',#2538,1.);
#2538 = DIRECTION('',(-1.,0.,0.));
#2539 = ORIENTED_EDGE('',*,*,#1956,.F.);
#2540 = PLANE('',#2541);
#2541 = AXIS2_PLACEMENT_3D('',#2542,#2543,#2544);
#2542 = CARTESIAN_POINT('',(-76.,-18.25807806183,14.995));
#2543 = DIRECTION('',(0.,0.866025403784,0.5));
#2544 = DIRECTION('',(0.,-0.5,0.866025403784));
#2545 = ADVANCED_FACE('',(#2546),#2557,.F.);
#2546 = FACE_BOUND('',#2547,.F.);
#2547 = EDGE_LOOP('',(#2548,#2554,#2555,#2556));
#2548 = ORIENTED_EDGE('',*,*,#2549,.T.);
#2549 = EDGE_CURVE('',#1967,#2097,#2550,.T.);
#2550 = LINE('',#2551,#2552);
#2551 = CARTESIAN_POINT('',(-76.,-20.33653903091,11.395));
#2552 = VECTOR('',#2553,1.);
#2553 = DIRECTION('',(-1.,0.,0.));
#2554 = ORIENTED_EDGE('',*,*,#2104,.T.);
#2555 = ORIENTED_EDGE('',*,*,#2527,.F.);
#2556 = ORIENTED_EDGE('',*,*,#1966,.F.);
#2557 = PLANE('',#2558);
#2558 = AXIS2_PLACEMENT_3D('',#2559,#2560,#2561);
#2559 = CARTESIAN_POINT('',(-76.,-20.33653903091,11.395));
#2560 = DIRECTION('',(0.,0.866025403784,-0.5));
#2561 = DIRECTION('',(0.,0.5,0.866025403784));
#2562 = ADVANCED_FACE('',(#2563),#2574,.F.);
#2563 = FACE_BOUND('',#2564,.F.);
#2564 = EDGE_LOOP('',(#2565,#2566,#2567,#2573));
#2565 = ORIENTED_EDGE('',*,*,#2534,.T.);
#2566 = ORIENTED_EDGE('',*,*,#2072,.T.);
#2567 = ORIENTED_EDGE('',*,*,#2568,.F.);
#2568 = EDGE_CURVE('',#1991,#2073,#2569,.T.);
#2569 = LINE('',#2570,#2571);
#2570 = CARTESIAN_POINT('',(-76.,-24.49346096908,18.595));
#2571 = VECTOR('',#2572,1.);
#2572 = DIRECTION('',(-1.,0.,0.));
#2573 = ORIENTED_EDGE('',*,*,#1998,.F.);
#2574 = PLANE('',#2575);
#2575 = AXIS2_PLACEMENT_3D('',#2576,#2577,#2578);
#2576 = CARTESIAN_POINT('',(-76.,-20.33653903091,18.595));
#2577 = DIRECTION('',(0.,0.,1.));
#2578 = DIRECTION('',(0.,-1.,0.));
#2579 = ADVANCED_FACE('',(#2580),#2591,.F.);
#2580 = FACE_BOUND('',#2581,.F.);
#2581 = EDGE_LOOP('',(#2582,#2588,#2589,#2590));
#2582 = ORIENTED_EDGE('',*,*,#2583,.T.);
#2583 = EDGE_CURVE('',#1975,#2089,#2584,.T.);
#2584 = LINE('',#2585,#2586);
#2585 = CARTESIAN_POINT('',(-76.,-24.49346096908,11.395));
#2586 = VECTOR('',#2587,1.);
#2587 = DIRECTION('',(-1.,0.,0.));
#2588 = ORIENTED_EDGE('',*,*,#2096,.T.);
#2589 = ORIENTED_EDGE('',*,*,#2549,.F.);
#2590 = ORIENTED_EDGE('',*,*,#1974,.F.);
#2591 = PLANE('',#2592);
#2592 = AXIS2_PLACEMENT_3D('',#2593,#2594,#2595);
#2593 = CARTESIAN_POINT('',(-76.,-24.49346096908,11.395));
#2594 = DIRECTION('',(0.,0.,-1.));
#2595 = DIRECTION('',(0.,1.,0.));
#2596 = ADVANCED_FACE('',(#2597),#2608,.F.);
#2597 = FACE_BOUND('',#2598,.F.);
#2598 = EDGE_LOOP('',(#2599,#2600,#2601,#2607));
#2599 = ORIENTED_EDGE('',*,*,#2568,.T.);
#2600 = ORIENTED_EDGE('',*,*,#2080,.T.);
#2601 = ORIENTED_EDGE('',*,*,#2602,.F.);
#2602 = EDGE_CURVE('',#1983,#2081,#2603,.T.);
#2603 = LINE('',#2604,#2605);
#2604 = CARTESIAN_POINT('',(-76.,-26.57192193816,14.995));
#2605 = VECTOR('',#2606,1.);
#2606 = DIRECTION('',(-1.,0.,0.));
#2607 = ORIENTED_EDGE('',*,*,#1990,.F.);
#2608 = PLANE('',#2609);
#2609 = AXIS2_PLACEMENT_3D('',#2610,#2611,#2612);
#2610 = CARTESIAN_POINT('',(-76.,-24.49346096908,18.595));
#2611 = DIRECTION('',(0.,-0.866025403784,0.5));
#2612 = DIRECTION('',(0.,-0.5,-0.866025403784));
#2613 = ADVANCED_FACE('',(#2614),#2620,.F.);
#2614 = FACE_BOUND('',#2615,.F.);
#2615 = EDGE_LOOP('',(#2616,#2617,#2618,#2619));
#2616 = ORIENTED_EDGE('',*,*,#2602,.T.);
#2617 = ORIENTED_EDGE('',*,*,#2088,.T.);
#2618 = ORIENTED_EDGE('',*,*,#2583,.F.);
#2619 = ORIENTED_EDGE('',*,*,#1982,.F.);
#2620 = PLANE('',#2621);
#2621 = AXIS2_PLACEMENT_3D('',#2622,#2623,#2624);
#2622 = CARTESIAN_POINT('',(-76.,-26.57192193816,14.995));
#2623 = DIRECTION('',(-0.,-0.866025403784,-0.5));
#2624 = DIRECTION('',(0.,0.5,-0.866025403784));
#2625 = ADVANCED_FACE('',(#2626,#2629),#2640,.T.);
#2626 = FACE_BOUND('',#2627,.T.);
#2627 = EDGE_LOOP('',(#2628));
#2628 = ORIENTED_EDGE('',*,*,#2121,.T.);
#2629 = FACE_BOUND('',#2630,.T.);
#2630 = EDGE_LOOP('',(#2631));
#2631 = ORIENTED_EDGE('',*,*,#2632,.F.);
#2632 = EDGE_CURVE('',#2633,#2633,#2635,.T.);
#2633 = VERTEX_POINT('',#2634);
#2634 = CARTESIAN_POINT('',(-63.7,-30.,8.));
#2635 = CIRCLE('',#2636,1.3);
#2636 = AXIS2_PLACEMENT_3D('',#2637,#2638,#2639);
#2637 = CARTESIAN_POINT('',(-65.,-30.,8.));
#2638 = DIRECTION('',(0.,0.,1.));
#2639 = DIRECTION('',(1.,0.,-0.));
#2640 = PLANE('',#2641);
#2641 = AXIS2_PLACEMENT_3D('',#2642,#2643,#2644);
#2642 = CARTESIAN_POINT('',(-65.,-30.,8.));
#2643 = DIRECTION('',(0.,0.,1.));
#2644 = DIRECTION('',(1.,0.,-0.));
#2645 = ADVANCED_FACE('',(#2646,#2649),#2660,.T.);
#2646 = FACE_BOUND('',#2647,.T.);
#2647 = EDGE_LOOP('',(#2648));
#2648 = ORIENTED_EDGE('',*,*,#2146,.T.);
#2649 = FACE_BOUND('',#2650,.T.);
#2650 = EDGE_LOOP('',(#2651));
#2651 = ORIENTED_EDGE('',*,*,#2652,.F.);
#2652 = EDGE_CURVE('',#2653,#2653,#2655,.T.);
#2653 = VERTEX_POINT('',#2654);
#2654 = CARTESIAN_POINT('',(66.3,-30.,8.));
#2655 = CIRCLE('',#2656,1.3);
#2656 = AXIS2_PLACEMENT_3D('',#2657,#2658,#2659);
#2657 = CARTESIAN_POINT('',(65.,-30.,8.));
#2658 = DIRECTION('',(0.,0.,1.));
#2659 = DIRECTION('',(1.,0.,-0.));
#2660 = PLANE('',#2661);
#2661 = AXIS2_PLACEMENT_3D('',#2662,#2663,#2664);
#2662 = CARTESIAN_POINT('',(65.,-30.,8.));
#2663 = DIRECTION('',(0.,0.,1.));
#2664 = DIRECTION('',(1.,0.,-0.));
#2665 = ADVANCED_FACE('',(#2666,#2669),#2680,.T.);
#2666 = FACE_BOUND('',#2667,.T.);
#2667 = EDGE_LOOP('',(#2668));
#2668 = ORIENTED_EDGE('',*,*,#2171,.T.);
#2669 = FACE_BOUND('',#2670,.T.);
#2670 = EDGE_LOOP('',(#2671));
#2671 = ORIENTED_EDGE('',*,*,#2672,.F.);
#2672 = EDGE_CURVE('',#2673,#2673,#2675,.T.);
#2673 = VERTEX_POINT('',#2674);
#2674 = CARTESIAN_POINT('',(-63.7,30.,8.));
#2675 = CIRCLE('',#2676,1.3);
#2676 = AXIS2_PLACEMENT_3D('',#2677,#2678,#2679);
#2677 = CARTESIAN_POINT('',(-65.,30.,8.));
#2678 = DIRECTION('',(0.,0.,1.));
#2679 = DIRECTION('',(1.,0.,-0.));
#2680 = PLANE('',#2681);
#2681 = AXIS2_PLACEMENT_3D('',#2682,#2683,#2684);
#2682 = CARTESIAN_POINT('',(-65.,30.,8.));
#2683 = DIRECTION('',(0.,0.,1.));
#2684 = DIRECTION('',(1.,0.,-0.));
#2685 = ADVANCED_FACE('',(#2686,#2689),#2700,.T.);
#2686 = FACE_BOUND('',#2687,.T.);
#2687 = EDGE_LOOP('',(#2688));
#2688 = ORIENTED_EDGE('',*,*,#2196,.T.);
#2689 = FACE_BOUND('',#2690,.T.);
#2690 = EDGE_LOOP('',(#2691));
#2691 = ORIENTED_EDGE('',*,*,#2692,.F.);
#2692 = EDGE_CURVE('',#2693,#2693,#2695,.T.);
#2693 = VERTEX_POINT('',#2694);
#2694 = CARTESIAN_POINT('',(66.3,30.,8.));
#2695 = CIRCLE('',#2696,1.3);
#2696 = AXIS2_PLACEMENT_3D('',#2697,#2698,#2699);
#2697 = CARTESIAN_POINT('',(65.,30.,8.));
#2698 = DIRECTION('',(0.,0.,1.));
#2699 = DIRECTION('',(1.,0.,-0.));
#2700 = PLANE('',#2701);
#2701 = AXIS2_PLACEMENT_3D('',#2702,#2703,#2704);
#2702 = CARTESIAN_POINT('',(65.,30.,8.));
#2703 = DIRECTION('',(0.,0.,1.));
#2704 = DIRECTION('',(1.,0.,-0.));
#2705 = ADVANCED_FACE('',(#2706),#2725,.F.);
#2706 = FACE_BOUND('',#2707,.F.);
#2707 = EDGE_LOOP('',(#2708,#2709,#2717,#2724));
#2708 = ORIENTED_EDGE('',*,*,#2632,.F.);
#2709 = ORIENTED_EDGE('',*,*,#2710,.F.);
#2710 = EDGE_CURVE('',#2711,#2633,#2713,.T.);
#2711 = VERTEX_POINT('',#2712);
#2712 = CARTESIAN_POINT('',(-63.7,-30.,1.));
#2713 = LINE('',#2714,#2715);
#2714 = CARTESIAN_POINT('',(-63.7,-30.,1.));
#2715 = VECTOR('',#2716,1.);
#2716 = DIRECTION('',(0.,0.,1.));
#2717 = ORIENTED_EDGE('',*,*,#2718,.T.);
#2718 = EDGE_CURVE('',#2711,#2711,#2719,.T.);
#2719 = CIRCLE('',#2720,1.3);
#2720 = AXIS2_PLACEMENT_3D('',#2721,#2722,#2723);
#2721 = CARTESIAN_POINT('',(-65.,-30.,1.));
#2722 = DIRECTION('',(0.,0.,1.));
#2723 = DIRECTION('',(1.,0.,-0.));
#2724 = ORIENTED_EDGE('',*,*,#2710,.T.);
#2725 = CYLINDRICAL_SURFACE('',#2726,1.3);
#2726 = AXIS2_PLACEMENT_3D('',#2727,#2728,#2729);
#2727 = CARTESIAN_POINT('',(-65.,-30.,1.));
#2728 = DIRECTION('',(0.,0.,1.));
#2729 = DIRECTION('',(1.,0.,-0.));
#2730 = ADVANCED_FACE('',(#2731),#2750,.F.);
#2731 = FACE_BOUND('',#2732,.F.);
#2732 = EDGE_LOOP('',(#2733,#2734,#2742,#2749));
#2733 = ORIENTED_EDGE('',*,*,#2652,.F.);
#2734 = ORIENTED_EDGE('',*,*,#2735,.F.);
#2735 = EDGE_CURVE('',#2736,#2653,#2738,.T.);
#2736 = VERTEX_POINT('',#2737);
#2737 = CARTESIAN_POINT('',(66.3,-30.,1.));
#2738 = LINE('',#2739,#2740);
#2739 = CARTESIAN_POINT('',(66.3,-30.,1.));
#2740 = VECTOR('',#2741,1.);
#2741 = DIRECTION('',(0.,0.,1.));
#2742 = ORIENTED_EDGE('',*,*,#2743,.T.);
#2743 = EDGE_CURVE('',#2736,#2736,#2744,.T.);
#2744 = CIRCLE('',#2745,1.3);
#2745 = AXIS2_PLACEMENT_3D('',#2746,#2747,#2748);
#2746 = CARTESIAN_POINT('',(65.,-30.,1.));
#2747 = DIRECTION('',(0.,0.,1.));
#2748 = DIRECTION('',(1.,0.,-0.));
#2749 = ORIENTED_EDGE('',*,*,#2735,.T.);
#2750 = CYLINDRICAL_SURFACE('',#2751,1.3);
#2751 = AXIS2_PLACEMENT_3D('',#2752,#2753,#2754);
#2752 = CARTESIAN_POINT('',(65.,-30.,1.));
#2753 = DIRECTION('',(0.,0.,1.));
#2754 = DIRECTION('',(1.,0.,-0.));
#2755 = ADVANCED_FACE('',(#2756),#2775,.F.);
#2756 = FACE_BOUND('',#2757,.F.);
#2757 = EDGE_LOOP('',(#2758,#2759,#2767,#2774));
#2758 = ORIENTED_EDGE('',*,*,#2672,.F.);
#2759 = ORIENTED_EDGE('',*,*,#2760,.F.);
#2760 = EDGE_CURVE('',#2761,#2673,#2763,.T.);
#2761 = VERTEX_POINT('',#2762);
#2762 = CARTESIAN_POINT('',(-63.7,30.,1.));
#2763 = LINE('',#2764,#2765);
#2764 = CARTESIAN_POINT('',(-63.7,30.,1.));
#2765 = VECTOR('',#2766,1.);
#2766 = DIRECTION('',(0.,0.,1.));
#2767 = ORIENTED_EDGE('',*,*,#2768,.T.);
#2768 = EDGE_CURVE('',#2761,#2761,#2769,.T.);
#2769 = CIRCLE('',#2770,1.3);
#2770 = AXIS2_PLACEMENT_3D('',#2771,#2772,#2773);
#2771 = CARTESIAN_POINT('',(-65.,30.,1.));
#2772 = DIRECTION('',(0.,0.,1.));
#2773 = DIRECTION('',(1.,0.,-0.));
#2774 = ORIENTED_EDGE('',*,*,#2760,.T.);
#2775 = CYLINDRICAL_SURFACE('',#2776,1.3);
#2776 = AXIS2_PLACEMENT_3D('',#2777,#2778,#2779);
#2777 = CARTESIAN_POINT('',(-65.,30.,1.));
#2778 = DIRECTION('',(0.,0.,1.));
#2779 = DIRECTION('',(1.,0.,-0.));
#2780 = ADVANCED_FACE('',(#2781),#2800,.F.);
#2781 = FACE_BOUND('',#2782,.F.);
#2782 = EDGE_LOOP('',(#2783,#2784,#2792,#2799));
#2783 = ORIENTED_EDGE('',*,*,#2692,.F.);
#2784 = ORIENTED_EDGE('',*,*,#2785,.F.);
#2785 = EDGE_CURVE('',#2786,#2693,#2788,.T.);
#2786 = VERTEX_POINT('',#2787);
#2787 = CARTESIAN_POINT('',(66.3,30.,1.));
#2788 = LINE('',#2789,#2790);
#2789 = CARTESIAN_POINT('',(66.3,30.,1.));
#2790 = VECTOR('',#2791,1.);
#2791 = DIRECTION('',(0.,0.,1.));
#2792 = ORIENTED_EDGE('',*,*,#2793,.T.);
#2793 = EDGE_CURVE('',#2786,#2786,#2794,.T.);
#2794 = CIRCLE('',#2795,1.3);
#2795 = AXIS2_PLACEMENT_3D('',#2796,#2797,#2798);
#2796 = CARTESIAN_POINT('',(65.,30.,1.));
#2797 = DIRECTION('',(0.,0.,1.));
#2798 = DIRECTION('',(1.,0.,-0.));
#2799 = ORIENTED_EDGE('',*,*,#2785,.T.);
#2800 = CYLINDRICAL_SURFACE('',#2801,1.3);
#2801 = AXIS2_PLACEMENT_3D('',#2802,#2803,#2804);
#2802 = CARTESIAN_POINT('',(65.,30.,1.));
#2803 = DIRECTION('',(0.,0.,1.));
#2804 = DIRECTION('',(1.,0.,-0.));
#2805 = ADVANCED_FACE('',(#2806),#2809,.T.);
#2806 = FACE_BOUND('',#2807,.F.);
#2807 = EDGE_LOOP('',(#2808));
#2808 = ORIENTED_EDGE('',*,*,#2718,.F.);
#2809 = PLANE('',#2810);
#2810 = AXIS2_PLACEMENT_3D('',#2811,#2812,#2813);
#2811 = CARTESIAN_POINT('',(-65.,-30.,1.));
#2812 = DIRECTION('',(0.,0.,1.));
#2813 = DIRECTION('',(1.,0.,-0.));
#2814 = ADVANCED_FACE('',(#2815),#2818,.T.);
#2815 = FACE_BOUND('',#2816,.F.);
#2816 = EDGE_LOOP('',(#2817));
#2817 = ORIENTED_EDGE('',*,*,#2743,.F.);
#2818 = PLANE('',#2819);
#2819 = AXIS2_PLACEMENT_3D('',#2820,#2821,#2822);
#2820 = CARTESIAN_POINT('',(65.,-30.,1.));
#2821 = DIRECTION('',(0.,0.,1.));
#2822 = DIRECTION('',(1.,0.,-0.));
#2823 = ADVANCED_FACE('',(#2824),#2827,.T.);
#2824 = FACE_BOUND('',#2825,.F.);
#2825 = EDGE_LOOP('',(#2826));
#2826 = ORIENTED_EDGE('',*,*,#2768,.F.);
#2827 = PLANE('',#2828);
#2828 = AXIS2_PLACEMENT_3D('',#2829,#2830,#2831);
#2829 = CARTESIAN_POINT('',(-65.,30.,1.));
#2830 = DIRECTION('',(0.,0.,1.));
#2831 = DIRECTION('',(1.,0.,-0.));
#2832 = ADVANCED_FACE('',(#2833),#2836,.T.);
#2833 = FACE_BOUND('',#2834,.F.);
#2834 = EDGE_LOOP('',(#2835));
#2835 = ORIENTED_EDGE('',*,*,#2793,.F.);
#2836 = PLANE('',#2837);
#2837 = AXIS2_PLACEMENT_3D('',#2838,#2839,#2840);
#2838 = CARTESIAN_POINT('',(65.,30.,1.));
#2839 = DIRECTION('',(0.,0.,1.));
#2840 = DIRECTION('',(1.,0.,-0.));
#2841 = ADVANCED_FACE('',(#2842,#2852,#2928,#2939,#2950,#2961,#2972,
    #2983,#2994),#3005,.T.);
#2842 = FACE_BOUND('',#2843,.T.);
#2843 = EDGE_LOOP('',(#2844,#2845,#2846,#2847,#2848,#2849,#2850,#2851));
#2844 = ORIENTED_EDGE('',*,*,#533,.T.);
#2845 = ORIENTED_EDGE('',*,*,#629,.T.);
#2846 = ORIENTED_EDGE('',*,*,#837,.T.);
#2847 = ORIENTED_EDGE('',*,*,#1015,.T.);
#2848 = ORIENTED_EDGE('',*,*,#1046,.T.);
#2849 = ORIENTED_EDGE('',*,*,#879,.T.);
#2850 = ORIENTED_EDGE('',*,*,#669,.T.);
#2851 = ORIENTED_EDGE('',*,*,#575,.T.);
#2852 = FACE_BOUND('',#2853,.T.);
#2853 = EDGE_LOOP('',(#2854,#2855,#2856,#2857,#2858,#2859,#2860,#2861,
    #2870,#2877,#2878,#2887,#2894,#2895,#2904,#2911,#2912,#2921));
#2854 = ORIENTED_EDGE('',*,*,#408,.T.);
#2855 = ORIENTED_EDGE('',*,*,#1513,.T.);
#2856 = ORIENTED_EDGE('',*,*,#470,.T.);
#2857 = ORIENTED_EDGE('',*,*,#1645,.T.);
#2858 = ORIENTED_EDGE('',*,*,#501,.T.);
#2859 = ORIENTED_EDGE('',*,*,#1627,.T.);
#2860 = ORIENTED_EDGE('',*,*,#439,.T.);
#2861 = ORIENTED_EDGE('',*,*,#2862,.T.);
#2862 = EDGE_CURVE('',#432,#2863,#2865,.T.);
#2863 = VERTEX_POINT('',#2864);
#2864 = CARTESIAN_POINT('',(4.,-46.,48.));
#2865 = CIRCLE('',#2866,4.);
#2866 = AXIS2_PLACEMENT_3D('',#2867,#2868,#2869);
#2867 = CARTESIAN_POINT('',(0.,-46.,48.));
#2868 = DIRECTION('',(0.,0.,1.));
#2869 = DIRECTION('',(1.,0.,-0.));
#2870 = ORIENTED_EDGE('',*,*,#2871,.T.);
#2871 = EDGE_CURVE('',#2863,#378,#2872,.T.);
#2872 = CIRCLE('',#2873,4.);
#2873 = AXIS2_PLACEMENT_3D('',#2874,#2875,#2876);
#2874 = CARTESIAN_POINT('',(0.,-46.,48.));
#2875 = DIRECTION('',(0.,0.,1.));
#2876 = DIRECTION('',(1.,0.,-0.));
#2877 = ORIENTED_EDGE('',*,*,#377,.T.);
#2878 = ORIENTED_EDGE('',*,*,#2879,.T.);
#2879 = EDGE_CURVE('',#370,#2880,#2882,.T.);
#2880 = VERTEX_POINT('',#2881);
#2881 = CARTESIAN_POINT('',(-72.,-46.,48.));
#2882 = CIRCLE('',#2883,4.);
#2883 = AXIS2_PLACEMENT_3D('',#2884,#2885,#2886);
#2884 = CARTESIAN_POINT('',(-76.,-46.,48.));
#2885 = DIRECTION('',(0.,0.,1.));
#2886 = DIRECTION('',(1.,0.,-0.));
#2887 = ORIENTED_EDGE('',*,*,#2888,.T.);
#2888 = EDGE_CURVE('',#2880,#40,#2889,.T.);
#2889 = CIRCLE('',#2890,4.);
#2890 = AXIS2_PLACEMENT_3D('',#2891,#2892,#2893);
#2891 = CARTESIAN_POINT('',(-76.,-46.,48.));
#2892 = DIRECTION('',(0.,0.,1.));
#2893 = DIRECTION('',(1.,0.,-0.));
#2894 = ORIENTED_EDGE('',*,*,#39,.T.);
#2895 = ORIENTED_EDGE('',*,*,#2896,.T.);
#2896 = EDGE_CURVE('',#32,#2897,#2899,.T.);
#2897 = VERTEX_POINT('',#2898);
#2898 = CARTESIAN_POINT('',(-72.,46.,48.));
#2899 = CIRCLE('',#2900,4.);
#2900 = AXIS2_PLACEMENT_3D('',#2901,#2902,#2903);
#2901 = CARTESIAN_POINT('',(-76.,46.,48.));
#2902 = DIRECTION('',(0.,0.,1.));
#2903 = DIRECTION('',(1.,0.,-0.));
#2904 = ORIENTED_EDGE('',*,*,#2905,.T.);
#2905 = EDGE_CURVE('',#2897,#347,#2906,.T.);
#2906 = CIRCLE('',#2907,4.);
#2907 = AXIS2_PLACEMENT_3D('',#2908,#2909,#2910);
#2908 = CARTESIAN_POINT('',(-76.,46.,48.));
#2909 = DIRECTION('',(0.,0.,1.));
#2910 = DIRECTION('',(1.,0.,-0.));
#2911 = ORIENTED_EDGE('',*,*,#346,.T.);
#2912 = ORIENTED_EDGE('',*,*,#2913,.T.);
#2913 = EDGE_CURVE('',#339,#2914,#2916,.T.);
#2914 = VERTEX_POINT('',#2915);
#2915 = CARTESIAN_POINT('',(4.,46.,48.));
#2916 = CIRCLE('',#2917,4.);
#2917 = AXIS2_PLACEMENT_3D('',#2918,#2919,#2920);
#2918 = CARTESIAN_POINT('',(0.,46.,48.));
#2919 = DIRECTION('',(0.,0.,1.));
#2920 = DIRECTION('',(1.,0.,-0.));
#2921 = ORIENTED_EDGE('',*,*,#2922,.T.);
#2922 = EDGE_CURVE('',#2914,#409,#2923,.T.);
#2923 = CIRCLE('',#2924,4.);
#2924 = AXIS2_PLACEMENT_3D('',#2925,#2926,#2927);
#2925 = CARTESIAN_POINT('',(0.,46.,48.));
#2926 = DIRECTION('',(0.,0.,1.));
#2927 = DIRECTION('',(1.,0.,-0.));
#2928 = FACE_BOUND('',#2929,.T.);
#2929 = EDGE_LOOP('',(#2930));
#2930 = ORIENTED_EDGE('',*,*,#2931,.F.);
#2931 = EDGE_CURVE('',#2932,#2932,#2934,.T.);
#2932 = VERTEX_POINT('',#2933);
#2933 = CARTESIAN_POINT('',(2.1,46.,48.));
#2934 = CIRCLE('',#2935,2.1);
#2935 = AXIS2_PLACEMENT_3D('',#2936,#2937,#2938);
#2936 = CARTESIAN_POINT('',(0.,46.,48.));
#2937 = DIRECTION('',(0.,0.,1.));
#2938 = DIRECTION('',(1.,0.,-0.));
#2939 = FACE_BOUND('',#2940,.T.);
#2940 = EDGE_LOOP('',(#2941));
#2941 = ORIENTED_EDGE('',*,*,#2942,.F.);
#2942 = EDGE_CURVE('',#2943,#2943,#2945,.T.);
#2943 = VERTEX_POINT('',#2944);
#2944 = CARTESIAN_POINT('',(2.1,-46.,48.));
#2945 = CIRCLE('',#2946,2.1);
#2946 = AXIS2_PLACEMENT_3D('',#2947,#2948,#2949);
#2947 = CARTESIAN_POINT('',(0.,-46.,48.));
#2948 = DIRECTION('',(0.,0.,1.));
#2949 = DIRECTION('',(1.,0.,-0.));
#2950 = FACE_BOUND('',#2951,.T.);
#2951 = EDGE_LOOP('',(#2952));
#2952 = ORIENTED_EDGE('',*,*,#2953,.F.);
#2953 = EDGE_CURVE('',#2954,#2954,#2956,.T.);
#2954 = VERTEX_POINT('',#2955);
#2955 = CARTESIAN_POINT('',(78.1,46.,48.));
#2956 = CIRCLE('',#2957,2.1);
#2957 = AXIS2_PLACEMENT_3D('',#2958,#2959,#2960);
#2958 = CARTESIAN_POINT('',(76.,46.,48.));
#2959 = DIRECTION('',(0.,0.,1.));
#2960 = DIRECTION('',(1.,0.,-0.));
#2961 = FACE_BOUND('',#2962,.T.);
#2962 = EDGE_LOOP('',(#2963));
#2963 = ORIENTED_EDGE('',*,*,#2964,.F.);
#2964 = EDGE_CURVE('',#2965,#2965,#2967,.T.);
#2965 = VERTEX_POINT('',#2966);
#2966 = CARTESIAN_POINT('',(-73.9,46.,48.));
#2967 = CIRCLE('',#2968,2.1);
#2968 = AXIS2_PLACEMENT_3D('',#2969,#2970,#2971);
#2969 = CARTESIAN_POINT('',(-76.,46.,48.));
#2970 = DIRECTION('',(0.,0.,1.));
#2971 = DIRECTION('',(1.,0.,-0.));
#2972 = FACE_BOUND('',#2973,.T.);
#2973 = EDGE_LOOP('',(#2974));
#2974 = ORIENTED_EDGE('',*,*,#2975,.F.);
#2975 = EDGE_CURVE('',#2976,#2976,#2978,.T.);
#2976 = VERTEX_POINT('',#2977);
#2977 = CARTESIAN_POINT('',(-73.9,-46.,48.));
#2978 = CIRCLE('',#2979,2.1);
#2979 = AXIS2_PLACEMENT_3D('',#2980,#2981,#2982);
#2980 = CARTESIAN_POINT('',(-76.,-46.,48.));
#2981 = DIRECTION('',(0.,0.,1.));
#2982 = DIRECTION('',(1.,0.,-0.));
#2983 = FACE_BOUND('',#2984,.T.);
#2984 = EDGE_LOOP('',(#2985));
#2985 = ORIENTED_EDGE('',*,*,#2986,.F.);
#2986 = EDGE_CURVE('',#2987,#2987,#2989,.T.);
#2987 = VERTEX_POINT('',#2988);
#2988 = CARTESIAN_POINT('',(78.1,-46.,48.));
#2989 = CIRCLE('',#2990,2.1);
#2990 = AXIS2_PLACEMENT_3D('',#2991,#2992,#2993);
#2991 = CARTESIAN_POINT('',(76.,-46.,48.));
#2992 = DIRECTION('',(0.,0.,1.));
#2993 = DIRECTION('',(1.,0.,-0.));
#2994 = FACE_BOUND('',#2995,.T.);
#2995 = EDGE_LOOP('',(#2996));
#2996 = ORIENTED_EDGE('',*,*,#2997,.F.);
#2997 = EDGE_CURVE('',#2998,#2998,#3000,.T.);
#2998 = VERTEX_POINT('',#2999);
#2999 = CARTESIAN_POINT('',(78.1,-5.143516556419E-16,48.));
#3000 = CIRCLE('',#3001,2.1);
#3001 = AXIS2_PLACEMENT_3D('',#3002,#3003,#3004);
#3002 = CARTESIAN_POINT('',(76.,0.,48.));
#3003 = DIRECTION('',(0.,0.,1.));
#3004 = DIRECTION('',(1.,0.,-0.));
#3005 = PLANE('',#3006);
#3006 = AXIS2_PLACEMENT_3D('',#3007,#3008,#3009);
#3007 = CARTESIAN_POINT('',(-3.504402982607E-15,1.752201491304E-15,48.)
  );
#3008 = DIRECTION('',(0.,0.,1.));
#3009 = DIRECTION('',(1.,0.,-0.));
#3010 = ADVANCED_FACE('',(#3011),#3030,.F.);
#3011 = FACE_BOUND('',#3012,.F.);
#3012 = EDGE_LOOP('',(#3013,#3014,#3022,#3029));
#3013 = ORIENTED_EDGE('',*,*,#2931,.F.);
#3014 = ORIENTED_EDGE('',*,*,#3015,.F.);
#3015 = EDGE_CURVE('',#3016,#2932,#3018,.T.);
#3016 = VERTEX_POINT('',#3017);
#3017 = CARTESIAN_POINT('',(2.1,46.,40.));
#3018 = LINE('',#3019,#3020);
#3019 = CARTESIAN_POINT('',(2.1,46.,40.));
#3020 = VECTOR('',#3021,1.);
#3021 = DIRECTION('',(0.,0.,1.));
#3022 = ORIENTED_EDGE('',*,*,#3023,.T.);
#3023 = EDGE_CURVE('',#3016,#3016,#3024,.T.);
#3024 = CIRCLE('',#3025,2.1);
#3025 = AXIS2_PLACEMENT_3D('',#3026,#3027,#3028);
#3026 = CARTESIAN_POINT('',(0.,46.,40.));
#3027 = DIRECTION('',(0.,0.,1.));
#3028 = DIRECTION('',(1.,0.,-0.));
#3029 = ORIENTED_EDGE('',*,*,#3015,.T.);
#3030 = CYLINDRICAL_SURFACE('',#3031,2.1);
#3031 = AXIS2_PLACEMENT_3D('',#3032,#3033,#3034);
#3032 = CARTESIAN_POINT('',(0.,46.,40.));
#3033 = DIRECTION('',(0.,0.,1.));
#3034 = DIRECTION('',(1.,0.,-0.));
#3035 = ADVANCED_FACE('',(#3036),#3039,.T.);
#3036 = FACE_BOUND('',#3037,.F.);
#3037 = EDGE_LOOP('',(#3038));
#3038 = ORIENTED_EDGE('',*,*,#3023,.F.);
#3039 = PLANE('',#3040);
#3040 = AXIS2_PLACEMENT_3D('',#3041,#3042,#3043);
#3041 = CARTESIAN_POINT('',(0.,46.,40.));
#3042 = DIRECTION('',(0.,0.,1.));
#3043 = DIRECTION('',(1.,0.,-0.));
#3044 = ADVANCED_FACE('',(#3045),#3064,.F.);
#3045 = FACE_BOUND('',#3046,.F.);
#3046 = EDGE_LOOP('',(#3047,#3048,#3056,#3063));
#3047 = ORIENTED_EDGE('',*,*,#2942,.F.);
#3048 = ORIENTED_EDGE('',*,*,#3049,.F.);
#3049 = EDGE_CURVE('',#3050,#2943,#3052,.T.);
#3050 = VERTEX_POINT('',#3051);
#3051 = CARTESIAN_POINT('',(2.1,-46.,40.));
#3052 = LINE('',#3053,#3054);
#3053 = CARTESIAN_POINT('',(2.1,-46.,40.));
#3054 = VECTOR('',#3055,1.);
#3055 = DIRECTION('',(0.,0.,1.));
#3056 = ORIENTED_EDGE('',*,*,#3057,.T.);
#3057 = EDGE_CURVE('',#3050,#3050,#3058,.T.);
#3058 = CIRCLE('',#3059,2.1);
#3059 = AXIS2_PLACEMENT_3D('',#3060,#3061,#3062);
#3060 = CARTESIAN_POINT('',(0.,-46.,40.));
#3061 = DIRECTION('',(0.,0.,1.));
#3062 = DIRECTION('',(1.,0.,-0.));
#3063 = ORIENTED_EDGE('',*,*,#3049,.T.);
#3064 = CYLINDRICAL_SURFACE('',#3065,2.1);
#3065 = AXIS2_PLACEMENT_3D('',#3066,#3067,#3068);
#3066 = CARTESIAN_POINT('',(0.,-46.,40.));
#3067 = DIRECTION('',(0.,0.,1.));
#3068 = DIRECTION('',(1.,0.,-0.));
#3069 = ADVANCED_FACE('',(#3070),#3073,.T.);
#3070 = FACE_BOUND('',#3071,.F.);
#3071 = EDGE_LOOP('',(#3072));
#3072 = ORIENTED_EDGE('',*,*,#3057,.F.);
#3073 = PLANE('',#3074);
#3074 = AXIS2_PLACEMENT_3D('',#3075,#3076,#3077);
#3075 = CARTESIAN_POINT('',(0.,-46.,40.));
#3076 = DIRECTION('',(0.,0.,1.));
#3077 = DIRECTION('',(1.,0.,-0.));
#3078 = ADVANCED_FACE('',(#3079),#3098,.F.);
#3079 = FACE_BOUND('',#3080,.F.);
#3080 = EDGE_LOOP('',(#3081,#3082,#3090,#3097));
#3081 = ORIENTED_EDGE('',*,*,#2953,.F.);
#3082 = ORIENTED_EDGE('',*,*,#3083,.F.);
#3083 = EDGE_CURVE('',#3084,#2954,#3086,.T.);
#3084 = VERTEX_POINT('',#3085);
#3085 = CARTESIAN_POINT('',(78.1,46.,40.));
#3086 = LINE('',#3087,#3088);
#3087 = CARTESIAN_POINT('',(78.1,46.,40.));
#3088 = VECTOR('',#3089,1.);
#3089 = DIRECTION('',(0.,0.,1.));
#3090 = ORIENTED_EDGE('',*,*,#3091,.T.);
#3091 = EDGE_CURVE('',#3084,#3084,#3092,.T.);
#3092 = CIRCLE('',#3093,2.1);
#3093 = AXIS2_PLACEMENT_3D('',#3094,#3095,#3096);
#3094 = CARTESIAN_POINT('',(76.,46.,40.));
#3095 = DIRECTION('',(0.,0.,1.));
#3096 = DIRECTION('',(1.,0.,-0.));
#3097 = ORIENTED_EDGE('',*,*,#3083,.T.);
#3098 = CYLINDRICAL_SURFACE('',#3099,2.1);
#3099 = AXIS2_PLACEMENT_3D('',#3100,#3101,#3102);
#3100 = CARTESIAN_POINT('',(76.,46.,40.));
#3101 = DIRECTION('',(0.,0.,1.));
#3102 = DIRECTION('',(1.,0.,-0.));
#3103 = ADVANCED_FACE('',(#3104),#3107,.T.);
#3104 = FACE_BOUND('',#3105,.F.);
#3105 = EDGE_LOOP('',(#3106));
#3106 = ORIENTED_EDGE('',*,*,#3091,.F.);
#3107 = PLANE('',#3108);
#3108 = AXIS2_PLACEMENT_3D('',#3109,#3110,#3111);
#3109 = CARTESIAN_POINT('',(76.,46.,40.));
#3110 = DIRECTION('',(0.,0.,1.));
#3111 = DIRECTION('',(1.,0.,-0.));
#3112 = ADVANCED_FACE('',(#3113),#3132,.F.);
#3113 = FACE_BOUND('',#3114,.F.);
#3114 = EDGE_LOOP('',(#3115,#3116,#3124,#3131));
#3115 = ORIENTED_EDGE('',*,*,#2964,.F.);
#3116 = ORIENTED_EDGE('',*,*,#3117,.F.);
#3117 = EDGE_CURVE('',#3118,#2965,#3120,.T.);
#3118 = VERTEX_POINT('',#3119);
#3119 = CARTESIAN_POINT('',(-73.9,46.,40.));
#3120 = LINE('',#3121,#3122);
#3121 = CARTESIAN_POINT('',(-73.9,46.,40.));
#3122 = VECTOR('',#3123,1.);
#3123 = DIRECTION('',(0.,0.,1.));
#3124 = ORIENTED_EDGE('',*,*,#3125,.T.);
#3125 = EDGE_CURVE('',#3118,#3118,#3126,.T.);
#3126 = CIRCLE('',#3127,2.1);
#3127 = AXIS2_PLACEMENT_3D('',#3128,#3129,#3130);
#3128 = CARTESIAN_POINT('',(-76.,46.,40.));
#3129 = DIRECTION('',(0.,0.,1.));
#3130 = DIRECTION('',(1.,0.,-0.));
#3131 = ORIENTED_EDGE('',*,*,#3117,.T.);
#3132 = CYLINDRICAL_SURFACE('',#3133,2.1);
#3133 = AXIS2_PLACEMENT_3D('',#3134,#3135,#3136);
#3134 = CARTESIAN_POINT('',(-76.,46.,40.));
#3135 = DIRECTION('',(0.,0.,1.));
#3136 = DIRECTION('',(1.,0.,-0.));
#3137 = ADVANCED_FACE('',(#3138),#3141,.T.);
#3138 = FACE_BOUND('',#3139,.F.);
#3139 = EDGE_LOOP('',(#3140));
#3140 = ORIENTED_EDGE('',*,*,#3125,.F.);
#3141 = PLANE('',#3142);
#3142 = AXIS2_PLACEMENT_3D('',#3143,#3144,#3145);
#3143 = CARTESIAN_POINT('',(-76.,46.,40.));
#3144 = DIRECTION('',(0.,0.,1.));
#3145 = DIRECTION('',(1.,0.,-0.));
#3146 = ADVANCED_FACE('',(#3147),#3166,.F.);
#3147 = FACE_BOUND('',#3148,.F.);
#3148 = EDGE_LOOP('',(#3149,#3150,#3158,#3165));
#3149 = ORIENTED_EDGE('',*,*,#2975,.F.);
#3150 = ORIENTED_EDGE('',*,*,#3151,.F.);
#3151 = EDGE_CURVE('',#3152,#2976,#3154,.T.);
#3152 = VERTEX_POINT('',#3153);
#3153 = CARTESIAN_POINT('',(-73.9,-46.,40.));
#3154 = LINE('',#3155,#3156);
#3155 = CARTESIAN_POINT('',(-73.9,-46.,40.));
#3156 = VECTOR('',#3157,1.);
#3157 = DIRECTION('',(0.,0.,1.));
#3158 = ORIENTED_EDGE('',*,*,#3159,.T.);
#3159 = EDGE_CURVE('',#3152,#3152,#3160,.T.);
#3160 = CIRCLE('',#3161,2.1);
#3161 = AXIS2_PLACEMENT_3D('',#3162,#3163,#3164);
#3162 = CARTESIAN_POINT('',(-76.,-46.,40.));
#3163 = DIRECTION('',(0.,0.,1.));
#3164 = DIRECTION('',(1.,0.,-0.));
#3165 = ORIENTED_EDGE('',*,*,#3151,.T.);
#3166 = CYLINDRICAL_SURFACE('',#3167,2.1);
#3167 = AXIS2_PLACEMENT_3D('',#3168,#3169,#3170);
#3168 = CARTESIAN_POINT('',(-76.,-46.,40.));
#3169 = DIRECTION('',(0.,0.,1.));
#3170 = DIRECTION('',(1.,0.,-0.));
#3171 = ADVANCED_FACE('',(#3172),#3175,.T.);
#3172 = FACE_BOUND('',#3173,.F.);
#3173 = EDGE_LOOP('',(#3174));
#3174 = ORIENTED_EDGE('',*,*,#3159,.F.);
#3175 = PLANE('',#3176);
#3176 = AXIS2_PLACEMENT_3D('',#3177,#3178,#3179);
#3177 = CARTESIAN_POINT('',(-76.,-46.,40.));
#3178 = DIRECTION('',(0.,0.,1.));
#3179 = DIRECTION('',(1.,0.,-0.));
#3180 = ADVANCED_FACE('',(#3181),#3200,.F.);
#3181 = FACE_BOUND('',#3182,.F.);
#3182 = EDGE_LOOP('',(#3183,#3184,#3192,#3199));
#3183 = ORIENTED_EDGE('',*,*,#2986,.F.);
#3184 = ORIENTED_EDGE('',*,*,#3185,.F.);
#3185 = EDGE_CURVE('',#3186,#2987,#3188,.T.);
#3186 = VERTEX_POINT('',#3187);
#3187 = CARTESIAN_POINT('',(78.1,-46.,40.));
#3188 = LINE('',#3189,#3190);
#3189 = CARTESIAN_POINT('',(78.1,-46.,40.));
#3190 = VECTOR('',#3191,1.);
#3191 = DIRECTION('',(0.,0.,1.));
#3192 = ORIENTED_EDGE('',*,*,#3193,.T.);
#3193 = EDGE_CURVE('',#3186,#3186,#3194,.T.);
#3194 = CIRCLE('',#3195,2.1);
#3195 = AXIS2_PLACEMENT_3D('',#3196,#3197,#3198);
#3196 = CARTESIAN_POINT('',(76.,-46.,40.));
#3197 = DIRECTION('',(0.,0.,1.));
#3198 = DIRECTION('',(1.,0.,-0.));
#3199 = ORIENTED_EDGE('',*,*,#3185,.T.);
#3200 = CYLINDRICAL_SURFACE('',#3201,2.1);
#3201 = AXIS2_PLACEMENT_3D('',#3202,#3203,#3204);
#3202 = CARTESIAN_POINT('',(76.,-46.,40.));
#3203 = DIRECTION('',(0.,0.,1.));
#3204 = DIRECTION('',(1.,0.,-0.));
#3205 = ADVANCED_FACE('',(#3206),#3209,.T.);
#3206 = FACE_BOUND('',#3207,.F.);
#3207 = EDGE_LOOP('',(#3208));
#3208 = ORIENTED_EDGE('',*,*,#3193,.F.);
#3209 = PLANE('',#3210);
#3210 = AXIS2_PLACEMENT_3D('',#3211,#3212,#3213);
#3211 = CARTESIAN_POINT('',(76.,-46.,40.));
#3212 = DIRECTION('',(0.,0.,1.));
#3213 = DIRECTION('',(1.,0.,-0.));
#3214 = ADVANCED_FACE('',(#3215),#3234,.F.);
#3215 = FACE_BOUND('',#3216,.F.);
#3216 = EDGE_LOOP('',(#3217,#3218,#3226,#3233));
#3217 = ORIENTED_EDGE('',*,*,#2997,.F.);
#3218 = ORIENTED_EDGE('',*,*,#3219,.F.);
#3219 = EDGE_CURVE('',#3220,#2998,#3222,.T.);
#3220 = VERTEX_POINT('',#3221);
#3221 = CARTESIAN_POINT('',(78.1,-5.143516556419E-16,40.));
#3222 = LINE('',#3223,#3224);
#3223 = CARTESIAN_POINT('',(78.1,-5.143516556419E-16,40.));
#3224 = VECTOR('',#3225,1.);
#3225 = DIRECTION('',(0.,0.,1.));
#3226 = ORIENTED_EDGE('',*,*,#3227,.T.);
#3227 = EDGE_CURVE('',#3220,#3220,#3228,.T.);
#3228 = CIRCLE('',#3229,2.1);
#3229 = AXIS2_PLACEMENT_3D('',#3230,#3231,#3232);
#3230 = CARTESIAN_POINT('',(76.,0.,40.));
#3231 = DIRECTION('',(0.,0.,1.));
#3232 = DIRECTION('',(1.,0.,-0.));
#3233 = ORIENTED_EDGE('',*,*,#3219,.T.);
#3234 = CYLINDRICAL_SURFACE('',#3235,2.1);
#3235 = AXIS2_PLACEMENT_3D('',#3236,#3237,#3238);
#3236 = CARTESIAN_POINT('',(76.,0.,40.));
#3237 = DIRECTION('',(0.,0.,1.));
#3238 = DIRECTION('',(1.,0.,-0.));
#3239 = ADVANCED_FACE('',(#3240),#3243,.T.);
#3240 = FACE_BOUND('',#3241,.F.);
#3241 = EDGE_LOOP('',(#3242));
#3242 = ORIENTED_EDGE('',*,*,#3227,.F.);
#3243 = PLANE('',#3244);
#3244 = AXIS2_PLACEMENT_3D('',#3245,#3246,#3247);
#3245 = CARTESIAN_POINT('',(76.,0.,40.));
#3246 = DIRECTION('',(0.,0.,1.));
#3247 = DIRECTION('',(1.,0.,-0.));
#3248 = ADVANCED_FACE('',(#3249),#3257,.T.);
#3249 = FACE_BOUND('',#3250,.T.);
#3250 = EDGE_LOOP('',(#3251,#3252,#3253,#3254,#3255,#3256));
#3251 = ORIENTED_EDGE('',*,*,#2913,.F.);
#3252 = ORIENTED_EDGE('',*,*,#338,.F.);
#3253 = ORIENTED_EDGE('',*,*,#217,.T.);
#3254 = ORIENTED_EDGE('',*,*,#208,.T.);
#3255 = ORIENTED_EDGE('',*,*,#416,.T.);
#3256 = ORIENTED_EDGE('',*,*,#2922,.F.);
#3257 = CYLINDRICAL_SURFACE('',#3258,4.);
#3258 = AXIS2_PLACEMENT_3D('',#3259,#3260,#3261);
#3259 = CARTESIAN_POINT('',(0.,46.,3.));
#3260 = DIRECTION('',(0.,0.,1.));
#3261 = DIRECTION('',(1.,0.,-0.));
#3262 = ADVANCED_FACE('',(#3263),#3271,.T.);
#3263 = FACE_BOUND('',#3264,.T.);
#3264 = EDGE_LOOP('',(#3265,#3266,#3267,#3268,#3269,#3270));
#3265 = ORIENTED_EDGE('',*,*,#2896,.F.);
#3266 = ORIENTED_EDGE('',*,*,#31,.F.);
#3267 = ORIENTED_EDGE('',*,*,#95,.T.);
#3268 = ORIENTED_EDGE('',*,*,#234,.T.);
#3269 = ORIENTED_EDGE('',*,*,#354,.T.);
#3270 = ORIENTED_EDGE('',*,*,#2905,.F.);
#3271 = CYLINDRICAL_SURFACE('',#3272,4.);
#3272 = AXIS2_PLACEMENT_3D('',#3273,#3274,#3275);
#3273 = CARTESIAN_POINT('',(-76.,46.,3.));
#3274 = DIRECTION('',(0.,0.,1.));
#3275 = DIRECTION('',(1.,0.,-0.));
#3276 = ADVANCED_FACE('',(#3277),#3285,.T.);
#3277 = FACE_BOUND('',#3278,.T.);
#3278 = EDGE_LOOP('',(#3279,#3280,#3281,#3282,#3283,#3284));
#3279 = ORIENTED_EDGE('',*,*,#2879,.F.);
#3280 = ORIENTED_EDGE('',*,*,#369,.F.);
#3281 = ORIENTED_EDGE('',*,*,#114,.T.);
#3282 = ORIENTED_EDGE('',*,*,#105,.T.);
#3283 = ORIENTED_EDGE('',*,*,#47,.T.);
#3284 = ORIENTED_EDGE('',*,*,#2888,.F.);
#3285 = CYLINDRICAL_SURFACE('',#3286,4.);
#3286 = AXIS2_PLACEMENT_3D('',#3287,#3288,#3289);
#3287 = CARTESIAN_POINT('',(-76.,-46.,3.));
#3288 = DIRECTION('',(0.,0.,1.));
#3289 = DIRECTION('',(1.,0.,-0.));
#3290 = ADVANCED_FACE('',(#3291),#3299,.T.);
#3291 = FACE_BOUND('',#3292,.T.);
#3292 = EDGE_LOOP('',(#3293,#3294,#3295,#3296,#3297,#3298));
#3293 = ORIENTED_EDGE('',*,*,#2862,.F.);
#3294 = ORIENTED_EDGE('',*,*,#431,.F.);
#3295 = ORIENTED_EDGE('',*,*,#140,.T.);
#3296 = ORIENTED_EDGE('',*,*,#131,.T.);
#3297 = ORIENTED_EDGE('',*,*,#385,.T.);
#3298 = ORIENTED_EDGE('',*,*,#2871,.F.);
#3299 = CYLINDRICAL_SURFACE('',#3300,4.);
#3300 = AXIS2_PLACEMENT_3D('',#3301,#3302,#3303);
#3301 = CARTESIAN_POINT('',(0.,-46.,3.));
#3302 = DIRECTION('',(0.,0.,1.));
#3303 = DIRECTION('',(1.,0.,-0.));
#3304 = ( GEOMETRIC_REPRESENTATION_CONTEXT(3) 
GLOBAL_UNCERTAINTY_ASSIGNED_CONTEXT((#3308)) 
GLOBAL_UNIT_ASSIGNED_CONTEXT((#3305,#3306,#3307)) REPRESENTATION_CONTEXT
('Context #1','3D Context with UNIT and UNCERTAINTY') );
#3305 = ( LENGTH_UNIT() NAMED_UNIT(*) SI_UNIT(.MILLI.,.METRE.) );
#3306 = ( NAMED_UNIT(*) PLANE_ANGLE_UNIT() SI_UNIT($,.RADIAN.) );
#3307 = ( NAMED_UNIT(*) SI_UNIT($,.STERADIAN.) SOLID_ANGLE_UNIT() );
#3308 = UNCERTAINTY_MEASURE_WITH_UNIT(LENGTH_MEASURE(1.E-07),#3305,
  'distance_accuracy_value','confusion accuracy');
#3309 = PRODUCT_RELATED_PRODUCT_CATEGORY('part',$,(#7));
ENDSEC;
END-ISO-10303-21;
