ISO-10303-21;
HEADER;
FILE_DESCRIPTION(('FreeCAD Model'),'2;1');
FILE_NAME('Open CASCADE Shape Model','2026-09-20T22:45:40',('FreeCAD'),(
    'FreeCAD'),'Open CASCADE STEP processor 7.8','FreeCAD','Unknown');
FILE_SCHEMA(('AUTOMOTIVE_DESIGN { 1 0 10303 214 1 1 1 1 }'));
ENDSEC;
DATA;
#1 = APPLICATION_PROTOCOL_DEFINITION('international standard',
  'automotive_design',2000,#2);
#2 = APPLICATION_CONTEXT(
  'core data for automotive mechanical design processes');
#3 = SHAPE_DEFINITION_REPRESENTATION(#4,#10);
#4 = PRODUCT_DEFINITION_SHAPE('','',#5);
#5 = PRODUCT_DEFINITION('design','',#6,#9);
#6 = PRODUCT_DEFINITION_FORMATION('','',#7);
#7 = PRODUCT('Open CASCADE STEP translator 7.8 1',
  'Open CASCADE STEP translator 7.8 1','',(#8));
#8 = PRODUCT_CONTEXT('',#2,'mechanical');
#9 = PRODUCT_DEFINITION_CONTEXT('part definition',#2,'design');
#10 = ADVANCED_BREP_SHAPE_REPRESENTATION('',(#11,#15),#4123);
#11 = AXIS2_PLACEMENT_3D('',#12,#13,#14);
#12 = CARTESIAN_POINT('',(0.,0.,0.));
#13 = DIRECTION('',(0.,0.,1.));
#14 = DIRECTION('',(1.,0.,-0.));
#15 = MANIFOLD_SOLID_BREP('',#16);
#16 = CLOSED_SHELL('',(#17,#91,#316,#347,#378,#409,#440,#505,#547,#578,
    #610,#696,#729,#753,#856,#873,#906,#992,#1023,#1047,#1072,#1097,
    #1122,#1147,#1172,#1189,#1206,#1223,#1240,#1252,#1269,#1286,#1303,
    #1320,#1345,#1370,#1395,#1420,#1445,#1463,#1494,#1518,#1542,#1559,
    #1577,#1608,#1632,#1656,#1673,#1732,#1791,#1850,#2065,#2124,#2183,
    #2242,#2301,#2516,#2575,#2600,#2625,#2650,#2675,#2697,#2714,#2731,
    #2748,#2765,#2777,#2799,#2816,#2833,#2850,#2867,#2879,#2901,#2918,
    #2935,#2952,#2969,#2981,#3003,#3020,#3037,#3054,#3071,#3083,#3105,
    #3122,#3139,#3156,#3173,#3185,#3207,#3224,#3241,#3258,#3275,#3287,
    #3309,#3326,#3343,#3360,#3377,#3389,#3411,#3428,#3445,#3462,#3479,
    #3491,#3511,#3531,#3551,#3571,#3596,#3621,#3646,#3671,#3680,#3689,
    #3698,#3707,#3863,#3888,#3897,#3922,#3931,#3956,#3965,#3990,#3999,
    #4024,#4033,#4058,#4067,#4081,#4095,#4109));
#17 = ADVANCED_FACE('',(#18,#52),#86,.T.);
#18 = FACE_BOUND('',#19,.T.);
#19 = EDGE_LOOP('',(#20,#30,#38,#46));
#20 = ORIENTED_EDGE('',*,*,#21,.F.);
#21 = EDGE_CURVE('',#22,#24,#26,.T.);
#22 = VERTEX_POINT('',#23);
#23 = CARTESIAN_POINT('',(-79.,43.354248688935,3.));
#24 = VERTEX_POINT('',#25);
#25 = CARTESIAN_POINT('',(-79.,-43.35424868893,3.));
#26 = LINE('',#27,#28);
#27 = CARTESIAN_POINT('',(-79.,46.,3.));
#28 = VECTOR('',#29,1.);
#29 = DIRECTION('',(0.,-1.,0.));
#30 = ORIENTED_EDGE('',*,*,#31,.T.);
#31 = EDGE_CURVE('',#22,#32,#34,.T.);
#32 = VERTEX_POINT('',#33);
#33 = CARTESIAN_POINT('',(-79.,43.354248688935,48.));
#34 = LINE('',#35,#36);
#35 = CARTESIAN_POINT('',(-79.,43.354248688935,3.));
#36 = VECTOR('',#37,1.);
#37 = DIRECTION('',(0.,0.,1.));
#38 = ORIENTED_EDGE('',*,*,#39,.F.);
#39 = EDGE_CURVE('',#40,#32,#42,.T.);
#40 = VERTEX_POINT('',#41);
#41 = CARTESIAN_POINT('',(-79.,-43.35424868893,48.));
#42 = LINE('',#43,#44);
#43 = CARTESIAN_POINT('',(-79.,23.,48.));
#44 = VECTOR('',#45,1.);
#45 = DIRECTION('',(-0.,1.,0.));
#46 = ORIENTED_EDGE('',*,*,#47,.F.);
#47 = EDGE_CURVE('',#24,#40,#48,.T.);
#48 = LINE('',#49,#50);
#49 = CARTESIAN_POINT('',(-79.,-43.35424868893,3.));
#50 = VECTOR('',#51,1.);
#51 = DIRECTION('',(0.,0.,1.));
#52 = FACE_BOUND('',#53,.T.);
#53 = EDGE_LOOP('',(#54,#64,#72,#80));
#54 = ORIENTED_EDGE('',*,*,#55,.F.);
#55 = EDGE_CURVE('',#56,#58,#60,.T.);
#56 = VERTEX_POINT('',#57);
#57 = CARTESIAN_POINT('',(-79.,-22.255,10.125));
#58 = VERTEX_POINT('',#59);
#59 = CARTESIAN_POINT('',(-79.,22.255,10.125));
#60 = LINE('',#61,#62);
#61 = CARTESIAN_POINT('',(-79.,-22.255,10.125));
#62 = VECTOR('',#63,1.);
#63 = DIRECTION('',(-0.,1.,0.));
#64 = ORIENTED_EDGE('',*,*,#65,.T.);
#65 = EDGE_CURVE('',#56,#66,#68,.T.);
#66 = VERTEX_POINT('',#67);
#67 = CARTESIAN_POINT('',(-79.,-22.255,45.875));
#68 = LINE('',#69,#70);
#69 = CARTESIAN_POINT('',(-79.,-22.255,10.125));
#70 = VECTOR('',#71,1.);
#71 = DIRECTION('',(0.,0.,1.));
#72 = ORIENTED_EDGE('',*,*,#73,.T.);
#73 = EDGE_CURVE('',#66,#74,#76,.T.);
#74 = VERTEX_POINT('',#75);
#75 = CARTESIAN_POINT('',(-79.,22.255,45.875));
#76 = LINE('',#77,#78);
#77 = CARTESIAN_POINT('',(-79.,-22.255,45.875));
#78 = VECTOR('',#79,1.);
#79 = DIRECTION('',(-0.,1.,0.));
#80 = ORIENTED_EDGE('',*,*,#81,.F.);
#81 = EDGE_CURVE('',#58,#74,#82,.T.);
#82 = LINE('',#83,#84);
#83 = CARTESIAN_POINT('',(-79.,22.255,10.125));
#84 = VECTOR('',#85,1.);
#85 = DIRECTION('',(0.,0.,1.));
#86 = PLANE('',#87);
#87 = AXIS2_PLACEMENT_3D('',#88,#89,#90);
#88 = CARTESIAN_POINT('',(-79.,46.,3.));
#89 = DIRECTION('',(1.,0.,-0.));
#90 = DIRECTION('',(0.,-1.,0.));
#91 = ADVANCED_FACE('',(#92,#223,#234,#245,#256,#267,#278,#289,#300),
  #311,.T.);
#92 = FACE_BOUND('',#93,.T.);
#93 = EDGE_LOOP('',(#94,#103,#104,#113,#122,#130,#139,#148,#156,#165,
    #173,#182,#190,#199,#208,#216));
#94 = ORIENTED_EDGE('',*,*,#95,.F.);
#95 = EDGE_CURVE('',#22,#96,#98,.T.);
#96 = VERTEX_POINT('',#97);
#97 = CARTESIAN_POINT('',(-72.,46.,3.));
#98 = CIRCLE('',#99,4.);
#99 = AXIS2_PLACEMENT_3D('',#100,#101,#102);
#100 = CARTESIAN_POINT('',(-76.,46.,3.));
#101 = DIRECTION('',(0.,0.,1.));
#102 = DIRECTION('',(1.,0.,-0.));
#103 = ORIENTED_EDGE('',*,*,#21,.T.);
#104 = ORIENTED_EDGE('',*,*,#105,.F.);
#105 = EDGE_CURVE('',#106,#24,#108,.T.);
#106 = VERTEX_POINT('',#107);
#107 = CARTESIAN_POINT('',(-72.,-46.,3.));
#108 = CIRCLE('',#109,4.);
#109 = AXIS2_PLACEMENT_3D('',#110,#111,#112);
#110 = CARTESIAN_POINT('',(-76.,-46.,3.));
#111 = DIRECTION('',(0.,0.,1.));
#112 = DIRECTION('',(1.,0.,-0.));
#113 = ORIENTED_EDGE('',*,*,#114,.F.);
#114 = EDGE_CURVE('',#115,#106,#117,.T.);
#115 = VERTEX_POINT('',#116);
#116 = CARTESIAN_POINT('',(-73.35424868893,-49.,3.));
#117 = CIRCLE('',#118,4.);
#118 = AXIS2_PLACEMENT_3D('',#119,#120,#121);
#119 = CARTESIAN_POINT('',(-76.,-46.,3.));
#120 = DIRECTION('',(0.,0.,1.));
#121 = DIRECTION('',(1.,0.,-0.));
#122 = ORIENTED_EDGE('',*,*,#123,.T.);
#123 = EDGE_CURVE('',#115,#124,#126,.T.);
#124 = VERTEX_POINT('',#125);
#125 = CARTESIAN_POINT('',(-2.645751311065,-49.,3.));
#126 = LINE('',#127,#128);
#127 = CARTESIAN_POINT('',(-76.,-49.,3.));
#128 = VECTOR('',#129,1.);
#129 = DIRECTION('',(1.,0.,0.));
#130 = ORIENTED_EDGE('',*,*,#131,.F.);
#131 = EDGE_CURVE('',#132,#124,#134,.T.);
#132 = VERTEX_POINT('',#133);
#133 = CARTESIAN_POINT('',(4.,-46.,3.));
#134 = CIRCLE('',#135,4.);
#135 = AXIS2_PLACEMENT_3D('',#136,#137,#138);
#136 = CARTESIAN_POINT('',(0.,-46.,3.));
#137 = DIRECTION('',(0.,0.,1.));
#138 = DIRECTION('',(1.,0.,-0.));
#139 = ORIENTED_EDGE('',*,*,#140,.F.);
#140 = EDGE_CURVE('',#141,#132,#143,.T.);
#141 = VERTEX_POINT('',#142);
#142 = CARTESIAN_POINT('',(2.645751311064,-49.,3.));
#143 = CIRCLE('',#144,4.);
#144 = AXIS2_PLACEMENT_3D('',#145,#146,#147);
#145 = CARTESIAN_POINT('',(0.,-46.,3.));
#146 = DIRECTION('',(0.,0.,1.));
#147 = DIRECTION('',(1.,0.,-0.));
#148 = ORIENTED_EDGE('',*,*,#149,.T.);
#149 = EDGE_CURVE('',#141,#150,#152,.T.);
#150 = VERTEX_POINT('',#151);
#151 = CARTESIAN_POINT('',(73.354248688935,-49.,3.));
#152 = LINE('',#153,#154);
#153 = CARTESIAN_POINT('',(-76.,-49.,3.));
#154 = VECTOR('',#155,1.);
#155 = DIRECTION('',(1.,0.,0.));
#156 = ORIENTED_EDGE('',*,*,#157,.F.);
#157 = EDGE_CURVE('',#158,#150,#160,.T.);
#158 = VERTEX_POINT('',#159);
#159 = CARTESIAN_POINT('',(79.,-43.35424868893,3.));
#160 = CIRCLE('',#161,4.);
#161 = AXIS2_PLACEMENT_3D('',#162,#163,#164);
#162 = CARTESIAN_POINT('',(76.,-46.,3.));
#163 = DIRECTION('',(0.,0.,1.));
#164 = DIRECTION('',(1.,0.,-0.));
#165 = ORIENTED_EDGE('',*,*,#166,.T.);
#166 = EDGE_CURVE('',#158,#167,#169,.T.);
#167 = VERTEX_POINT('',#168);
#168 = CARTESIAN_POINT('',(79.,43.354248688936,3.));
#169 = LINE('',#170,#171);
#170 = CARTESIAN_POINT('',(79.,-46.,3.));
#171 = VECTOR('',#172,1.);
#172 = DIRECTION('',(0.,1.,0.));
#173 = ORIENTED_EDGE('',*,*,#174,.F.);
#174 = EDGE_CURVE('',#175,#167,#177,.T.);
#175 = VERTEX_POINT('',#176);
#176 = CARTESIAN_POINT('',(73.354248688935,49.,3.));
#177 = CIRCLE('',#178,4.);
#178 = AXIS2_PLACEMENT_3D('',#179,#180,#181);
#179 = CARTESIAN_POINT('',(76.,46.,3.));
#180 = DIRECTION('',(0.,0.,1.));
#181 = DIRECTION('',(1.,0.,-0.));
#182 = ORIENTED_EDGE('',*,*,#183,.T.);
#183 = EDGE_CURVE('',#175,#184,#186,.T.);
#184 = VERTEX_POINT('',#185);
#185 = CARTESIAN_POINT('',(2.645751311064,49.,3.));
#186 = LINE('',#187,#188);
#187 = CARTESIAN_POINT('',(76.,49.,3.));
#188 = VECTOR('',#189,1.);
#189 = DIRECTION('',(-1.,0.,0.));
#190 = ORIENTED_EDGE('',*,*,#191,.F.);
#191 = EDGE_CURVE('',#192,#184,#194,.T.);
#192 = VERTEX_POINT('',#193);
#193 = CARTESIAN_POINT('',(4.,46.,3.));
#194 = CIRCLE('',#195,4.);
#195 = AXIS2_PLACEMENT_3D('',#196,#197,#198);
#196 = CARTESIAN_POINT('',(0.,46.,3.));
#197 = DIRECTION('',(0.,0.,1.));
#198 = DIRECTION('',(1.,0.,-0.));
#199 = ORIENTED_EDGE('',*,*,#200,.F.);
#200 = EDGE_CURVE('',#201,#192,#203,.T.);
#201 = VERTEX_POINT('',#202);
#202 = CARTESIAN_POINT('',(-2.645751311065,49.,3.));
#203 = CIRCLE('',#204,4.);
#204 = AXIS2_PLACEMENT_3D('',#205,#206,#207);
#205 = CARTESIAN_POINT('',(0.,46.,3.));
#206 = DIRECTION('',(0.,0.,1.));
#207 = DIRECTION('',(1.,0.,-0.));
#208 = ORIENTED_EDGE('',*,*,#209,.T.);
#209 = EDGE_CURVE('',#201,#210,#212,.T.);
#210 = VERTEX_POINT('',#211);
#211 = CARTESIAN_POINT('',(-73.35424868893,49.,3.));
#212 = LINE('',#213,#214);
#213 = CARTESIAN_POINT('',(76.,49.,3.));
#214 = VECTOR('',#215,1.);
#215 = DIRECTION('',(-1.,0.,0.));
#216 = ORIENTED_EDGE('',*,*,#217,.F.);
#217 = EDGE_CURVE('',#96,#210,#218,.T.);
#218 = CIRCLE('',#219,4.);
#219 = AXIS2_PLACEMENT_3D('',#220,#221,#222);
#220 = CARTESIAN_POINT('',(-76.,46.,3.));
#221 = DIRECTION('',(0.,0.,1.));
#222 = DIRECTION('',(1.,0.,-0.));
#223 = FACE_BOUND('',#224,.T.);
#224 = EDGE_LOOP('',(#225));
#225 = ORIENTED_EDGE('',*,*,#226,.F.);
#226 = EDGE_CURVE('',#227,#227,#229,.T.);
#227 = VERTEX_POINT('',#228);
#228 = CARTESIAN_POINT('',(-52.75,-44.5,3.));
#229 = CIRCLE('',#230,2.25);
#230 = AXIS2_PLACEMENT_3D('',#231,#232,#233);
#231 = CARTESIAN_POINT('',(-55.,-44.5,3.));
#232 = DIRECTION('',(0.,0.,1.));
#233 = DIRECTION('',(1.,0.,-0.));
#234 = FACE_BOUND('',#235,.T.);
#235 = EDGE_LOOP('',(#236));
#236 = ORIENTED_EDGE('',*,*,#237,.F.);
#237 = EDGE_CURVE('',#238,#238,#240,.T.);
#238 = VERTEX_POINT('',#239);
#239 = CARTESIAN_POINT('',(-61.5,-30.,3.));
#240 = CIRCLE('',#241,3.5);
#241 = AXIS2_PLACEMENT_3D('',#242,#243,#244);
#242 = CARTESIAN_POINT('',(-65.,-30.,3.));
#243 = DIRECTION('',(0.,0.,1.));
#244 = DIRECTION('',(1.,0.,-0.));
#245 = FACE_BOUND('',#246,.T.);
#246 = EDGE_LOOP('',(#247));
#247 = ORIENTED_EDGE('',*,*,#248,.F.);
#248 = EDGE_CURVE('',#249,#249,#251,.T.);
#249 = VERTEX_POINT('',#250);
#250 = CARTESIAN_POINT('',(57.25,-44.5,3.));
#251 = CIRCLE('',#252,2.25);
#252 = AXIS2_PLACEMENT_3D('',#253,#254,#255);
#253 = CARTESIAN_POINT('',(55.,-44.5,3.));
#254 = DIRECTION('',(0.,0.,1.));
#255 = DIRECTION('',(1.,0.,-0.));
#256 = FACE_BOUND('',#257,.T.);
#257 = EDGE_LOOP('',(#258));
#258 = ORIENTED_EDGE('',*,*,#259,.F.);
#259 = EDGE_CURVE('',#260,#260,#262,.T.);
#260 = VERTEX_POINT('',#261);
#261 = CARTESIAN_POINT('',(68.5,-30.,3.));
#262 = CIRCLE('',#263,3.5);
#263 = AXIS2_PLACEMENT_3D('',#264,#265,#266);
#264 = CARTESIAN_POINT('',(65.,-30.,3.));
#265 = DIRECTION('',(0.,0.,1.));
#266 = DIRECTION('',(1.,0.,-0.));
#267 = FACE_BOUND('',#268,.T.);
#268 = EDGE_LOOP('',(#269));
#269 = ORIENTED_EDGE('',*,*,#270,.F.);
#270 = EDGE_CURVE('',#271,#271,#273,.T.);
#271 = VERTEX_POINT('',#272);
#272 = CARTESIAN_POINT('',(-61.5,30.,3.));
#273 = CIRCLE('',#274,3.5);
#274 = AXIS2_PLACEMENT_3D('',#275,#276,#277);
#275 = CARTESIAN_POINT('',(-65.,30.,3.));
#276 = DIRECTION('',(0.,0.,1.));
#277 = DIRECTION('',(1.,0.,-0.));
#278 = FACE_BOUND('',#279,.T.);
#279 = EDGE_LOOP('',(#280));
#280 = ORIENTED_EDGE('',*,*,#281,.F.);
#281 = EDGE_CURVE('',#282,#282,#284,.T.);
#282 = VERTEX_POINT('',#283);
#283 = CARTESIAN_POINT('',(-52.75,44.5,3.));
#284 = CIRCLE('',#285,2.25);
#285 = AXIS2_PLACEMENT_3D('',#286,#287,#288);
#286 = CARTESIAN_POINT('',(-55.,44.5,3.));
#287 = DIRECTION('',(0.,0.,1.));
#288 = DIRECTION('',(1.,0.,-0.));
#289 = FACE_BOUND('',#290,.T.);
#290 = EDGE_LOOP('',(#291));
#291 = ORIENTED_EDGE('',*,*,#292,.F.);
#292 = EDGE_CURVE('',#293,#293,#295,.T.);
#293 = VERTEX_POINT('',#294);
#294 = CARTESIAN_POINT('',(68.5,30.,3.));
#295 = CIRCLE('',#296,3.5);
#296 = AXIS2_PLACEMENT_3D('',#297,#298,#299);
#297 = CARTESIAN_POINT('',(65.,30.,3.));
#298 = DIRECTION('',(0.,0.,1.));
#299 = DIRECTION('',(1.,0.,-0.));
#300 = FACE_BOUND('',#301,.T.);
#301 = EDGE_LOOP('',(#302));
#302 = ORIENTED_EDGE('',*,*,#303,.F.);
#303 = EDGE_CURVE('',#304,#304,#306,.T.);
#304 = VERTEX_POINT('',#305);
#305 = CARTESIAN_POINT('',(57.25,44.5,3.));
#306 = CIRCLE('',#307,2.25);
#307 = AXIS2_PLACEMENT_3D('',#308,#309,#310);
#308 = CARTESIAN_POINT('',(55.,44.5,3.));
#309 = DIRECTION('',(0.,0.,1.));
#310 = DIRECTION('',(1.,0.,-0.));
#311 = PLANE('',#312);
#312 = AXIS2_PLACEMENT_3D('',#313,#314,#315);
#313 = CARTESIAN_POINT('',(0.,0.,3.));
#314 = DIRECTION('',(0.,0.,1.));
#315 = DIRECTION('',(1.,0.,-0.));
#316 = ADVANCED_FACE('',(#317),#342,.T.);
#317 = FACE_BOUND('',#318,.T.);
#318 = EDGE_LOOP('',(#319,#320,#328,#336));
#319 = ORIENTED_EDGE('',*,*,#209,.F.);
#320 = ORIENTED_EDGE('',*,*,#321,.T.);
#321 = EDGE_CURVE('',#201,#322,#324,.T.);
#322 = VERTEX_POINT('',#323);
#323 = CARTESIAN_POINT('',(-2.645751311065,49.,48.));
#324 = LINE('',#325,#326);
#325 = CARTESIAN_POINT('',(-2.645751311065,49.,3.));
#326 = VECTOR('',#327,1.);
#327 = DIRECTION('',(0.,0.,1.));
#328 = ORIENTED_EDGE('',*,*,#329,.F.);
#329 = EDGE_CURVE('',#330,#322,#332,.T.);
#330 = VERTEX_POINT('',#331);
#331 = CARTESIAN_POINT('',(-73.35424868893,49.,48.));
#332 = LINE('',#333,#334);
#333 = CARTESIAN_POINT('',(38.,49.,48.));
#334 = VECTOR('',#335,1.);
#335 = DIRECTION('',(1.,0.,-0.));
#336 = ORIENTED_EDGE('',*,*,#337,.F.);
#337 = EDGE_CURVE('',#210,#330,#338,.T.);
#338 = LINE('',#339,#340);
#339 = CARTESIAN_POINT('',(-73.35424868893,49.,3.));
#340 = VECTOR('',#341,1.);
#341 = DIRECTION('',(0.,0.,1.));
#342 = PLANE('',#343);
#343 = AXIS2_PLACEMENT_3D('',#344,#345,#346);
#344 = CARTESIAN_POINT('',(76.,49.,3.));
#345 = DIRECTION('',(0.,-1.,0.));
#346 = DIRECTION('',(-1.,0.,0.));
#347 = ADVANCED_FACE('',(#348),#373,.T.);
#348 = FACE_BOUND('',#349,.T.);
#349 = EDGE_LOOP('',(#350,#351,#359,#367));
#350 = ORIENTED_EDGE('',*,*,#123,.F.);
#351 = ORIENTED_EDGE('',*,*,#352,.T.);
#352 = EDGE_CURVE('',#115,#353,#355,.T.);
#353 = VERTEX_POINT('',#354);
#354 = CARTESIAN_POINT('',(-73.35424868893,-49.,48.));
#355 = LINE('',#356,#357);
#356 = CARTESIAN_POINT('',(-73.35424868893,-49.,3.));
#357 = VECTOR('',#358,1.);
#358 = DIRECTION('',(0.,0.,1.));
#359 = ORIENTED_EDGE('',*,*,#360,.F.);
#360 = EDGE_CURVE('',#361,#353,#363,.T.);
#361 = VERTEX_POINT('',#362);
#362 = CARTESIAN_POINT('',(-2.645751311065,-49.,48.));
#363 = LINE('',#364,#365);
#364 = CARTESIAN_POINT('',(-38.,-49.,48.));
#365 = VECTOR('',#366,1.);
#366 = DIRECTION('',(-1.,0.,0.));
#367 = ORIENTED_EDGE('',*,*,#368,.F.);
#368 = EDGE_CURVE('',#124,#361,#369,.T.);
#369 = LINE('',#370,#371);
#370 = CARTESIAN_POINT('',(-2.645751311065,-49.,3.));
#371 = VECTOR('',#372,1.);
#372 = DIRECTION('',(0.,0.,1.));
#373 = PLANE('',#374);
#374 = AXIS2_PLACEMENT_3D('',#375,#376,#377);
#375 = CARTESIAN_POINT('',(-76.,-49.,3.));
#376 = DIRECTION('',(0.,1.,0.));
#377 = DIRECTION('',(1.,0.,0.));
#378 = ADVANCED_FACE('',(#379),#404,.T.);
#379 = FACE_BOUND('',#380,.T.);
#380 = EDGE_LOOP('',(#381,#382,#390,#398));
#381 = ORIENTED_EDGE('',*,*,#183,.F.);
#382 = ORIENTED_EDGE('',*,*,#383,.T.);
#383 = EDGE_CURVE('',#175,#384,#386,.T.);
#384 = VERTEX_POINT('',#385);
#385 = CARTESIAN_POINT('',(73.354248688936,49.,48.));
#386 = LINE('',#387,#388);
#387 = CARTESIAN_POINT('',(73.354248688935,49.,3.));
#388 = VECTOR('',#389,1.);
#389 = DIRECTION('',(0.,0.,1.));
#390 = ORIENTED_EDGE('',*,*,#391,.F.);
#391 = EDGE_CURVE('',#392,#384,#394,.T.);
#392 = VERTEX_POINT('',#393);
#393 = CARTESIAN_POINT('',(2.645751311064,49.,48.));
#394 = LINE('',#395,#396);
#395 = CARTESIAN_POINT('',(38.,49.,48.));
#396 = VECTOR('',#397,1.);
#397 = DIRECTION('',(1.,0.,-0.));
#398 = ORIENTED_EDGE('',*,*,#399,.F.);
#399 = EDGE_CURVE('',#184,#392,#400,.T.);
#400 = LINE('',#401,#402);
#401 = CARTESIAN_POINT('',(2.645751311065,49.,3.));
#402 = VECTOR('',#403,1.);
#403 = DIRECTION('',(0.,0.,1.));
#404 = PLANE('',#405);
#405 = AXIS2_PLACEMENT_3D('',#406,#407,#408);
#406 = CARTESIAN_POINT('',(76.,49.,3.));
#407 = DIRECTION('',(0.,-1.,0.));
#408 = DIRECTION('',(-1.,0.,0.));
#409 = ADVANCED_FACE('',(#410),#435,.T.);
#410 = FACE_BOUND('',#411,.T.);
#411 = EDGE_LOOP('',(#412,#413,#421,#429));
#412 = ORIENTED_EDGE('',*,*,#149,.F.);
#413 = ORIENTED_EDGE('',*,*,#414,.T.);
#414 = EDGE_CURVE('',#141,#415,#417,.T.);
#415 = VERTEX_POINT('',#416);
#416 = CARTESIAN_POINT('',(2.645751311064,-49.,48.));
#417 = LINE('',#418,#419);
#418 = CARTESIAN_POINT('',(2.645751311065,-49.,3.));
#419 = VECTOR('',#420,1.);
#420 = DIRECTION('',(0.,0.,1.));
#421 = ORIENTED_EDGE('',*,*,#422,.F.);
#422 = EDGE_CURVE('',#423,#415,#425,.T.);
#423 = VERTEX_POINT('',#424);
#424 = CARTESIAN_POINT('',(73.354248688936,-49.,48.));
#425 = LINE('',#426,#427);
#426 = CARTESIAN_POINT('',(-38.,-49.,48.));
#427 = VECTOR('',#428,1.);
#428 = DIRECTION('',(-1.,0.,0.));
#429 = ORIENTED_EDGE('',*,*,#430,.F.);
#430 = EDGE_CURVE('',#150,#423,#431,.T.);
#431 = LINE('',#432,#433);
#432 = CARTESIAN_POINT('',(73.354248688935,-49.,3.));
#433 = VECTOR('',#434,1.);
#434 = DIRECTION('',(0.,0.,1.));
#435 = PLANE('',#436);
#436 = AXIS2_PLACEMENT_3D('',#437,#438,#439);
#437 = CARTESIAN_POINT('',(-76.,-49.,3.));
#438 = DIRECTION('',(0.,1.,0.));
#439 = DIRECTION('',(1.,0.,0.));
#440 = ADVANCED_FACE('',(#441,#466),#500,.T.);
#441 = FACE_BOUND('',#442,.T.);
#442 = EDGE_LOOP('',(#443,#444,#452,#460));
#443 = ORIENTED_EDGE('',*,*,#166,.F.);
#444 = ORIENTED_EDGE('',*,*,#445,.T.);
#445 = EDGE_CURVE('',#158,#446,#448,.T.);
#446 = VERTEX_POINT('',#447);
#447 = CARTESIAN_POINT('',(79.,-43.35424868893,48.));
#448 = LINE('',#449,#450);
#449 = CARTESIAN_POINT('',(79.,-43.35424868893,3.));
#450 = VECTOR('',#451,1.);
#451 = DIRECTION('',(0.,0.,1.));
#452 = ORIENTED_EDGE('',*,*,#453,.F.);
#453 = EDGE_CURVE('',#454,#446,#456,.T.);
#454 = VERTEX_POINT('',#455);
#455 = CARTESIAN_POINT('',(79.,43.354248688935,48.));
#456 = LINE('',#457,#458);
#457 = CARTESIAN_POINT('',(79.,-23.,48.));
#458 = VECTOR('',#459,1.);
#459 = DIRECTION('',(0.,-1.,0.));
#460 = ORIENTED_EDGE('',*,*,#461,.F.);
#461 = EDGE_CURVE('',#167,#454,#462,.T.);
#462 = LINE('',#463,#464);
#463 = CARTESIAN_POINT('',(79.,43.354248688935,3.));
#464 = VECTOR('',#465,1.);
#465 = DIRECTION('',(0.,0.,1.));
#466 = FACE_BOUND('',#467,.T.);
#467 = EDGE_LOOP('',(#468,#478,#486,#494));
#468 = ORIENTED_EDGE('',*,*,#469,.F.);
#469 = EDGE_CURVE('',#470,#472,#474,.T.);
#470 = VERTEX_POINT('',#471);
#471 = CARTESIAN_POINT('',(79.,-22.255,10.125));
#472 = VERTEX_POINT('',#473);
#473 = CARTESIAN_POINT('',(79.,-22.255,45.875));
#474 = LINE('',#475,#476);
#475 = CARTESIAN_POINT('',(79.,-22.255,10.125));
#476 = VECTOR('',#477,1.);
#477 = DIRECTION('',(0.,0.,1.));
#478 = ORIENTED_EDGE('',*,*,#479,.T.);
#479 = EDGE_CURVE('',#470,#480,#482,.T.);
#480 = VERTEX_POINT('',#481);
#481 = CARTESIAN_POINT('',(79.,22.255,10.125));
#482 = LINE('',#483,#484);
#483 = CARTESIAN_POINT('',(79.,-22.255,10.125));
#484 = VECTOR('',#485,1.);
#485 = DIRECTION('',(-0.,1.,0.));
#486 = ORIENTED_EDGE('',*,*,#487,.T.);
#487 = EDGE_CURVE('',#480,#488,#490,.T.);
#488 = VERTEX_POINT('',#489);
#489 = CARTESIAN_POINT('',(79.,22.255,45.875));
#490 = LINE('',#491,#492);
#491 = CARTESIAN_POINT('',(79.,22.255,10.125));
#492 = VECTOR('',#493,1.);
#493 = DIRECTION('',(0.,0.,1.));
#494 = ORIENTED_EDGE('',*,*,#495,.F.);
#495 = EDGE_CURVE('',#472,#488,#496,.T.);
#496 = LINE('',#497,#498);
#497 = CARTESIAN_POINT('',(79.,-22.255,45.875));
#498 = VECTOR('',#499,1.);
#499 = DIRECTION('',(-0.,1.,0.));
#500 = PLANE('',#501);
#501 = AXIS2_PLACEMENT_3D('',#502,#503,#504);
#502 = CARTESIAN_POINT('',(79.,-46.,3.));
#503 = DIRECTION('',(-1.,0.,0.));
#504 = DIRECTION('',(0.,1.,0.));
#505 = ADVANCED_FACE('',(#506),#542,.T.);
#506 = FACE_BOUND('',#507,.F.);
#507 = EDGE_LOOP('',(#508,#518,#527,#535));
#508 = ORIENTED_EDGE('',*,*,#509,.T.);
#509 = EDGE_CURVE('',#510,#512,#514,.T.);
#510 = VERTEX_POINT('',#511);
#511 = CARTESIAN_POINT('',(76.,-51.,1.));
#512 = VERTEX_POINT('',#513);
#513 = CARTESIAN_POINT('',(76.,-51.,48.));
#514 = LINE('',#515,#516);
#515 = CARTESIAN_POINT('',(76.,-51.,0.));
#516 = VECTOR('',#517,1.);
#517 = DIRECTION('',(0.,0.,1.));
#518 = ORIENTED_EDGE('',*,*,#519,.T.);
#519 = EDGE_CURVE('',#512,#520,#522,.T.);
#520 = VERTEX_POINT('',#521);
#521 = CARTESIAN_POINT('',(81.,-46.,48.));
#522 = CIRCLE('',#523,5.);
#523 = AXIS2_PLACEMENT_3D('',#524,#525,#526);
#524 = CARTESIAN_POINT('',(76.,-46.,48.));
#525 = DIRECTION('',(0.,0.,1.));
#526 = DIRECTION('',(0.,-1.,0.));
#527 = ORIENTED_EDGE('',*,*,#528,.F.);
#528 = EDGE_CURVE('',#529,#520,#531,.T.);
#529 = VERTEX_POINT('',#530);
#530 = CARTESIAN_POINT('',(81.,-46.,1.));
#531 = LINE('',#532,#533);
#532 = CARTESIAN_POINT('',(81.,-46.,0.));
#533 = VECTOR('',#534,1.);
#534 = DIRECTION('',(0.,0.,1.));
#535 = ORIENTED_EDGE('',*,*,#536,.F.);
#536 = EDGE_CURVE('',#510,#529,#537,.T.);
#537 = CIRCLE('',#538,5.);
#538 = AXIS2_PLACEMENT_3D('',#539,#540,#541);
#539 = CARTESIAN_POINT('',(76.,-46.,1.));
#540 = DIRECTION('',(0.,0.,1.));
#541 = DIRECTION('',(0.,-1.,0.));
#542 = CYLINDRICAL_SURFACE('',#543,5.);
#543 = AXIS2_PLACEMENT_3D('',#544,#545,#546);
#544 = CARTESIAN_POINT('',(76.,-46.,0.));
#545 = DIRECTION('',(-0.,-0.,-1.));
#546 = DIRECTION('',(0.,-1.,0.));
#547 = ADVANCED_FACE('',(#548),#573,.F.);
#548 = FACE_BOUND('',#549,.F.);
#549 = EDGE_LOOP('',(#550,#560,#566,#567));
#550 = ORIENTED_EDGE('',*,*,#551,.T.);
#551 = EDGE_CURVE('',#552,#554,#556,.T.);
#552 = VERTEX_POINT('',#553);
#553 = CARTESIAN_POINT('',(-76.,-51.,1.));
#554 = VERTEX_POINT('',#555);
#555 = CARTESIAN_POINT('',(-76.,-51.,48.));
#556 = LINE('',#557,#558);
#557 = CARTESIAN_POINT('',(-76.,-51.,0.));
#558 = VECTOR('',#559,1.);
#559 = DIRECTION('',(0.,0.,1.));
#560 = ORIENTED_EDGE('',*,*,#561,.T.);
#561 = EDGE_CURVE('',#554,#512,#562,.T.);
#562 = LINE('',#563,#564);
#563 = CARTESIAN_POINT('',(-76.,-51.,48.));
#564 = VECTOR('',#565,1.);
#565 = DIRECTION('',(1.,0.,0.));
#566 = ORIENTED_EDGE('',*,*,#509,.F.);
#567 = ORIENTED_EDGE('',*,*,#568,.F.);
#568 = EDGE_CURVE('',#552,#510,#569,.T.);
#569 = LINE('',#570,#571);
#570 = CARTESIAN_POINT('',(-76.,-51.,1.));
#571 = VECTOR('',#572,1.);
#572 = DIRECTION('',(1.,0.,0.));
#573 = PLANE('',#574);
#574 = AXIS2_PLACEMENT_3D('',#575,#576,#577);
#575 = CARTESIAN_POINT('',(-76.,-51.,0.));
#576 = DIRECTION('',(0.,1.,0.));
#577 = DIRECTION('',(1.,0.,0.));
#578 = ADVANCED_FACE('',(#579),#605,.T.);
#579 = FACE_BOUND('',#580,.F.);
#580 = EDGE_LOOP('',(#581,#589,#590,#598));
#581 = ORIENTED_EDGE('',*,*,#582,.F.);
#582 = EDGE_CURVE('',#510,#583,#585,.T.);
#583 = VERTEX_POINT('',#584);
#584 = CARTESIAN_POINT('',(76.,-50.,0.));
#585 = LINE('',#586,#587);
#586 = CARTESIAN_POINT('',(76.,-51.,1.));
#587 = VECTOR('',#588,1.);
#588 = DIRECTION('',(-0.,0.707106781187,-0.707106781187));
#589 = ORIENTED_EDGE('',*,*,#536,.T.);
#590 = ORIENTED_EDGE('',*,*,#591,.T.);
#591 = EDGE_CURVE('',#529,#592,#594,.T.);
#592 = VERTEX_POINT('',#593);
#593 = CARTESIAN_POINT('',(80.,-46.,0.));
#594 = LINE('',#595,#596);
#595 = CARTESIAN_POINT('',(81.,-46.,1.));
#596 = VECTOR('',#597,1.);
#597 = DIRECTION('',(-0.707106781187,4.329780281177E-17,-0.707106781187)
  );
#598 = ORIENTED_EDGE('',*,*,#599,.F.);
#599 = EDGE_CURVE('',#583,#592,#600,.T.);
#600 = CIRCLE('',#601,4.);
#601 = AXIS2_PLACEMENT_3D('',#602,#603,#604);
#602 = CARTESIAN_POINT('',(76.,-46.,0.));
#603 = DIRECTION('',(0.,0.,1.));
#604 = DIRECTION('',(0.,-1.,0.));
#605 = CONICAL_SURFACE('',#606,5.,0.785398163397);
#606 = AXIS2_PLACEMENT_3D('',#607,#608,#609);
#607 = CARTESIAN_POINT('',(76.,-46.,1.));
#608 = DIRECTION('',(0.,0.,1.));
#609 = DIRECTION('',(0.,-1.,0.));
#610 = ADVANCED_FACE('',(#611,#636,#647,#658,#669,#680),#691,.F.);
#611 = FACE_BOUND('',#612,.F.);
#612 = EDGE_LOOP('',(#613,#614,#622,#630));
#613 = ORIENTED_EDGE('',*,*,#528,.T.);
#614 = ORIENTED_EDGE('',*,*,#615,.T.);
#615 = EDGE_CURVE('',#520,#616,#618,.T.);
#616 = VERTEX_POINT('',#617);
#617 = CARTESIAN_POINT('',(81.,46.,48.));
#618 = LINE('',#619,#620);
#619 = CARTESIAN_POINT('',(81.,-46.,48.));
#620 = VECTOR('',#621,1.);
#621 = DIRECTION('',(0.,1.,0.));
#622 = ORIENTED_EDGE('',*,*,#623,.F.);
#623 = EDGE_CURVE('',#624,#616,#626,.T.);
#624 = VERTEX_POINT('',#625);
#625 = CARTESIAN_POINT('',(81.,46.,1.));
#626 = LINE('',#627,#628);
#627 = CARTESIAN_POINT('',(81.,46.,0.));
#628 = VECTOR('',#629,1.);
#629 = DIRECTION('',(0.,0.,1.));
#630 = ORIENTED_EDGE('',*,*,#631,.F.);
#631 = EDGE_CURVE('',#529,#624,#632,.T.);
#632 = LINE('',#633,#634);
#633 = CARTESIAN_POINT('',(81.,-46.,1.));
#634 = VECTOR('',#635,1.);
#635 = DIRECTION('',(0.,1.,0.));
#636 = FACE_BOUND('',#637,.F.);
#637 = EDGE_LOOP('',(#638));
#638 = ORIENTED_EDGE('',*,*,#639,.T.);
#639 = EDGE_CURVE('',#640,#640,#642,.T.);
#640 = VERTEX_POINT('',#641);
#641 = CARTESIAN_POINT('',(81.,-15.175,41.425));
#642 = CIRCLE('',#643,2.2);
#643 = AXIS2_PLACEMENT_3D('',#644,#645,#646);
#644 = CARTESIAN_POINT('',(81.,-15.175,39.225));
#645 = DIRECTION('',(1.,0.,0.));
#646 = DIRECTION('',(-0.,0.,1.));
#647 = FACE_BOUND('',#648,.F.);
#648 = EDGE_LOOP('',(#649));
#649 = ORIENTED_EDGE('',*,*,#650,.T.);
#650 = EDGE_CURVE('',#651,#651,#653,.T.);
#651 = VERTEX_POINT('',#652);
#652 = CARTESIAN_POINT('',(81.,15.175,41.425));
#653 = CIRCLE('',#654,2.2);
#654 = AXIS2_PLACEMENT_3D('',#655,#656,#657);
#655 = CARTESIAN_POINT('',(81.,15.175,39.225));
#656 = DIRECTION('',(1.,0.,0.));
#657 = DIRECTION('',(-0.,0.,1.));
#658 = FACE_BOUND('',#659,.F.);
#659 = EDGE_LOOP('',(#660));
#660 = ORIENTED_EDGE('',*,*,#661,.T.);
#661 = EDGE_CURVE('',#662,#662,#664,.T.);
#662 = VERTEX_POINT('',#663);
#663 = CARTESIAN_POINT('',(81.,-15.175,18.975));
#664 = CIRCLE('',#665,2.2);
#665 = AXIS2_PLACEMENT_3D('',#666,#667,#668);
#666 = CARTESIAN_POINT('',(81.,-15.175,16.775));
#667 = DIRECTION('',(1.,0.,0.));
#668 = DIRECTION('',(-0.,0.,1.));
#669 = FACE_BOUND('',#670,.F.);
#670 = EDGE_LOOP('',(#671));
#671 = ORIENTED_EDGE('',*,*,#672,.T.);
#672 = EDGE_CURVE('',#673,#673,#675,.T.);
#673 = VERTEX_POINT('',#674);
#674 = CARTESIAN_POINT('',(81.,3.1595887418E-15,40.9));
#675 = CIRCLE('',#676,12.9);
#676 = AXIS2_PLACEMENT_3D('',#677,#678,#679);
#677 = CARTESIAN_POINT('',(81.,0.,28.));
#678 = DIRECTION('',(1.,0.,0.));
#679 = DIRECTION('',(-0.,0.,1.));
#680 = FACE_BOUND('',#681,.F.);
#681 = EDGE_LOOP('',(#682));
#682 = ORIENTED_EDGE('',*,*,#683,.T.);
#683 = EDGE_CURVE('',#684,#684,#686,.T.);
#684 = VERTEX_POINT('',#685);
#685 = CARTESIAN_POINT('',(81.,15.175,18.975));
#686 = CIRCLE('',#687,2.2);
#687 = AXIS2_PLACEMENT_3D('',#688,#689,#690);
#688 = CARTESIAN_POINT('',(81.,15.175,16.775));
#689 = DIRECTION('',(1.,0.,0.));
#690 = DIRECTION('',(-0.,0.,1.));
#691 = PLANE('',#692);
#692 = AXIS2_PLACEMENT_3D('',#693,#694,#695);
#693 = CARTESIAN_POINT('',(81.,-46.,0.));
#694 = DIRECTION('',(-1.,0.,0.));
#695 = DIRECTION('',(0.,1.,0.));
#696 = ADVANCED_FACE('',(#697),#724,.T.);
#697 = FACE_BOUND('',#698,.F.);
#698 = EDGE_LOOP('',(#699,#709,#716,#717));
#699 = ORIENTED_EDGE('',*,*,#700,.T.);
#700 = EDGE_CURVE('',#701,#703,#705,.T.);
#701 = VERTEX_POINT('',#702);
#702 = CARTESIAN_POINT('',(-81.,-46.,1.));
#703 = VERTEX_POINT('',#704);
#704 = CARTESIAN_POINT('',(-81.,-46.,48.));
#705 = LINE('',#706,#707);
#706 = CARTESIAN_POINT('',(-81.,-46.,0.));
#707 = VECTOR('',#708,1.);
#708 = DIRECTION('',(0.,0.,1.));
#709 = ORIENTED_EDGE('',*,*,#710,.T.);
#710 = EDGE_CURVE('',#703,#554,#711,.T.);
#711 = CIRCLE('',#712,5.);
#712 = AXIS2_PLACEMENT_3D('',#713,#714,#715);
#713 = CARTESIAN_POINT('',(-76.,-46.,48.));
#714 = DIRECTION('',(0.,0.,1.));
#715 = DIRECTION('',(-1.,0.,0.));
#716 = ORIENTED_EDGE('',*,*,#551,.F.);
#717 = ORIENTED_EDGE('',*,*,#718,.F.);
#718 = EDGE_CURVE('',#701,#552,#719,.T.);
#719 = CIRCLE('',#720,5.);
#720 = AXIS2_PLACEMENT_3D('',#721,#722,#723);
#721 = CARTESIAN_POINT('',(-76.,-46.,1.));
#722 = DIRECTION('',(0.,0.,1.));
#723 = DIRECTION('',(-1.,0.,0.));
#724 = CYLINDRICAL_SURFACE('',#725,5.);
#725 = AXIS2_PLACEMENT_3D('',#726,#727,#728);
#726 = CARTESIAN_POINT('',(-76.,-46.,0.));
#727 = DIRECTION('',(-0.,-0.,-1.));
#728 = DIRECTION('',(-1.,0.,0.));
#729 = ADVANCED_FACE('',(#730),#748,.T.);
#730 = FACE_BOUND('',#731,.F.);
#731 = EDGE_LOOP('',(#732,#740,#741,#742));
#732 = ORIENTED_EDGE('',*,*,#733,.F.);
#733 = EDGE_CURVE('',#552,#734,#736,.T.);
#734 = VERTEX_POINT('',#735);
#735 = CARTESIAN_POINT('',(-76.,-50.,0.));
#736 = LINE('',#737,#738);
#737 = CARTESIAN_POINT('',(-76.,-51.,1.));
#738 = VECTOR('',#739,1.);
#739 = DIRECTION('',(4.329780281177E-17,0.707106781187,-0.707106781187)
  );
#740 = ORIENTED_EDGE('',*,*,#568,.T.);
#741 = ORIENTED_EDGE('',*,*,#582,.T.);
#742 = ORIENTED_EDGE('',*,*,#743,.F.);
#743 = EDGE_CURVE('',#734,#583,#744,.T.);
#744 = LINE('',#745,#746);
#745 = CARTESIAN_POINT('',(-76.,-50.,0.));
#746 = VECTOR('',#747,1.);
#747 = DIRECTION('',(1.,0.,0.));
#748 = PLANE('',#749);
#749 = AXIS2_PLACEMENT_3D('',#750,#751,#752);
#750 = CARTESIAN_POINT('',(-76.,-50.5,0.5));
#751 = DIRECTION('',(0.,-0.707106781187,-0.707106781187));
#752 = DIRECTION('',(-1.,-0.,-0.));
#753 = ADVANCED_FACE('',(#754,#807,#818,#829,#840),#851,.F.);
#754 = FACE_BOUND('',#755,.F.);
#755 = EDGE_LOOP('',(#756,#757,#765,#774,#782,#791,#799,#806));
#756 = ORIENTED_EDGE('',*,*,#599,.T.);
#757 = ORIENTED_EDGE('',*,*,#758,.T.);
#758 = EDGE_CURVE('',#592,#759,#761,.T.);
#759 = VERTEX_POINT('',#760);
#760 = CARTESIAN_POINT('',(80.,46.,-4.107825191113E-15));
#761 = LINE('',#762,#763);
#762 = CARTESIAN_POINT('',(80.,-46.,0.));
#763 = VECTOR('',#764,1.);
#764 = DIRECTION('',(0.,1.,0.));
#765 = ORIENTED_EDGE('',*,*,#766,.T.);
#766 = EDGE_CURVE('',#759,#767,#769,.T.);
#767 = VERTEX_POINT('',#768);
#768 = CARTESIAN_POINT('',(76.,50.,0.));
#769 = CIRCLE('',#770,4.);
#770 = AXIS2_PLACEMENT_3D('',#771,#772,#773);
#771 = CARTESIAN_POINT('',(76.,46.,0.));
#772 = DIRECTION('',(0.,0.,1.));
#773 = DIRECTION('',(1.,0.,-0.));
#774 = ORIENTED_EDGE('',*,*,#775,.T.);
#775 = EDGE_CURVE('',#767,#776,#778,.T.);
#776 = VERTEX_POINT('',#777);
#777 = CARTESIAN_POINT('',(-76.,50.,-4.107825191113E-15));
#778 = LINE('',#779,#780);
#779 = CARTESIAN_POINT('',(76.,50.,0.));
#780 = VECTOR('',#781,1.);
#781 = DIRECTION('',(-1.,0.,0.));
#782 = ORIENTED_EDGE('',*,*,#783,.T.);
#783 = EDGE_CURVE('',#776,#784,#786,.T.);
#784 = VERTEX_POINT('',#785);
#785 = CARTESIAN_POINT('',(-80.,46.,0.));
#786 = CIRCLE('',#787,4.);
#787 = AXIS2_PLACEMENT_3D('',#788,#789,#790);
#788 = CARTESIAN_POINT('',(-76.,46.,0.));
#789 = DIRECTION('',(0.,-0.,1.));
#790 = DIRECTION('',(0.,1.,0.));
#791 = ORIENTED_EDGE('',*,*,#792,.T.);
#792 = EDGE_CURVE('',#784,#793,#795,.T.);
#793 = VERTEX_POINT('',#794);
#794 = CARTESIAN_POINT('',(-80.,-46.,-4.107825191113E-15));
#795 = LINE('',#796,#797);
#796 = CARTESIAN_POINT('',(-80.,46.,0.));
#797 = VECTOR('',#798,1.);
#798 = DIRECTION('',(0.,-1.,0.));
#799 = ORIENTED_EDGE('',*,*,#800,.T.);
#800 = EDGE_CURVE('',#793,#734,#801,.T.);
#801 = CIRCLE('',#802,4.);
#802 = AXIS2_PLACEMENT_3D('',#803,#804,#805);
#803 = CARTESIAN_POINT('',(-76.,-46.,0.));
#804 = DIRECTION('',(0.,0.,1.));
#805 = DIRECTION('',(-1.,0.,0.));
#806 = ORIENTED_EDGE('',*,*,#743,.T.);
#807 = FACE_BOUND('',#808,.F.);
#808 = EDGE_LOOP('',(#809));
#809 = ORIENTED_EDGE('',*,*,#810,.F.);
#810 = EDGE_CURVE('',#811,#811,#813,.T.);
#811 = VERTEX_POINT('',#812);
#812 = CARTESIAN_POINT('',(-52.75,-44.5,0.));
#813 = CIRCLE('',#814,2.25);
#814 = AXIS2_PLACEMENT_3D('',#815,#816,#817);
#815 = CARTESIAN_POINT('',(-55.,-44.5,0.));
#816 = DIRECTION('',(0.,0.,1.));
#817 = DIRECTION('',(1.,0.,-0.));
#818 = FACE_BOUND('',#819,.F.);
#819 = EDGE_LOOP('',(#820));
#820 = ORIENTED_EDGE('',*,*,#821,.F.);
#821 = EDGE_CURVE('',#822,#822,#824,.T.);
#822 = VERTEX_POINT('',#823);
#823 = CARTESIAN_POINT('',(57.25,-44.5,0.));
#824 = CIRCLE('',#825,2.25);
#825 = AXIS2_PLACEMENT_3D('',#826,#827,#828);
#826 = CARTESIAN_POINT('',(55.,-44.5,0.));
#827 = DIRECTION('',(0.,0.,1.));
#828 = DIRECTION('',(1.,0.,-0.));
#829 = FACE_BOUND('',#830,.F.);
#830 = EDGE_LOOP('',(#831));
#831 = ORIENTED_EDGE('',*,*,#832,.F.);
#832 = EDGE_CURVE('',#833,#833,#835,.T.);
#833 = VERTEX_POINT('',#834);
#834 = CARTESIAN_POINT('',(-52.75,44.5,0.));
#835 = CIRCLE('',#836,2.25);
#836 = AXIS2_PLACEMENT_3D('',#837,#838,#839);
#837 = CARTESIAN_POINT('',(-55.,44.5,0.));
#838 = DIRECTION('',(0.,0.,1.));
#839 = DIRECTION('',(1.,0.,-0.));
#840 = FACE_BOUND('',#841,.F.);
#841 = EDGE_LOOP('',(#842));
#842 = ORIENTED_EDGE('',*,*,#843,.F.);
#843 = EDGE_CURVE('',#844,#844,#846,.T.);
#844 = VERTEX_POINT('',#845);
#845 = CARTESIAN_POINT('',(57.25,44.5,0.));
#846 = CIRCLE('',#847,2.25);
#847 = AXIS2_PLACEMENT_3D('',#848,#849,#850);
#848 = CARTESIAN_POINT('',(55.,44.5,0.));
#849 = DIRECTION('',(0.,0.,1.));
#850 = DIRECTION('',(1.,0.,-0.));
#851 = PLANE('',#852);
#852 = AXIS2_PLACEMENT_3D('',#853,#854,#855);
#853 = CARTESIAN_POINT('',(-3.504402982607E-15,1.752201491304E-15,0.));
#854 = DIRECTION('',(0.,0.,1.));
#855 = DIRECTION('',(1.,0.,-0.));
#856 = ADVANCED_FACE('',(#857),#868,.T.);
#857 = FACE_BOUND('',#858,.F.);
#858 = EDGE_LOOP('',(#859,#860,#861,#867));
#859 = ORIENTED_EDGE('',*,*,#591,.F.);
#860 = ORIENTED_EDGE('',*,*,#631,.T.);
#861 = ORIENTED_EDGE('',*,*,#862,.T.);
#862 = EDGE_CURVE('',#624,#759,#863,.T.);
#863 = LINE('',#864,#865);
#864 = CARTESIAN_POINT('',(80.5,46.,0.5));
#865 = VECTOR('',#866,1.);
#866 = DIRECTION('',(-0.707106781187,0.,-0.707106781187));
#867 = ORIENTED_EDGE('',*,*,#758,.F.);
#868 = PLANE('',#869);
#869 = AXIS2_PLACEMENT_3D('',#870,#871,#872);
#870 = CARTESIAN_POINT('',(80.5,-46.,0.5));
#871 = DIRECTION('',(0.707106781187,0.,-0.707106781187));
#872 = DIRECTION('',(-0.,-1.,-0.));
#873 = ADVANCED_FACE('',(#874),#901,.T.);
#874 = FACE_BOUND('',#875,.F.);
#875 = EDGE_LOOP('',(#876,#877,#886,#894));
#876 = ORIENTED_EDGE('',*,*,#623,.T.);
#877 = ORIENTED_EDGE('',*,*,#878,.T.);
#878 = EDGE_CURVE('',#616,#879,#881,.T.);
#879 = VERTEX_POINT('',#880);
#880 = CARTESIAN_POINT('',(76.,51.,48.));
#881 = CIRCLE('',#882,5.);
#882 = AXIS2_PLACEMENT_3D('',#883,#884,#885);
#883 = CARTESIAN_POINT('',(76.,46.,48.));
#884 = DIRECTION('',(0.,0.,1.));
#885 = DIRECTION('',(1.,0.,-0.));
#886 = ORIENTED_EDGE('',*,*,#887,.F.);
#887 = EDGE_CURVE('',#888,#879,#890,.T.);
#888 = VERTEX_POINT('',#889);
#889 = CARTESIAN_POINT('',(76.,51.,1.));
#890 = LINE('',#891,#892);
#891 = CARTESIAN_POINT('',(76.,51.,0.));
#892 = VECTOR('',#893,1.);
#893 = DIRECTION('',(0.,0.,1.));
#894 = ORIENTED_EDGE('',*,*,#895,.F.);
#895 = EDGE_CURVE('',#624,#888,#896,.T.);
#896 = CIRCLE('',#897,5.);
#897 = AXIS2_PLACEMENT_3D('',#898,#899,#900);
#898 = CARTESIAN_POINT('',(76.,46.,1.));
#899 = DIRECTION('',(0.,0.,1.));
#900 = DIRECTION('',(1.,0.,-0.));
#901 = CYLINDRICAL_SURFACE('',#902,5.);
#902 = AXIS2_PLACEMENT_3D('',#903,#904,#905);
#903 = CARTESIAN_POINT('',(76.,46.,0.));
#904 = DIRECTION('',(-0.,-0.,-1.));
#905 = DIRECTION('',(1.,0.,-0.));
#906 = ADVANCED_FACE('',(#907,#932,#943,#954,#965,#976),#987,.F.);
#907 = FACE_BOUND('',#908,.F.);
#908 = EDGE_LOOP('',(#909,#919,#925,#926));
#909 = ORIENTED_EDGE('',*,*,#910,.T.);
#910 = EDGE_CURVE('',#911,#913,#915,.T.);
#911 = VERTEX_POINT('',#912);
#912 = CARTESIAN_POINT('',(-81.,46.,1.));
#913 = VERTEX_POINT('',#914);
#914 = CARTESIAN_POINT('',(-81.,46.,48.));
#915 = LINE('',#916,#917);
#916 = CARTESIAN_POINT('',(-81.,46.,0.));
#917 = VECTOR('',#918,1.);
#918 = DIRECTION('',(0.,0.,1.));
#919 = ORIENTED_EDGE('',*,*,#920,.T.);
#920 = EDGE_CURVE('',#913,#703,#921,.T.);
#921 = LINE('',#922,#923);
#922 = CARTESIAN_POINT('',(-81.,46.,48.));
#923 = VECTOR('',#924,1.);
#924 = DIRECTION('',(0.,-1.,0.));
#925 = ORIENTED_EDGE('',*,*,#700,.F.);
#926 = ORIENTED_EDGE('',*,*,#927,.F.);
#927 = EDGE_CURVE('',#911,#701,#928,.T.);
#928 = LINE('',#929,#930);
#929 = CARTESIAN_POINT('',(-81.,46.,1.));
#930 = VECTOR('',#931,1.);
#931 = DIRECTION('',(0.,-1.,0.));
#932 = FACE_BOUND('',#933,.F.);
#933 = EDGE_LOOP('',(#934));
#934 = ORIENTED_EDGE('',*,*,#935,.T.);
#935 = EDGE_CURVE('',#936,#936,#938,.T.);
#936 = VERTEX_POINT('',#937);
#937 = CARTESIAN_POINT('',(-81.,15.175,37.025));
#938 = CIRCLE('',#939,2.2);
#939 = AXIS2_PLACEMENT_3D('',#940,#941,#942);
#940 = CARTESIAN_POINT('',(-81.,15.175,39.225));
#941 = DIRECTION('',(-1.,0.,0.));
#942 = DIRECTION('',(0.,0.,-1.));
#943 = FACE_BOUND('',#944,.F.);
#944 = EDGE_LOOP('',(#945));
#945 = ORIENTED_EDGE('',*,*,#946,.T.);
#946 = EDGE_CURVE('',#947,#947,#949,.T.);
#947 = VERTEX_POINT('',#948);
#948 = CARTESIAN_POINT('',(-81.,-15.175,37.025));
#949 = CIRCLE('',#950,2.2);
#950 = AXIS2_PLACEMENT_3D('',#951,#952,#953);
#951 = CARTESIAN_POINT('',(-81.,-15.175,39.225));
#952 = DIRECTION('',(-1.,0.,0.));
#953 = DIRECTION('',(0.,0.,-1.));
#954 = FACE_BOUND('',#955,.F.);
#955 = EDGE_LOOP('',(#956));
#956 = ORIENTED_EDGE('',*,*,#957,.T.);
#957 = EDGE_CURVE('',#958,#958,#960,.T.);
#958 = VERTEX_POINT('',#959);
#959 = CARTESIAN_POINT('',(-81.,15.175,14.575));
#960 = CIRCLE('',#961,2.2);
#961 = AXIS2_PLACEMENT_3D('',#962,#963,#964);
#962 = CARTESIAN_POINT('',(-81.,15.175,16.775));
#963 = DIRECTION('',(-1.,0.,0.));
#964 = DIRECTION('',(0.,0.,-1.));
#965 = FACE_BOUND('',#966,.F.);
#966 = EDGE_LOOP('',(#967));
#967 = ORIENTED_EDGE('',*,*,#968,.T.);
#968 = EDGE_CURVE('',#969,#969,#971,.T.);
#969 = VERTEX_POINT('',#970);
#970 = CARTESIAN_POINT('',(-81.,3.1595887418E-15,15.1));
#971 = CIRCLE('',#972,12.9);
#972 = AXIS2_PLACEMENT_3D('',#973,#974,#975);
#973 = CARTESIAN_POINT('',(-81.,0.,28.));
#974 = DIRECTION('',(-1.,0.,0.));
#975 = DIRECTION('',(0.,0.,-1.));
#976 = FACE_BOUND('',#977,.F.);
#977 = EDGE_LOOP('',(#978));
#978 = ORIENTED_EDGE('',*,*,#979,.T.);
#979 = EDGE_CURVE('',#980,#980,#982,.T.);
#980 = VERTEX_POINT('',#981);
#981 = CARTESIAN_POINT('',(-81.,-15.175,14.575));
#982 = CIRCLE('',#983,2.2);
#983 = AXIS2_PLACEMENT_3D('',#984,#985,#986);
#984 = CARTESIAN_POINT('',(-81.,-15.175,16.775));
#985 = DIRECTION('',(-1.,0.,0.));
#986 = DIRECTION('',(0.,0.,-1.));
#987 = PLANE('',#988);
#988 = AXIS2_PLACEMENT_3D('',#989,#990,#991);
#989 = CARTESIAN_POINT('',(-81.,46.,0.));
#990 = DIRECTION('',(1.,0.,-0.));
#991 = DIRECTION('',(0.,-1.,0.));
#992 = ADVANCED_FACE('',(#993),#1018,.F.);
#993 = FACE_BOUND('',#994,.F.);
#994 = EDGE_LOOP('',(#995,#996,#1004,#1012));
#995 = ORIENTED_EDGE('',*,*,#887,.T.);
#996 = ORIENTED_EDGE('',*,*,#997,.T.);
#997 = EDGE_CURVE('',#879,#998,#1000,.T.);
#998 = VERTEX_POINT('',#999);
#999 = CARTESIAN_POINT('',(-76.,51.,48.));
#1000 = LINE('',#1001,#1002);
#1001 = CARTESIAN_POINT('',(76.,51.,48.));
#1002 = VECTOR('',#1003,1.);
#1003 = DIRECTION('',(-1.,0.,0.));
#1004 = ORIENTED_EDGE('',*,*,#1005,.F.);
#1005 = EDGE_CURVE('',#1006,#998,#1008,.T.);
#1006 = VERTEX_POINT('',#1007);
#1007 = CARTESIAN_POINT('',(-76.,51.,1.));
#1008 = LINE('',#1009,#1010);
#1009 = CARTESIAN_POINT('',(-76.,51.,0.));
#1010 = VECTOR('',#1011,1.);
#1011 = DIRECTION('',(0.,0.,1.));
#1012 = ORIENTED_EDGE('',*,*,#1013,.F.);
#1013 = EDGE_CURVE('',#888,#1006,#1014,.T.);
#1014 = LINE('',#1015,#1016);
#1015 = CARTESIAN_POINT('',(76.,51.,1.));
#1016 = VECTOR('',#1017,1.);
#1017 = DIRECTION('',(-1.,0.,0.));
#1018 = PLANE('',#1019);
#1019 = AXIS2_PLACEMENT_3D('',#1020,#1021,#1022);
#1020 = CARTESIAN_POINT('',(76.,51.,0.));
#1021 = DIRECTION('',(0.,-1.,0.));
#1022 = DIRECTION('',(-1.,0.,0.));
#1023 = ADVANCED_FACE('',(#1024),#1042,.T.);
#1024 = FACE_BOUND('',#1025,.F.);
#1025 = EDGE_LOOP('',(#1026,#1027,#1034,#1035));
#1026 = ORIENTED_EDGE('',*,*,#1005,.T.);
#1027 = ORIENTED_EDGE('',*,*,#1028,.T.);
#1028 = EDGE_CURVE('',#998,#913,#1029,.T.);
#1029 = CIRCLE('',#1030,5.);
#1030 = AXIS2_PLACEMENT_3D('',#1031,#1032,#1033);
#1031 = CARTESIAN_POINT('',(-76.,46.,48.));
#1032 = DIRECTION('',(0.,-0.,1.));
#1033 = DIRECTION('',(0.,1.,0.));
#1034 = ORIENTED_EDGE('',*,*,#910,.F.);
#1035 = ORIENTED_EDGE('',*,*,#1036,.F.);
#1036 = EDGE_CURVE('',#1006,#911,#1037,.T.);
#1037 = CIRCLE('',#1038,5.);
#1038 = AXIS2_PLACEMENT_3D('',#1039,#1040,#1041);
#1039 = CARTESIAN_POINT('',(-76.,46.,1.));
#1040 = DIRECTION('',(0.,-0.,1.));
#1041 = DIRECTION('',(0.,1.,0.));
#1042 = CYLINDRICAL_SURFACE('',#1043,5.);
#1043 = AXIS2_PLACEMENT_3D('',#1044,#1045,#1046);
#1044 = CARTESIAN_POINT('',(-76.,46.,0.));
#1045 = DIRECTION('',(-0.,0.,-1.));
#1046 = DIRECTION('',(0.,1.,0.));
#1047 = ADVANCED_FACE('',(#1048),#1067,.F.);
#1048 = FACE_BOUND('',#1049,.F.);
#1049 = EDGE_LOOP('',(#1050,#1058,#1059,#1060));
#1050 = ORIENTED_EDGE('',*,*,#1051,.T.);
#1051 = EDGE_CURVE('',#1052,#640,#1054,.T.);
#1052 = VERTEX_POINT('',#1053);
#1053 = CARTESIAN_POINT('',(79.2,-15.175,41.425));
#1054 = LINE('',#1055,#1056);
#1055 = CARTESIAN_POINT('',(75.,-15.175,41.425));
#1056 = VECTOR('',#1057,1.);
#1057 = DIRECTION('',(1.,0.,0.));
#1058 = ORIENTED_EDGE('',*,*,#639,.F.);
#1059 = ORIENTED_EDGE('',*,*,#1051,.F.);
#1060 = ORIENTED_EDGE('',*,*,#1061,.T.);
#1061 = EDGE_CURVE('',#1052,#1052,#1062,.T.);
#1062 = CIRCLE('',#1063,2.2);
#1063 = AXIS2_PLACEMENT_3D('',#1064,#1065,#1066);
#1064 = CARTESIAN_POINT('',(79.2,-15.175,39.225));
#1065 = DIRECTION('',(1.,0.,0.));
#1066 = DIRECTION('',(-0.,0.,1.));
#1067 = CYLINDRICAL_SURFACE('',#1068,2.2);
#1068 = AXIS2_PLACEMENT_3D('',#1069,#1070,#1071);
#1069 = CARTESIAN_POINT('',(75.,-15.175,39.225));
#1070 = DIRECTION('',(1.,0.,0.));
#1071 = DIRECTION('',(-0.,0.,1.));
#1072 = ADVANCED_FACE('',(#1073),#1092,.F.);
#1073 = FACE_BOUND('',#1074,.F.);
#1074 = EDGE_LOOP('',(#1075,#1083,#1084,#1085));
#1075 = ORIENTED_EDGE('',*,*,#1076,.T.);
#1076 = EDGE_CURVE('',#1077,#651,#1079,.T.);
#1077 = VERTEX_POINT('',#1078);
#1078 = CARTESIAN_POINT('',(79.2,15.175,41.425));
#1079 = LINE('',#1080,#1081);
#1080 = CARTESIAN_POINT('',(75.,15.175,41.425));
#1081 = VECTOR('',#1082,1.);
#1082 = DIRECTION('',(1.,0.,0.));
#1083 = ORIENTED_EDGE('',*,*,#650,.F.);
#1084 = ORIENTED_EDGE('',*,*,#1076,.F.);
#1085 = ORIENTED_EDGE('',*,*,#1086,.T.);
#1086 = EDGE_CURVE('',#1077,#1077,#1087,.T.);
#1087 = CIRCLE('',#1088,2.2);
#1088 = AXIS2_PLACEMENT_3D('',#1089,#1090,#1091);
#1089 = CARTESIAN_POINT('',(79.2,15.175,39.225));
#1090 = DIRECTION('',(1.,0.,0.));
#1091 = DIRECTION('',(-0.,0.,1.));
#1092 = CYLINDRICAL_SURFACE('',#1093,2.2);
#1093 = AXIS2_PLACEMENT_3D('',#1094,#1095,#1096);
#1094 = CARTESIAN_POINT('',(75.,15.175,39.225));
#1095 = DIRECTION('',(1.,0.,0.));
#1096 = DIRECTION('',(-0.,0.,1.));
#1097 = ADVANCED_FACE('',(#1098),#1117,.F.);
#1098 = FACE_BOUND('',#1099,.F.);
#1099 = EDGE_LOOP('',(#1100,#1108,#1109,#1110));
#1100 = ORIENTED_EDGE('',*,*,#1101,.T.);
#1101 = EDGE_CURVE('',#1102,#662,#1104,.T.);
#1102 = VERTEX_POINT('',#1103);
#1103 = CARTESIAN_POINT('',(79.2,-15.175,18.975));
#1104 = LINE('',#1105,#1106);
#1105 = CARTESIAN_POINT('',(75.,-15.175,18.975));
#1106 = VECTOR('',#1107,1.);
#1107 = DIRECTION('',(1.,0.,0.));
#1108 = ORIENTED_EDGE('',*,*,#661,.F.);
#1109 = ORIENTED_EDGE('',*,*,#1101,.F.);
#1110 = ORIENTED_EDGE('',*,*,#1111,.T.);
#1111 = EDGE_CURVE('',#1102,#1102,#1112,.T.);
#1112 = CIRCLE('',#1113,2.2);
#1113 = AXIS2_PLACEMENT_3D('',#1114,#1115,#1116);
#1114 = CARTESIAN_POINT('',(79.2,-15.175,16.775));
#1115 = DIRECTION('',(1.,0.,0.));
#1116 = DIRECTION('',(-0.,0.,1.));
#1117 = CYLINDRICAL_SURFACE('',#1118,2.2);
#1118 = AXIS2_PLACEMENT_3D('',#1119,#1120,#1121);
#1119 = CARTESIAN_POINT('',(75.,-15.175,16.775));
#1120 = DIRECTION('',(1.,0.,0.));
#1121 = DIRECTION('',(-0.,0.,1.));
#1122 = ADVANCED_FACE('',(#1123),#1142,.F.);
#1123 = FACE_BOUND('',#1124,.F.);
#1124 = EDGE_LOOP('',(#1125,#1126,#1134,#1141));
#1125 = ORIENTED_EDGE('',*,*,#672,.F.);
#1126 = ORIENTED_EDGE('',*,*,#1127,.F.);
#1127 = EDGE_CURVE('',#1128,#673,#1130,.T.);
#1128 = VERTEX_POINT('',#1129);
#1129 = CARTESIAN_POINT('',(76.,3.1595887418E-15,40.9));
#1130 = LINE('',#1131,#1132);
#1131 = CARTESIAN_POINT('',(75.,3.1595887418E-15,40.9));
#1132 = VECTOR('',#1133,1.);
#1133 = DIRECTION('',(1.,0.,0.));
#1134 = ORIENTED_EDGE('',*,*,#1135,.T.);
#1135 = EDGE_CURVE('',#1128,#1128,#1136,.T.);
#1136 = CIRCLE('',#1137,12.9);
#1137 = AXIS2_PLACEMENT_3D('',#1138,#1139,#1140);
#1138 = CARTESIAN_POINT('',(76.,0.,28.));
#1139 = DIRECTION('',(1.,0.,0.));
#1140 = DIRECTION('',(-0.,0.,1.));
#1141 = ORIENTED_EDGE('',*,*,#1127,.T.);
#1142 = CYLINDRICAL_SURFACE('',#1143,12.9);
#1143 = AXIS2_PLACEMENT_3D('',#1144,#1145,#1146);
#1144 = CARTESIAN_POINT('',(75.,0.,28.));
#1145 = DIRECTION('',(1.,0.,0.));
#1146 = DIRECTION('',(-0.,0.,1.));
#1147 = ADVANCED_FACE('',(#1148),#1167,.F.);
#1148 = FACE_BOUND('',#1149,.F.);
#1149 = EDGE_LOOP('',(#1150,#1158,#1159,#1160));
#1150 = ORIENTED_EDGE('',*,*,#1151,.T.);
#1151 = EDGE_CURVE('',#1152,#684,#1154,.T.);
#1152 = VERTEX_POINT('',#1153);
#1153 = CARTESIAN_POINT('',(79.2,15.175,18.975));
#1154 = LINE('',#1155,#1156);
#1155 = CARTESIAN_POINT('',(75.,15.175,18.975));
#1156 = VECTOR('',#1157,1.);
#1157 = DIRECTION('',(1.,0.,0.));
#1158 = ORIENTED_EDGE('',*,*,#683,.F.);
#1159 = ORIENTED_EDGE('',*,*,#1151,.F.);
#1160 = ORIENTED_EDGE('',*,*,#1161,.T.);
#1161 = EDGE_CURVE('',#1152,#1152,#1162,.T.);
#1162 = CIRCLE('',#1163,2.2);
#1163 = AXIS2_PLACEMENT_3D('',#1164,#1165,#1166);
#1164 = CARTESIAN_POINT('',(79.2,15.175,16.775));
#1165 = DIRECTION('',(1.,0.,0.));
#1166 = DIRECTION('',(-0.,0.,1.));
#1167 = CYLINDRICAL_SURFACE('',#1168,2.2);
#1168 = AXIS2_PLACEMENT_3D('',#1169,#1170,#1171);
#1169 = CARTESIAN_POINT('',(75.,15.175,16.775));
#1170 = DIRECTION('',(1.,0.,0.));
#1171 = DIRECTION('',(-0.,0.,1.));
#1172 = ADVANCED_FACE('',(#1173),#1184,.T.);
#1173 = FACE_BOUND('',#1174,.F.);
#1174 = EDGE_LOOP('',(#1175,#1181,#1182,#1183));
#1175 = ORIENTED_EDGE('',*,*,#1176,.F.);
#1176 = EDGE_CURVE('',#701,#793,#1177,.T.);
#1177 = LINE('',#1178,#1179);
#1178 = CARTESIAN_POINT('',(-80.5,-46.,0.5));
#1179 = VECTOR('',#1180,1.);
#1180 = DIRECTION('',(0.707106781187,0.,-0.707106781187));
#1181 = ORIENTED_EDGE('',*,*,#718,.T.);
#1182 = ORIENTED_EDGE('',*,*,#733,.T.);
#1183 = ORIENTED_EDGE('',*,*,#800,.F.);
#1184 = CONICAL_SURFACE('',#1185,5.,0.785398163397);
#1185 = AXIS2_PLACEMENT_3D('',#1186,#1187,#1188);
#1186 = CARTESIAN_POINT('',(-76.,-46.,1.));
#1187 = DIRECTION('',(0.,0.,1.));
#1188 = DIRECTION('',(-1.,0.,0.));
#1189 = ADVANCED_FACE('',(#1190),#1201,.T.);
#1190 = FACE_BOUND('',#1191,.F.);
#1191 = EDGE_LOOP('',(#1192,#1193,#1194,#1200));
#1192 = ORIENTED_EDGE('',*,*,#862,.F.);
#1193 = ORIENTED_EDGE('',*,*,#895,.T.);
#1194 = ORIENTED_EDGE('',*,*,#1195,.T.);
#1195 = EDGE_CURVE('',#888,#767,#1196,.T.);
#1196 = LINE('',#1197,#1198);
#1197 = CARTESIAN_POINT('',(76.,51.,1.));
#1198 = VECTOR('',#1199,1.);
#1199 = DIRECTION('',(-4.329780281177E-17,-0.707106781187,
    -0.707106781187));
#1200 = ORIENTED_EDGE('',*,*,#766,.F.);
#1201 = CONICAL_SURFACE('',#1202,5.,0.785398163397);
#1202 = AXIS2_PLACEMENT_3D('',#1203,#1204,#1205);
#1203 = CARTESIAN_POINT('',(76.,46.,1.));
#1204 = DIRECTION('',(0.,0.,1.));
#1205 = DIRECTION('',(1.,0.,-0.));
#1206 = ADVANCED_FACE('',(#1207),#1218,.T.);
#1207 = FACE_BOUND('',#1208,.F.);
#1208 = EDGE_LOOP('',(#1209,#1215,#1216,#1217));
#1209 = ORIENTED_EDGE('',*,*,#1210,.F.);
#1210 = EDGE_CURVE('',#911,#784,#1211,.T.);
#1211 = LINE('',#1212,#1213);
#1212 = CARTESIAN_POINT('',(-81.,46.,1.));
#1213 = VECTOR('',#1214,1.);
#1214 = DIRECTION('',(0.707106781187,-4.329780281177E-17,-0.707106781187
    ));
#1215 = ORIENTED_EDGE('',*,*,#927,.T.);
#1216 = ORIENTED_EDGE('',*,*,#1176,.T.);
#1217 = ORIENTED_EDGE('',*,*,#792,.F.);
#1218 = PLANE('',#1219);
#1219 = AXIS2_PLACEMENT_3D('',#1220,#1221,#1222);
#1220 = CARTESIAN_POINT('',(-80.5,46.,0.5));
#1221 = DIRECTION('',(-0.707106781187,0.,-0.707106781187));
#1222 = DIRECTION('',(-0.,1.,0.));
#1223 = ADVANCED_FACE('',(#1224),#1235,.T.);
#1224 = FACE_BOUND('',#1225,.F.);
#1225 = EDGE_LOOP('',(#1226,#1227,#1228,#1234));
#1226 = ORIENTED_EDGE('',*,*,#1195,.F.);
#1227 = ORIENTED_EDGE('',*,*,#1013,.T.);
#1228 = ORIENTED_EDGE('',*,*,#1229,.T.);
#1229 = EDGE_CURVE('',#1006,#776,#1230,.T.);
#1230 = LINE('',#1231,#1232);
#1231 = CARTESIAN_POINT('',(-76.,50.5,0.5));
#1232 = VECTOR('',#1233,1.);
#1233 = DIRECTION('',(-0.,-0.707106781187,-0.707106781187));
#1234 = ORIENTED_EDGE('',*,*,#775,.F.);
#1235 = PLANE('',#1236);
#1236 = AXIS2_PLACEMENT_3D('',#1237,#1238,#1239);
#1237 = CARTESIAN_POINT('',(76.,50.5,0.5));
#1238 = DIRECTION('',(0.,0.707106781187,-0.707106781187));
#1239 = DIRECTION('',(1.,-0.,-0.));
#1240 = ADVANCED_FACE('',(#1241),#1247,.T.);
#1241 = FACE_BOUND('',#1242,.F.);
#1242 = EDGE_LOOP('',(#1243,#1244,#1245,#1246));
#1243 = ORIENTED_EDGE('',*,*,#1229,.F.);
#1244 = ORIENTED_EDGE('',*,*,#1036,.T.);
#1245 = ORIENTED_EDGE('',*,*,#1210,.T.);
#1246 = ORIENTED_EDGE('',*,*,#783,.F.);
#1247 = CONICAL_SURFACE('',#1248,5.,0.785398163397);
#1248 = AXIS2_PLACEMENT_3D('',#1249,#1250,#1251);
#1249 = CARTESIAN_POINT('',(-76.,46.,1.));
#1250 = DIRECTION('',(0.,0.,1.));
#1251 = DIRECTION('',(0.,1.,0.));
#1252 = ADVANCED_FACE('',(#1253),#1264,.F.);
#1253 = FACE_BOUND('',#1254,.F.);
#1254 = EDGE_LOOP('',(#1255,#1256,#1262,#1263));
#1255 = ORIENTED_EDGE('',*,*,#226,.F.);
#1256 = ORIENTED_EDGE('',*,*,#1257,.F.);
#1257 = EDGE_CURVE('',#811,#227,#1258,.T.);
#1258 = LINE('',#1259,#1260);
#1259 = CARTESIAN_POINT('',(-52.75,-44.5,-1.));
#1260 = VECTOR('',#1261,1.);
#1261 = DIRECTION('',(0.,0.,1.));
#1262 = ORIENTED_EDGE('',*,*,#810,.T.);
#1263 = ORIENTED_EDGE('',*,*,#1257,.T.);
#1264 = CYLINDRICAL_SURFACE('',#1265,2.25);
#1265 = AXIS2_PLACEMENT_3D('',#1266,#1267,#1268);
#1266 = CARTESIAN_POINT('',(-55.,-44.5,-1.));
#1267 = DIRECTION('',(0.,0.,1.));
#1268 = DIRECTION('',(1.,0.,-0.));
#1269 = ADVANCED_FACE('',(#1270),#1281,.F.);
#1270 = FACE_BOUND('',#1271,.F.);
#1271 = EDGE_LOOP('',(#1272,#1273,#1279,#1280));
#1272 = ORIENTED_EDGE('',*,*,#248,.F.);
#1273 = ORIENTED_EDGE('',*,*,#1274,.F.);
#1274 = EDGE_CURVE('',#822,#249,#1275,.T.);
#1275 = LINE('',#1276,#1277);
#1276 = CARTESIAN_POINT('',(57.25,-44.5,-1.));
#1277 = VECTOR('',#1278,1.);
#1278 = DIRECTION('',(0.,0.,1.));
#1279 = ORIENTED_EDGE('',*,*,#821,.T.);
#1280 = ORIENTED_EDGE('',*,*,#1274,.T.);
#1281 = CYLINDRICAL_SURFACE('',#1282,2.25);
#1282 = AXIS2_PLACEMENT_3D('',#1283,#1284,#1285);
#1283 = CARTESIAN_POINT('',(55.,-44.5,-1.));
#1284 = DIRECTION('',(0.,0.,1.));
#1285 = DIRECTION('',(1.,0.,-0.));
#1286 = ADVANCED_FACE('',(#1287),#1298,.F.);
#1287 = FACE_BOUND('',#1288,.F.);
#1288 = EDGE_LOOP('',(#1289,#1290,#1296,#1297));
#1289 = ORIENTED_EDGE('',*,*,#281,.F.);
#1290 = ORIENTED_EDGE('',*,*,#1291,.F.);
#1291 = EDGE_CURVE('',#833,#282,#1292,.T.);
#1292 = LINE('',#1293,#1294);
#1293 = CARTESIAN_POINT('',(-52.75,44.5,-1.));
#1294 = VECTOR('',#1295,1.);
#1295 = DIRECTION('',(0.,0.,1.));
#1296 = ORIENTED_EDGE('',*,*,#832,.T.);
#1297 = ORIENTED_EDGE('',*,*,#1291,.T.);
#1298 = CYLINDRICAL_SURFACE('',#1299,2.25);
#1299 = AXIS2_PLACEMENT_3D('',#1300,#1301,#1302);
#1300 = CARTESIAN_POINT('',(-55.,44.5,-1.));
#1301 = DIRECTION('',(0.,0.,1.));
#1302 = DIRECTION('',(1.,0.,-0.));
#1303 = ADVANCED_FACE('',(#1304),#1315,.F.);
#1304 = FACE_BOUND('',#1305,.F.);
#1305 = EDGE_LOOP('',(#1306,#1307,#1313,#1314));
#1306 = ORIENTED_EDGE('',*,*,#303,.F.);
#1307 = ORIENTED_EDGE('',*,*,#1308,.F.);
#1308 = EDGE_CURVE('',#844,#304,#1309,.T.);
#1309 = LINE('',#1310,#1311);
#1310 = CARTESIAN_POINT('',(57.25,44.5,-1.));
#1311 = VECTOR('',#1312,1.);
#1312 = DIRECTION('',(0.,0.,1.));
#1313 = ORIENTED_EDGE('',*,*,#843,.T.);
#1314 = ORIENTED_EDGE('',*,*,#1308,.T.);
#1315 = CYLINDRICAL_SURFACE('',#1316,2.25);
#1316 = AXIS2_PLACEMENT_3D('',#1317,#1318,#1319);
#1317 = CARTESIAN_POINT('',(55.,44.5,-1.));
#1318 = DIRECTION('',(0.,0.,1.));
#1319 = DIRECTION('',(1.,0.,-0.));
#1320 = ADVANCED_FACE('',(#1321),#1340,.F.);
#1321 = FACE_BOUND('',#1322,.F.);
#1322 = EDGE_LOOP('',(#1323,#1331,#1332,#1333));
#1323 = ORIENTED_EDGE('',*,*,#1324,.T.);
#1324 = EDGE_CURVE('',#1325,#936,#1327,.T.);
#1325 = VERTEX_POINT('',#1326);
#1326 = CARTESIAN_POINT('',(-79.2,15.175,37.025));
#1327 = LINE('',#1328,#1329);
#1328 = CARTESIAN_POINT('',(-75.,15.175,37.025));
#1329 = VECTOR('',#1330,1.);
#1330 = DIRECTION('',(-1.,0.,0.));
#1331 = ORIENTED_EDGE('',*,*,#935,.F.);
#1332 = ORIENTED_EDGE('',*,*,#1324,.F.);
#1333 = ORIENTED_EDGE('',*,*,#1334,.T.);
#1334 = EDGE_CURVE('',#1325,#1325,#1335,.T.);
#1335 = CIRCLE('',#1336,2.2);
#1336 = AXIS2_PLACEMENT_3D('',#1337,#1338,#1339);
#1337 = CARTESIAN_POINT('',(-79.2,15.175,39.225));
#1338 = DIRECTION('',(-1.,0.,0.));
#1339 = DIRECTION('',(0.,0.,-1.));
#1340 = CYLINDRICAL_SURFACE('',#1341,2.2);
#1341 = AXIS2_PLACEMENT_3D('',#1342,#1343,#1344);
#1342 = CARTESIAN_POINT('',(-75.,15.175,39.225));
#1343 = DIRECTION('',(-1.,0.,0.));
#1344 = DIRECTION('',(0.,0.,-1.));
#1345 = ADVANCED_FACE('',(#1346),#1365,.F.);
#1346 = FACE_BOUND('',#1347,.F.);
#1347 = EDGE_LOOP('',(#1348,#1356,#1357,#1358));
#1348 = ORIENTED_EDGE('',*,*,#1349,.T.);
#1349 = EDGE_CURVE('',#1350,#947,#1352,.T.);
#1350 = VERTEX_POINT('',#1351);
#1351 = CARTESIAN_POINT('',(-79.2,-15.175,37.025));
#1352 = LINE('',#1353,#1354);
#1353 = CARTESIAN_POINT('',(-75.,-15.175,37.025));
#1354 = VECTOR('',#1355,1.);
#1355 = DIRECTION('',(-1.,0.,0.));
#1356 = ORIENTED_EDGE('',*,*,#946,.F.);
#1357 = ORIENTED_EDGE('',*,*,#1349,.F.);
#1358 = ORIENTED_EDGE('',*,*,#1359,.T.);
#1359 = EDGE_CURVE('',#1350,#1350,#1360,.T.);
#1360 = CIRCLE('',#1361,2.2);
#1361 = AXIS2_PLACEMENT_3D('',#1362,#1363,#1364);
#1362 = CARTESIAN_POINT('',(-79.2,-15.175,39.225));
#1363 = DIRECTION('',(-1.,0.,0.));
#1364 = DIRECTION('',(0.,0.,-1.));
#1365 = CYLINDRICAL_SURFACE('',#1366,2.2);
#1366 = AXIS2_PLACEMENT_3D('',#1367,#1368,#1369);
#1367 = CARTESIAN_POINT('',(-75.,-15.175,39.225));
#1368 = DIRECTION('',(-1.,0.,0.));
#1369 = DIRECTION('',(0.,0.,-1.));
#1370 = ADVANCED_FACE('',(#1371),#1390,.F.);
#1371 = FACE_BOUND('',#1372,.F.);
#1372 = EDGE_LOOP('',(#1373,#1381,#1382,#1383));
#1373 = ORIENTED_EDGE('',*,*,#1374,.T.);
#1374 = EDGE_CURVE('',#1375,#958,#1377,.T.);
#1375 = VERTEX_POINT('',#1376);
#1376 = CARTESIAN_POINT('',(-79.2,15.175,14.575));
#1377 = LINE('',#1378,#1379);
#1378 = CARTESIAN_POINT('',(-75.,15.175,14.575));
#1379 = VECTOR('',#1380,1.);
#1380 = DIRECTION('',(-1.,0.,0.));
#1381 = ORIENTED_EDGE('',*,*,#957,.F.);
#1382 = ORIENTED_EDGE('',*,*,#1374,.F.);
#1383 = ORIENTED_EDGE('',*,*,#1384,.T.);
#1384 = EDGE_CURVE('',#1375,#1375,#1385,.T.);
#1385 = CIRCLE('',#1386,2.2);
#1386 = AXIS2_PLACEMENT_3D('',#1387,#1388,#1389);
#1387 = CARTESIAN_POINT('',(-79.2,15.175,16.775));
#1388 = DIRECTION('',(-1.,0.,0.));
#1389 = DIRECTION('',(0.,0.,-1.));
#1390 = CYLINDRICAL_SURFACE('',#1391,2.2);
#1391 = AXIS2_PLACEMENT_3D('',#1392,#1393,#1394);
#1392 = CARTESIAN_POINT('',(-75.,15.175,16.775));
#1393 = DIRECTION('',(-1.,0.,0.));
#1394 = DIRECTION('',(0.,0.,-1.));
#1395 = ADVANCED_FACE('',(#1396),#1415,.F.);
#1396 = FACE_BOUND('',#1397,.F.);
#1397 = EDGE_LOOP('',(#1398,#1399,#1407,#1414));
#1398 = ORIENTED_EDGE('',*,*,#968,.F.);
#1399 = ORIENTED_EDGE('',*,*,#1400,.F.);
#1400 = EDGE_CURVE('',#1401,#969,#1403,.T.);
#1401 = VERTEX_POINT('',#1402);
#1402 = CARTESIAN_POINT('',(-76.,3.1595887418E-15,15.1));
#1403 = LINE('',#1404,#1405);
#1404 = CARTESIAN_POINT('',(-75.,3.1595887418E-15,15.1));
#1405 = VECTOR('',#1406,1.);
#1406 = DIRECTION('',(-1.,0.,0.));
#1407 = ORIENTED_EDGE('',*,*,#1408,.T.);
#1408 = EDGE_CURVE('',#1401,#1401,#1409,.T.);
#1409 = CIRCLE('',#1410,12.9);
#1410 = AXIS2_PLACEMENT_3D('',#1411,#1412,#1413);
#1411 = CARTESIAN_POINT('',(-76.,0.,28.));
#1412 = DIRECTION('',(-1.,0.,0.));
#1413 = DIRECTION('',(0.,0.,-1.));
#1414 = ORIENTED_EDGE('',*,*,#1400,.T.);
#1415 = CYLINDRICAL_SURFACE('',#1416,12.9);
#1416 = AXIS2_PLACEMENT_3D('',#1417,#1418,#1419);
#1417 = CARTESIAN_POINT('',(-75.,0.,28.));
#1418 = DIRECTION('',(-1.,0.,0.));
#1419 = DIRECTION('',(0.,0.,-1.));
#1420 = ADVANCED_FACE('',(#1421),#1440,.F.);
#1421 = FACE_BOUND('',#1422,.F.);
#1422 = EDGE_LOOP('',(#1423,#1431,#1432,#1433));
#1423 = ORIENTED_EDGE('',*,*,#1424,.T.);
#1424 = EDGE_CURVE('',#1425,#980,#1427,.T.);
#1425 = VERTEX_POINT('',#1426);
#1426 = CARTESIAN_POINT('',(-79.2,-15.175,14.575));
#1427 = LINE('',#1428,#1429);
#1428 = CARTESIAN_POINT('',(-75.,-15.175,14.575));
#1429 = VECTOR('',#1430,1.);
#1430 = DIRECTION('',(-1.,0.,0.));
#1431 = ORIENTED_EDGE('',*,*,#979,.F.);
#1432 = ORIENTED_EDGE('',*,*,#1424,.F.);
#1433 = ORIENTED_EDGE('',*,*,#1434,.T.);
#1434 = EDGE_CURVE('',#1425,#1425,#1435,.T.);
#1435 = CIRCLE('',#1436,2.2);
#1436 = AXIS2_PLACEMENT_3D('',#1437,#1438,#1439);
#1437 = CARTESIAN_POINT('',(-79.2,-15.175,16.775));
#1438 = DIRECTION('',(-1.,0.,0.));
#1439 = DIRECTION('',(0.,0.,-1.));
#1440 = CYLINDRICAL_SURFACE('',#1441,2.2);
#1441 = AXIS2_PLACEMENT_3D('',#1442,#1443,#1444);
#1442 = CARTESIAN_POINT('',(-75.,-15.175,16.775));
#1443 = DIRECTION('',(-1.,0.,0.));
#1444 = DIRECTION('',(0.,0.,-1.));
#1445 = ADVANCED_FACE('',(#1446),#1458,.T.);
#1446 = FACE_BOUND('',#1447,.T.);
#1447 = EDGE_LOOP('',(#1448,#1455,#1456,#1457));
#1448 = ORIENTED_EDGE('',*,*,#1449,.F.);
#1449 = EDGE_CURVE('',#384,#454,#1450,.T.);
#1450 = CIRCLE('',#1451,4.);
#1451 = AXIS2_PLACEMENT_3D('',#1452,#1453,#1454);
#1452 = CARTESIAN_POINT('',(76.,46.,48.));
#1453 = DIRECTION('',(0.,0.,1.));
#1454 = DIRECTION('',(1.,0.,-0.));
#1455 = ORIENTED_EDGE('',*,*,#383,.F.);
#1456 = ORIENTED_EDGE('',*,*,#174,.T.);
#1457 = ORIENTED_EDGE('',*,*,#461,.T.);
#1458 = CYLINDRICAL_SURFACE('',#1459,4.);
#1459 = AXIS2_PLACEMENT_3D('',#1460,#1461,#1462);
#1460 = CARTESIAN_POINT('',(76.,46.,3.));
#1461 = DIRECTION('',(0.,0.,1.));
#1462 = DIRECTION('',(1.,0.,-0.));
#1463 = ADVANCED_FACE('',(#1464),#1489,.F.);
#1464 = FACE_BOUND('',#1465,.F.);
#1465 = EDGE_LOOP('',(#1466,#1467,#1475,#1483));
#1466 = ORIENTED_EDGE('',*,*,#55,.F.);
#1467 = ORIENTED_EDGE('',*,*,#1468,.T.);
#1468 = EDGE_CURVE('',#56,#1469,#1471,.T.);
#1469 = VERTEX_POINT('',#1470);
#1470 = CARTESIAN_POINT('',(-76.,-22.255,10.125));
#1471 = LINE('',#1472,#1473);
#1472 = CARTESIAN_POINT('',(-79.,-22.255,10.125));
#1473 = VECTOR('',#1474,1.);
#1474 = DIRECTION('',(1.,0.,-0.));
#1475 = ORIENTED_EDGE('',*,*,#1476,.T.);
#1476 = EDGE_CURVE('',#1469,#1477,#1479,.T.);
#1477 = VERTEX_POINT('',#1478);
#1478 = CARTESIAN_POINT('',(-76.,22.255,10.125));
#1479 = LINE('',#1480,#1481);
#1480 = CARTESIAN_POINT('',(-76.,-22.255,10.125));
#1481 = VECTOR('',#1482,1.);
#1482 = DIRECTION('',(-0.,1.,0.));
#1483 = ORIENTED_EDGE('',*,*,#1484,.F.);
#1484 = EDGE_CURVE('',#58,#1477,#1485,.T.);
#1485 = LINE('',#1486,#1487);
#1486 = CARTESIAN_POINT('',(-79.,22.255,10.125));
#1487 = VECTOR('',#1488,1.);
#1488 = DIRECTION('',(1.,0.,-0.));
#1489 = PLANE('',#1490);
#1490 = AXIS2_PLACEMENT_3D('',#1491,#1492,#1493);
#1491 = CARTESIAN_POINT('',(-79.,-22.255,10.125));
#1492 = DIRECTION('',(0.,0.,1.));
#1493 = DIRECTION('',(1.,0.,-0.));
#1494 = ADVANCED_FACE('',(#1495),#1513,.T.);
#1495 = FACE_BOUND('',#1496,.T.);
#1496 = EDGE_LOOP('',(#1497,#1498,#1499,#1507));
#1497 = ORIENTED_EDGE('',*,*,#1484,.F.);
#1498 = ORIENTED_EDGE('',*,*,#81,.T.);
#1499 = ORIENTED_EDGE('',*,*,#1500,.T.);
#1500 = EDGE_CURVE('',#74,#1501,#1503,.T.);
#1501 = VERTEX_POINT('',#1502);
#1502 = CARTESIAN_POINT('',(-76.,22.255,45.875));
#1503 = LINE('',#1504,#1505);
#1504 = CARTESIAN_POINT('',(-79.,22.255,45.875));
#1505 = VECTOR('',#1506,1.);
#1506 = DIRECTION('',(1.,0.,-0.));
#1507 = ORIENTED_EDGE('',*,*,#1508,.F.);
#1508 = EDGE_CURVE('',#1477,#1501,#1509,.T.);
#1509 = LINE('',#1510,#1511);
#1510 = CARTESIAN_POINT('',(-76.,22.255,10.125));
#1511 = VECTOR('',#1512,1.);
#1512 = DIRECTION('',(0.,0.,1.));
#1513 = PLANE('',#1514);
#1514 = AXIS2_PLACEMENT_3D('',#1515,#1516,#1517);
#1515 = CARTESIAN_POINT('',(-79.,22.255,10.125));
#1516 = DIRECTION('',(-0.,1.,0.));
#1517 = DIRECTION('',(0.,0.,1.));
#1518 = ADVANCED_FACE('',(#1519),#1537,.T.);
#1519 = FACE_BOUND('',#1520,.T.);
#1520 = EDGE_LOOP('',(#1521,#1522,#1530,#1536));
#1521 = ORIENTED_EDGE('',*,*,#73,.F.);
#1522 = ORIENTED_EDGE('',*,*,#1523,.T.);
#1523 = EDGE_CURVE('',#66,#1524,#1526,.T.);
#1524 = VERTEX_POINT('',#1525);
#1525 = CARTESIAN_POINT('',(-76.,-22.255,45.875));
#1526 = LINE('',#1527,#1528);
#1527 = CARTESIAN_POINT('',(-79.,-22.255,45.875));
#1528 = VECTOR('',#1529,1.);
#1529 = DIRECTION('',(1.,0.,-0.));
#1530 = ORIENTED_EDGE('',*,*,#1531,.T.);
#1531 = EDGE_CURVE('',#1524,#1501,#1532,.T.);
#1532 = LINE('',#1533,#1534);
#1533 = CARTESIAN_POINT('',(-76.,-22.255,45.875));
#1534 = VECTOR('',#1535,1.);
#1535 = DIRECTION('',(-0.,1.,0.));
#1536 = ORIENTED_EDGE('',*,*,#1500,.F.);
#1537 = PLANE('',#1538);
#1538 = AXIS2_PLACEMENT_3D('',#1539,#1540,#1541);
#1539 = CARTESIAN_POINT('',(-79.,-22.255,45.875));
#1540 = DIRECTION('',(0.,0.,1.));
#1541 = DIRECTION('',(1.,0.,-0.));
#1542 = ADVANCED_FACE('',(#1543),#1554,.F.);
#1543 = FACE_BOUND('',#1544,.F.);
#1544 = EDGE_LOOP('',(#1545,#1546,#1547,#1548));
#1545 = ORIENTED_EDGE('',*,*,#1468,.F.);
#1546 = ORIENTED_EDGE('',*,*,#65,.T.);
#1547 = ORIENTED_EDGE('',*,*,#1523,.T.);
#1548 = ORIENTED_EDGE('',*,*,#1549,.F.);
#1549 = EDGE_CURVE('',#1469,#1524,#1550,.T.);
#1550 = LINE('',#1551,#1552);
#1551 = CARTESIAN_POINT('',(-76.,-22.255,10.125));
#1552 = VECTOR('',#1553,1.);
#1553 = DIRECTION('',(0.,0.,1.));
#1554 = PLANE('',#1555);
#1555 = AXIS2_PLACEMENT_3D('',#1556,#1557,#1558);
#1556 = CARTESIAN_POINT('',(-79.,-22.255,10.125));
#1557 = DIRECTION('',(-0.,1.,0.));
#1558 = DIRECTION('',(0.,0.,1.));
#1559 = ADVANCED_FACE('',(#1560),#1572,.T.);
#1560 = FACE_BOUND('',#1561,.T.);
#1561 = EDGE_LOOP('',(#1562,#1569,#1570,#1571));
#1562 = ORIENTED_EDGE('',*,*,#1563,.F.);
#1563 = EDGE_CURVE('',#446,#423,#1564,.T.);
#1564 = CIRCLE('',#1565,4.);
#1565 = AXIS2_PLACEMENT_3D('',#1566,#1567,#1568);
#1566 = CARTESIAN_POINT('',(76.,-46.,48.));
#1567 = DIRECTION('',(0.,0.,1.));
#1568 = DIRECTION('',(1.,0.,-0.));
#1569 = ORIENTED_EDGE('',*,*,#445,.F.);
#1570 = ORIENTED_EDGE('',*,*,#157,.T.);
#1571 = ORIENTED_EDGE('',*,*,#430,.T.);
#1572 = CYLINDRICAL_SURFACE('',#1573,4.);
#1573 = AXIS2_PLACEMENT_3D('',#1574,#1575,#1576);
#1574 = CARTESIAN_POINT('',(76.,-46.,3.));
#1575 = DIRECTION('',(0.,0.,1.));
#1576 = DIRECTION('',(1.,0.,-0.));
#1577 = ADVANCED_FACE('',(#1578),#1603,.F.);
#1578 = FACE_BOUND('',#1579,.F.);
#1579 = EDGE_LOOP('',(#1580,#1588,#1596,#1602));
#1580 = ORIENTED_EDGE('',*,*,#1581,.F.);
#1581 = EDGE_CURVE('',#1582,#470,#1584,.T.);
#1582 = VERTEX_POINT('',#1583);
#1583 = CARTESIAN_POINT('',(76.,-22.255,10.125));
#1584 = LINE('',#1585,#1586);
#1585 = CARTESIAN_POINT('',(76.,-22.255,10.125));
#1586 = VECTOR('',#1587,1.);
#1587 = DIRECTION('',(1.,0.,-0.));
#1588 = ORIENTED_EDGE('',*,*,#1589,.T.);
#1589 = EDGE_CURVE('',#1582,#1590,#1592,.T.);
#1590 = VERTEX_POINT('',#1591);
#1591 = CARTESIAN_POINT('',(76.,-22.255,45.875));
#1592 = LINE('',#1593,#1594);
#1593 = CARTESIAN_POINT('',(76.,-22.255,10.125));
#1594 = VECTOR('',#1595,1.);
#1595 = DIRECTION('',(0.,0.,1.));
#1596 = ORIENTED_EDGE('',*,*,#1597,.T.);
#1597 = EDGE_CURVE('',#1590,#472,#1598,.T.);
#1598 = LINE('',#1599,#1600);
#1599 = CARTESIAN_POINT('',(76.,-22.255,45.875));
#1600 = VECTOR('',#1601,1.);
#1601 = DIRECTION('',(1.,0.,-0.));
#1602 = ORIENTED_EDGE('',*,*,#469,.F.);
#1603 = PLANE('',#1604);
#1604 = AXIS2_PLACEMENT_3D('',#1605,#1606,#1607);
#1605 = CARTESIAN_POINT('',(76.,-22.255,10.125));
#1606 = DIRECTION('',(-0.,1.,0.));
#1607 = DIRECTION('',(0.,0.,1.));
#1608 = ADVANCED_FACE('',(#1609),#1627,.T.);
#1609 = FACE_BOUND('',#1610,.T.);
#1610 = EDGE_LOOP('',(#1611,#1619,#1620,#1621));
#1611 = ORIENTED_EDGE('',*,*,#1612,.F.);
#1612 = EDGE_CURVE('',#1590,#1613,#1615,.T.);
#1613 = VERTEX_POINT('',#1614);
#1614 = CARTESIAN_POINT('',(76.,22.255,45.875));
#1615 = LINE('',#1616,#1617);
#1616 = CARTESIAN_POINT('',(76.,-22.255,45.875));
#1617 = VECTOR('',#1618,1.);
#1618 = DIRECTION('',(-0.,1.,0.));
#1619 = ORIENTED_EDGE('',*,*,#1597,.T.);
#1620 = ORIENTED_EDGE('',*,*,#495,.T.);
#1621 = ORIENTED_EDGE('',*,*,#1622,.F.);
#1622 = EDGE_CURVE('',#1613,#488,#1623,.T.);
#1623 = LINE('',#1624,#1625);
#1624 = CARTESIAN_POINT('',(76.,22.255,45.875));
#1625 = VECTOR('',#1626,1.);
#1626 = DIRECTION('',(1.,0.,-0.));
#1627 = PLANE('',#1628);
#1628 = AXIS2_PLACEMENT_3D('',#1629,#1630,#1631);
#1629 = CARTESIAN_POINT('',(76.,-22.255,45.875));
#1630 = DIRECTION('',(0.,0.,1.));
#1631 = DIRECTION('',(1.,0.,-0.));
#1632 = ADVANCED_FACE('',(#1633),#1651,.T.);
#1633 = FACE_BOUND('',#1634,.T.);
#1634 = EDGE_LOOP('',(#1635,#1643,#1649,#1650));
#1635 = ORIENTED_EDGE('',*,*,#1636,.F.);
#1636 = EDGE_CURVE('',#1637,#480,#1639,.T.);
#1637 = VERTEX_POINT('',#1638);
#1638 = CARTESIAN_POINT('',(76.,22.255,10.125));
#1639 = LINE('',#1640,#1641);
#1640 = CARTESIAN_POINT('',(76.,22.255,10.125));
#1641 = VECTOR('',#1642,1.);
#1642 = DIRECTION('',(1.,0.,-0.));
#1643 = ORIENTED_EDGE('',*,*,#1644,.T.);
#1644 = EDGE_CURVE('',#1637,#1613,#1645,.T.);
#1645 = LINE('',#1646,#1647);
#1646 = CARTESIAN_POINT('',(76.,22.255,10.125));
#1647 = VECTOR('',#1648,1.);
#1648 = DIRECTION('',(0.,0.,1.));
#1649 = ORIENTED_EDGE('',*,*,#1622,.T.);
#1650 = ORIENTED_EDGE('',*,*,#487,.F.);
#1651 = PLANE('',#1652);
#1652 = AXIS2_PLACEMENT_3D('',#1653,#1654,#1655);
#1653 = CARTESIAN_POINT('',(76.,22.255,10.125));
#1654 = DIRECTION('',(-0.,1.,0.));
#1655 = DIRECTION('',(0.,0.,1.));
#1656 = ADVANCED_FACE('',(#1657),#1668,.F.);
#1657 = FACE_BOUND('',#1658,.F.);
#1658 = EDGE_LOOP('',(#1659,#1665,#1666,#1667));
#1659 = ORIENTED_EDGE('',*,*,#1660,.F.);
#1660 = EDGE_CURVE('',#1582,#1637,#1661,.T.);
#1661 = LINE('',#1662,#1663);
#1662 = CARTESIAN_POINT('',(76.,-22.255,10.125));
#1663 = VECTOR('',#1664,1.);
#1664 = DIRECTION('',(-0.,1.,0.));
#1665 = ORIENTED_EDGE('',*,*,#1581,.T.);
#1666 = ORIENTED_EDGE('',*,*,#479,.T.);
#1667 = ORIENTED_EDGE('',*,*,#1636,.F.);
#1668 = PLANE('',#1669);
#1669 = AXIS2_PLACEMENT_3D('',#1670,#1671,#1672);
#1670 = CARTESIAN_POINT('',(76.,-22.255,10.125));
#1671 = DIRECTION('',(0.,0.,1.));
#1672 = DIRECTION('',(1.,0.,-0.));
#1673 = ADVANCED_FACE('',(#1674,#1724),#1727,.F.);
#1674 = FACE_BOUND('',#1675,.F.);
#1675 = EDGE_LOOP('',(#1676,#1686,#1694,#1702,#1710,#1718));
#1676 = ORIENTED_EDGE('',*,*,#1677,.T.);
#1677 = EDGE_CURVE('',#1678,#1680,#1682,.T.);
#1678 = VERTEX_POINT('',#1679);
#1679 = CARTESIAN_POINT('',(79.2,-11.01807806183,39.225));
#1680 = VERTEX_POINT('',#1681);
#1681 = CARTESIAN_POINT('',(79.2,-13.09653903091,42.825));
#1682 = LINE('',#1683,#1684);
#1683 = CARTESIAN_POINT('',(79.2,-11.01807806183,39.225));
#1684 = VECTOR('',#1685,1.);
#1685 = DIRECTION('',(0.,-0.5,0.866025403784));
#1686 = ORIENTED_EDGE('',*,*,#1687,.T.);
#1687 = EDGE_CURVE('',#1680,#1688,#1690,.T.);
#1688 = VERTEX_POINT('',#1689);
#1689 = CARTESIAN_POINT('',(79.2,-17.25346096908,42.825));
#1690 = LINE('',#1691,#1692);
#1691 = CARTESIAN_POINT('',(79.2,-13.09653903091,42.825));
#1692 = VECTOR('',#1693,1.);
#1693 = DIRECTION('',(0.,-1.,0.));
#1694 = ORIENTED_EDGE('',*,*,#1695,.T.);
#1695 = EDGE_CURVE('',#1688,#1696,#1698,.T.);
#1696 = VERTEX_POINT('',#1697);
#1697 = CARTESIAN_POINT('',(79.2,-19.33192193816,39.225));
#1698 = LINE('',#1699,#1700);
#1699 = CARTESIAN_POINT('',(79.2,-17.25346096908,42.825));
#1700 = VECTOR('',#1701,1.);
#1701 = DIRECTION('',(0.,-0.5,-0.866025403784));
#1702 = ORIENTED_EDGE('',*,*,#1703,.T.);
#1703 = EDGE_CURVE('',#1696,#1704,#1706,.T.);
#1704 = VERTEX_POINT('',#1705);
#1705 = CARTESIAN_POINT('',(79.2,-17.25346096908,35.625));
#1706 = LINE('',#1707,#1708);
#1707 = CARTESIAN_POINT('',(79.2,-19.33192193816,39.225));
#1708 = VECTOR('',#1709,1.);
#1709 = DIRECTION('',(0.,0.5,-0.866025403784));
#1710 = ORIENTED_EDGE('',*,*,#1711,.T.);
#1711 = EDGE_CURVE('',#1704,#1712,#1714,.T.);
#1712 = VERTEX_POINT('',#1713);
#1713 = CARTESIAN_POINT('',(79.2,-13.09653903091,35.625));
#1714 = LINE('',#1715,#1716);
#1715 = CARTESIAN_POINT('',(79.2,-17.25346096908,35.625));
#1716 = VECTOR('',#1717,1.);
#1717 = DIRECTION('',(0.,1.,0.));
#1718 = ORIENTED_EDGE('',*,*,#1719,.T.);
#1719 = EDGE_CURVE('',#1712,#1678,#1720,.T.);
#1720 = LINE('',#1721,#1722);
#1721 = CARTESIAN_POINT('',(79.2,-13.09653903091,35.625));
#1722 = VECTOR('',#1723,1.);
#1723 = DIRECTION('',(0.,0.5,0.866025403784));
#1724 = FACE_BOUND('',#1725,.F.);
#1725 = EDGE_LOOP('',(#1726));
#1726 = ORIENTED_EDGE('',*,*,#1061,.F.);
#1727 = PLANE('',#1728);
#1728 = AXIS2_PLACEMENT_3D('',#1729,#1730,#1731);
#1729 = CARTESIAN_POINT('',(79.2,-15.175,39.225));
#1730 = DIRECTION('',(1.,0.,0.));
#1731 = DIRECTION('',(-0.,0.,1.));
#1732 = ADVANCED_FACE('',(#1733,#1783),#1786,.F.);
#1733 = FACE_BOUND('',#1734,.F.);
#1734 = EDGE_LOOP('',(#1735,#1745,#1753,#1761,#1769,#1777));
#1735 = ORIENTED_EDGE('',*,*,#1736,.T.);
#1736 = EDGE_CURVE('',#1737,#1739,#1741,.T.);
#1737 = VERTEX_POINT('',#1738);
#1738 = CARTESIAN_POINT('',(79.2,19.331921938165,39.225));
#1739 = VERTEX_POINT('',#1740);
#1740 = CARTESIAN_POINT('',(79.2,17.253460969083,42.825));
#1741 = LINE('',#1742,#1743);
#1742 = CARTESIAN_POINT('',(79.2,19.331921938165,39.225));
#1743 = VECTOR('',#1744,1.);
#1744 = DIRECTION('',(0.,-0.5,0.866025403784));
#1745 = ORIENTED_EDGE('',*,*,#1746,.T.);
#1746 = EDGE_CURVE('',#1739,#1747,#1749,.T.);
#1747 = VERTEX_POINT('',#1748);
#1748 = CARTESIAN_POINT('',(79.2,13.096539030917,42.825));
#1749 = LINE('',#1750,#1751);
#1750 = CARTESIAN_POINT('',(79.2,17.253460969083,42.825));
#1751 = VECTOR('',#1752,1.);
#1752 = DIRECTION('',(0.,-1.,0.));
#1753 = ORIENTED_EDGE('',*,*,#1754,.T.);
#1754 = EDGE_CURVE('',#1747,#1755,#1757,.T.);
#1755 = VERTEX_POINT('',#1756);
#1756 = CARTESIAN_POINT('',(79.2,11.018078061835,39.225));
#1757 = LINE('',#1758,#1759);
#1758 = CARTESIAN_POINT('',(79.2,13.096539030917,42.825));
#1759 = VECTOR('',#1760,1.);
#1760 = DIRECTION('',(0.,-0.5,-0.866025403784));
#1761 = ORIENTED_EDGE('',*,*,#1762,.T.);
#1762 = EDGE_CURVE('',#1755,#1763,#1765,.T.);
#1763 = VERTEX_POINT('',#1764);
#1764 = CARTESIAN_POINT('',(79.2,13.096539030917,35.625));
#1765 = LINE('',#1766,#1767);
#1766 = CARTESIAN_POINT('',(79.2,11.018078061835,39.225));
#1767 = VECTOR('',#1768,1.);
#1768 = DIRECTION('',(0.,0.5,-0.866025403784));
#1769 = ORIENTED_EDGE('',*,*,#1770,.T.);
#1770 = EDGE_CURVE('',#1763,#1771,#1773,.T.);
#1771 = VERTEX_POINT('',#1772);
#1772 = CARTESIAN_POINT('',(79.2,17.253460969083,35.625));
#1773 = LINE('',#1774,#1775);
#1774 = CARTESIAN_POINT('',(79.2,13.096539030917,35.625));
#1775 = VECTOR('',#1776,1.);
#1776 = DIRECTION('',(0.,1.,0.));
#1777 = ORIENTED_EDGE('',*,*,#1778,.T.);
#1778 = EDGE_CURVE('',#1771,#1737,#1779,.T.);
#1779 = LINE('',#1780,#1781);
#1780 = CARTESIAN_POINT('',(79.2,17.253460969083,35.625));
#1781 = VECTOR('',#1782,1.);
#1782 = DIRECTION('',(0.,0.5,0.866025403784));
#1783 = FACE_BOUND('',#1784,.F.);
#1784 = EDGE_LOOP('',(#1785));
#1785 = ORIENTED_EDGE('',*,*,#1086,.F.);
#1786 = PLANE('',#1787);
#1787 = AXIS2_PLACEMENT_3D('',#1788,#1789,#1790);
#1788 = CARTESIAN_POINT('',(79.2,15.175,39.225));
#1789 = DIRECTION('',(1.,0.,0.));
#1790 = DIRECTION('',(-0.,0.,1.));
#1791 = ADVANCED_FACE('',(#1792,#1842),#1845,.F.);
#1792 = FACE_BOUND('',#1793,.F.);
#1793 = EDGE_LOOP('',(#1794,#1804,#1812,#1820,#1828,#1836));
#1794 = ORIENTED_EDGE('',*,*,#1795,.T.);
#1795 = EDGE_CURVE('',#1796,#1798,#1800,.T.);
#1796 = VERTEX_POINT('',#1797);
#1797 = CARTESIAN_POINT('',(79.2,-11.01807806183,16.775));
#1798 = VERTEX_POINT('',#1799);
#1799 = CARTESIAN_POINT('',(79.2,-13.09653903091,20.375));
#1800 = LINE('',#1801,#1802);
#1801 = CARTESIAN_POINT('',(79.2,-11.01807806183,16.775));
#1802 = VECTOR('',#1803,1.);
#1803 = DIRECTION('',(0.,-0.5,0.866025403784));
#1804 = ORIENTED_EDGE('',*,*,#1805,.T.);
#1805 = EDGE_CURVE('',#1798,#1806,#1808,.T.);
#1806 = VERTEX_POINT('',#1807);
#1807 = CARTESIAN_POINT('',(79.2,-17.25346096908,20.375));
#1808 = LINE('',#1809,#1810);
#1809 = CARTESIAN_POINT('',(79.2,-13.09653903091,20.375));
#1810 = VECTOR('',#1811,1.);
#1811 = DIRECTION('',(0.,-1.,0.));
#1812 = ORIENTED_EDGE('',*,*,#1813,.T.);
#1813 = EDGE_CURVE('',#1806,#1814,#1816,.T.);
#1814 = VERTEX_POINT('',#1815);
#1815 = CARTESIAN_POINT('',(79.2,-19.33192193816,16.775));
#1816 = LINE('',#1817,#1818);
#1817 = CARTESIAN_POINT('',(79.2,-17.25346096908,20.375));
#1818 = VECTOR('',#1819,1.);
#1819 = DIRECTION('',(0.,-0.5,-0.866025403784));
#1820 = ORIENTED_EDGE('',*,*,#1821,.T.);
#1821 = EDGE_CURVE('',#1814,#1822,#1824,.T.);
#1822 = VERTEX_POINT('',#1823);
#1823 = CARTESIAN_POINT('',(79.2,-17.25346096908,13.175));
#1824 = LINE('',#1825,#1826);
#1825 = CARTESIAN_POINT('',(79.2,-19.33192193816,16.775));
#1826 = VECTOR('',#1827,1.);
#1827 = DIRECTION('',(0.,0.5,-0.866025403784));
#1828 = ORIENTED_EDGE('',*,*,#1829,.T.);
#1829 = EDGE_CURVE('',#1822,#1830,#1832,.T.);
#1830 = VERTEX_POINT('',#1831);
#1831 = CARTESIAN_POINT('',(79.2,-13.09653903091,13.175));
#1832 = LINE('',#1833,#1834);
#1833 = CARTESIAN_POINT('',(79.2,-17.25346096908,13.175));
#1834 = VECTOR('',#1835,1.);
#1835 = DIRECTION('',(0.,1.,0.));
#1836 = ORIENTED_EDGE('',*,*,#1837,.T.);
#1837 = EDGE_CURVE('',#1830,#1796,#1838,.T.);
#1838 = LINE('',#1839,#1840);
#1839 = CARTESIAN_POINT('',(79.2,-13.09653903091,13.175));
#1840 = VECTOR('',#1841,1.);
#1841 = DIRECTION('',(0.,0.5,0.866025403784));
#1842 = FACE_BOUND('',#1843,.F.);
#1843 = EDGE_LOOP('',(#1844));
#1844 = ORIENTED_EDGE('',*,*,#1111,.F.);
#1845 = PLANE('',#1846);
#1846 = AXIS2_PLACEMENT_3D('',#1847,#1848,#1849);
#1847 = CARTESIAN_POINT('',(79.2,-15.175,16.775));
#1848 = DIRECTION('',(1.,0.,0.));
#1849 = DIRECTION('',(-0.,0.,1.));
#1850 = ADVANCED_FACE('',(#1851,#1857,#1907,#1910,#1960,#2010),#2060,.F.
  );
#1851 = FACE_BOUND('',#1852,.F.);
#1852 = EDGE_LOOP('',(#1853,#1854,#1855,#1856));
#1853 = ORIENTED_EDGE('',*,*,#1589,.F.);
#1854 = ORIENTED_EDGE('',*,*,#1660,.T.);
#1855 = ORIENTED_EDGE('',*,*,#1644,.T.);
#1856 = ORIENTED_EDGE('',*,*,#1612,.F.);
#1857 = FACE_BOUND('',#1858,.F.);
#1858 = EDGE_LOOP('',(#1859,#1869,#1877,#1885,#1893,#1901));
#1859 = ORIENTED_EDGE('',*,*,#1860,.F.);
#1860 = EDGE_CURVE('',#1861,#1863,#1865,.T.);
#1861 = VERTEX_POINT('',#1862);
#1862 = CARTESIAN_POINT('',(76.,19.331921938165,16.775));
#1863 = VERTEX_POINT('',#1864);
#1864 = CARTESIAN_POINT('',(76.,17.253460969083,20.375));
#1865 = LINE('',#1866,#1867);
#1866 = CARTESIAN_POINT('',(76.,19.331921938165,16.775));
#1867 = VECTOR('',#1868,1.);
#1868 = DIRECTION('',(0.,-0.5,0.866025403784));
#1869 = ORIENTED_EDGE('',*,*,#1870,.F.);
#1870 = EDGE_CURVE('',#1871,#1861,#1873,.T.);
#1871 = VERTEX_POINT('',#1872);
#1872 = CARTESIAN_POINT('',(76.,17.253460969083,13.175));
#1873 = LINE('',#1874,#1875);
#1874 = CARTESIAN_POINT('',(76.,17.253460969083,13.175));
#1875 = VECTOR('',#1876,1.);
#1876 = DIRECTION('',(0.,0.5,0.866025403784));
#1877 = ORIENTED_EDGE('',*,*,#1878,.F.);
#1878 = EDGE_CURVE('',#1879,#1871,#1881,.T.);
#1879 = VERTEX_POINT('',#1880);
#1880 = CARTESIAN_POINT('',(76.,13.096539030917,13.175));
#1881 = LINE('',#1882,#1883);
#1882 = CARTESIAN_POINT('',(76.,13.096539030917,13.175));
#1883 = VECTOR('',#1884,1.);
#1884 = DIRECTION('',(0.,1.,0.));
#1885 = ORIENTED_EDGE('',*,*,#1886,.F.);
#1886 = EDGE_CURVE('',#1887,#1879,#1889,.T.);
#1887 = VERTEX_POINT('',#1888);
#1888 = CARTESIAN_POINT('',(76.,11.018078061835,16.775));
#1889 = LINE('',#1890,#1891);
#1890 = CARTESIAN_POINT('',(76.,11.018078061835,16.775));
#1891 = VECTOR('',#1892,1.);
#1892 = DIRECTION('',(0.,0.5,-0.866025403784));
#1893 = ORIENTED_EDGE('',*,*,#1894,.F.);
#1894 = EDGE_CURVE('',#1895,#1887,#1897,.T.);
#1895 = VERTEX_POINT('',#1896);
#1896 = CARTESIAN_POINT('',(76.,13.096539030917,20.375));
#1897 = LINE('',#1898,#1899);
#1898 = CARTESIAN_POINT('',(76.,13.096539030917,20.375));
#1899 = VECTOR('',#1900,1.);
#1900 = DIRECTION('',(0.,-0.5,-0.866025403784));
#1901 = ORIENTED_EDGE('',*,*,#1902,.F.);
#1902 = EDGE_CURVE('',#1863,#1895,#1903,.T.);
#1903 = LINE('',#1904,#1905);
#1904 = CARTESIAN_POINT('',(76.,17.253460969083,20.375));
#1905 = VECTOR('',#1906,1.);
#1906 = DIRECTION('',(0.,-1.,0.));
#1907 = FACE_BOUND('',#1908,.F.);
#1908 = EDGE_LOOP('',(#1909));
#1909 = ORIENTED_EDGE('',*,*,#1135,.F.);
#1910 = FACE_BOUND('',#1911,.F.);
#1911 = EDGE_LOOP('',(#1912,#1922,#1930,#1938,#1946,#1954));
#1912 = ORIENTED_EDGE('',*,*,#1913,.F.);
#1913 = EDGE_CURVE('',#1914,#1916,#1918,.T.);
#1914 = VERTEX_POINT('',#1915);
#1915 = CARTESIAN_POINT('',(76.,19.331921938165,39.225));
#1916 = VERTEX_POINT('',#1917);
#1917 = CARTESIAN_POINT('',(76.,17.253460969083,42.825));
#1918 = LINE('',#1919,#1920);
#1919 = CARTESIAN_POINT('',(76.,19.331921938165,39.225));
#1920 = VECTOR('',#1921,1.);
#1921 = DIRECTION('',(0.,-0.5,0.866025403784));
#1922 = ORIENTED_EDGE('',*,*,#1923,.F.);
#1923 = EDGE_CURVE('',#1924,#1914,#1926,.T.);
#1924 = VERTEX_POINT('',#1925);
#1925 = CARTESIAN_POINT('',(76.,17.253460969083,35.625));
#1926 = LINE('',#1927,#1928);
#1927 = CARTESIAN_POINT('',(76.,17.253460969083,35.625));
#1928 = VECTOR('',#1929,1.);
#1929 = DIRECTION('',(0.,0.5,0.866025403784));
#1930 = ORIENTED_EDGE('',*,*,#1931,.F.);
#1931 = EDGE_CURVE('',#1932,#1924,#1934,.T.);
#1932 = VERTEX_POINT('',#1933);
#1933 = CARTESIAN_POINT('',(76.,13.096539030917,35.625));
#1934 = LINE('',#1935,#1936);
#1935 = CARTESIAN_POINT('',(76.,13.096539030917,35.625));
#1936 = VECTOR('',#1937,1.);
#1937 = DIRECTION('',(0.,1.,0.));
#1938 = ORIENTED_EDGE('',*,*,#1939,.F.);
#1939 = EDGE_CURVE('',#1940,#1932,#1942,.T.);
#1940 = VERTEX_POINT('',#1941);
#1941 = CARTESIAN_POINT('',(76.,11.018078061835,39.225));
#1942 = LINE('',#1943,#1944);
#1943 = CARTESIAN_POINT('',(76.,11.018078061835,39.225));
#1944 = VECTOR('',#1945,1.);
#1945 = DIRECTION('',(0.,0.5,-0.866025403784));
#1946 = ORIENTED_EDGE('',*,*,#1947,.F.);
#1947 = EDGE_CURVE('',#1948,#1940,#1950,.T.);
#1948 = VERTEX_POINT('',#1949);
#1949 = CARTESIAN_POINT('',(76.,13.096539030917,42.825));
#1950 = LINE('',#1951,#1952);
#1951 = CARTESIAN_POINT('',(76.,13.096539030917,42.825));
#1952 = VECTOR('',#1953,1.);
#1953 = DIRECTION('',(0.,-0.5,-0.866025403784));
#1954 = ORIENTED_EDGE('',*,*,#1955,.F.);
#1955 = EDGE_CURVE('',#1916,#1948,#1956,.T.);
#1956 = LINE('',#1957,#1958);
#1957 = CARTESIAN_POINT('',(76.,17.253460969083,42.825));
#1958 = VECTOR('',#1959,1.);
#1959 = DIRECTION('',(0.,-1.,0.));
#1960 = FACE_BOUND('',#1961,.F.);
#1961 = EDGE_LOOP('',(#1962,#1972,#1980,#1988,#1996,#2004));
#1962 = ORIENTED_EDGE('',*,*,#1963,.F.);
#1963 = EDGE_CURVE('',#1964,#1966,#1968,.T.);
#1964 = VERTEX_POINT('',#1965);
#1965 = CARTESIAN_POINT('',(76.,-11.01807806183,16.775));
#1966 = VERTEX_POINT('',#1967);
#1967 = CARTESIAN_POINT('',(76.,-13.09653903091,20.375));
#1968 = LINE('',#1969,#1970);
#1969 = CARTESIAN_POINT('',(76.,-11.01807806183,16.775));
#1970 = VECTOR('',#1971,1.);
#1971 = DIRECTION('',(0.,-0.5,0.866025403784));
#1972 = ORIENTED_EDGE('',*,*,#1973,.F.);
#1973 = EDGE_CURVE('',#1974,#1964,#1976,.T.);
#1974 = VERTEX_POINT('',#1975);
#1975 = CARTESIAN_POINT('',(76.,-13.09653903091,13.175));
#1976 = LINE('',#1977,#1978);
#1977 = CARTESIAN_POINT('',(76.,-13.09653903091,13.175));
#1978 = VECTOR('',#1979,1.);
#1979 = DIRECTION('',(0.,0.5,0.866025403784));
#1980 = ORIENTED_EDGE('',*,*,#1981,.F.);
#1981 = EDGE_CURVE('',#1982,#1974,#1984,.T.);
#1982 = VERTEX_POINT('',#1983);
#1983 = CARTESIAN_POINT('',(76.,-17.25346096908,13.175));
#1984 = LINE('',#1985,#1986);
#1985 = CARTESIAN_POINT('',(76.,-17.25346096908,13.175));
#1986 = VECTOR('',#1987,1.);
#1987 = DIRECTION('',(0.,1.,0.));
#1988 = ORIENTED_EDGE('',*,*,#1989,.F.);
#1989 = EDGE_CURVE('',#1990,#1982,#1992,.T.);
#1990 = VERTEX_POINT('',#1991);
#1991 = CARTESIAN_POINT('',(76.,-19.33192193816,16.775));
#1992 = LINE('',#1993,#1994);
#1993 = CARTESIAN_POINT('',(76.,-19.33192193816,16.775));
#1994 = VECTOR('',#1995,1.);
#1995 = DIRECTION('',(0.,0.5,-0.866025403784));
#1996 = ORIENTED_EDGE('',*,*,#1997,.F.);
#1997 = EDGE_CURVE('',#1998,#1990,#2000,.T.);
#1998 = VERTEX_POINT('',#1999);
#1999 = CARTESIAN_POINT('',(76.,-17.25346096908,20.375));
#2000 = LINE('',#2001,#2002);
#2001 = CARTESIAN_POINT('',(76.,-17.25346096908,20.375));
#2002 = VECTOR('',#2003,1.);
#2003 = DIRECTION('',(0.,-0.5,-0.866025403784));
#2004 = ORIENTED_EDGE('',*,*,#2005,.F.);
#2005 = EDGE_CURVE('',#1966,#1998,#2006,.T.);
#2006 = LINE('',#2007,#2008);
#2007 = CARTESIAN_POINT('',(76.,-13.09653903091,20.375));
#2008 = VECTOR('',#2009,1.);
#2009 = DIRECTION('',(0.,-1.,0.));
#2010 = FACE_BOUND('',#2011,.F.);
#2011 = EDGE_LOOP('',(#2012,#2022,#2030,#2038,#2046,#2054));
#2012 = ORIENTED_EDGE('',*,*,#2013,.F.);
#2013 = EDGE_CURVE('',#2014,#2016,#2018,.T.);
#2014 = VERTEX_POINT('',#2015);
#2015 = CARTESIAN_POINT('',(76.,-11.01807806183,39.225));
#2016 = VERTEX_POINT('',#2017);
#2017 = CARTESIAN_POINT('',(76.,-13.09653903091,42.825));
#2018 = LINE('',#2019,#2020);
#2019 = CARTESIAN_POINT('',(76.,-11.01807806183,39.225));
#2020 = VECTOR('',#2021,1.);
#2021 = DIRECTION('',(0.,-0.5,0.866025403784));
#2022 = ORIENTED_EDGE('',*,*,#2023,.F.);
#2023 = EDGE_CURVE('',#2024,#2014,#2026,.T.);
#2024 = VERTEX_POINT('',#2025);
#2025 = CARTESIAN_POINT('',(76.,-13.09653903091,35.625));
#2026 = LINE('',#2027,#2028);
#2027 = CARTESIAN_POINT('',(76.,-13.09653903091,35.625));
#2028 = VECTOR('',#2029,1.);
#2029 = DIRECTION('',(0.,0.5,0.866025403784));
#2030 = ORIENTED_EDGE('',*,*,#2031,.F.);
#2031 = EDGE_CURVE('',#2032,#2024,#2034,.T.);
#2032 = VERTEX_POINT('',#2033);
#2033 = CARTESIAN_POINT('',(76.,-17.25346096908,35.625));
#2034 = LINE('',#2035,#2036);
#2035 = CARTESIAN_POINT('',(76.,-17.25346096908,35.625));
#2036 = VECTOR('',#2037,1.);
#2037 = DIRECTION('',(0.,1.,0.));
#2038 = ORIENTED_EDGE('',*,*,#2039,.F.);
#2039 = EDGE_CURVE('',#2040,#2032,#2042,.T.);
#2040 = VERTEX_POINT('',#2041);
#2041 = CARTESIAN_POINT('',(76.,-19.33192193816,39.225));
#2042 = LINE('',#2043,#2044);
#2043 = CARTESIAN_POINT('',(76.,-19.33192193816,39.225));
#2044 = VECTOR('',#2045,1.);
#2045 = DIRECTION('',(0.,0.5,-0.866025403784));
#2046 = ORIENTED_EDGE('',*,*,#2047,.F.);
#2047 = EDGE_CURVE('',#2048,#2040,#2050,.T.);
#2048 = VERTEX_POINT('',#2049);
#2049 = CARTESIAN_POINT('',(76.,-17.25346096908,42.825));
#2050 = LINE('',#2051,#2052);
#2051 = CARTESIAN_POINT('',(76.,-17.25346096908,42.825));
#2052 = VECTOR('',#2053,1.);
#2053 = DIRECTION('',(0.,-0.5,-0.866025403784));
#2054 = ORIENTED_EDGE('',*,*,#2055,.F.);
#2055 = EDGE_CURVE('',#2016,#2048,#2056,.T.);
#2056 = LINE('',#2057,#2058);
#2057 = CARTESIAN_POINT('',(76.,-13.09653903091,42.825));
#2058 = VECTOR('',#2059,1.);
#2059 = DIRECTION('',(0.,-1.,0.));
#2060 = PLANE('',#2061);
#2061 = AXIS2_PLACEMENT_3D('',#2062,#2063,#2064);
#2062 = CARTESIAN_POINT('',(76.,-22.255,10.125));
#2063 = DIRECTION('',(1.,0.,-0.));
#2064 = DIRECTION('',(0.,0.,1.));
#2065 = ADVANCED_FACE('',(#2066,#2116),#2119,.F.);
#2066 = FACE_BOUND('',#2067,.F.);
#2067 = EDGE_LOOP('',(#2068,#2078,#2086,#2094,#2102,#2110));
#2068 = ORIENTED_EDGE('',*,*,#2069,.T.);
#2069 = EDGE_CURVE('',#2070,#2072,#2074,.T.);
#2070 = VERTEX_POINT('',#2071);
#2071 = CARTESIAN_POINT('',(79.2,19.331921938165,16.775));
#2072 = VERTEX_POINT('',#2073);
#2073 = CARTESIAN_POINT('',(79.2,17.253460969083,20.375));
#2074 = LINE('',#2075,#2076);
#2075 = CARTESIAN_POINT('',(79.2,19.331921938165,16.775));
#2076 = VECTOR('',#2077,1.);
#2077 = DIRECTION('',(0.,-0.5,0.866025403784));
#2078 = ORIENTED_EDGE('',*,*,#2079,.T.);
#2079 = EDGE_CURVE('',#2072,#2080,#2082,.T.);
#2080 = VERTEX_POINT('',#2081);
#2081 = CARTESIAN_POINT('',(79.2,13.096539030917,20.375));
#2082 = LINE('',#2083,#2084);
#2083 = CARTESIAN_POINT('',(79.2,17.253460969083,20.375));
#2084 = VECTOR('',#2085,1.);
#2085 = DIRECTION('',(0.,-1.,0.));
#2086 = ORIENTED_EDGE('',*,*,#2087,.T.);
#2087 = EDGE_CURVE('',#2080,#2088,#2090,.T.);
#2088 = VERTEX_POINT('',#2089);
#2089 = CARTESIAN_POINT('',(79.2,11.018078061835,16.775));
#2090 = LINE('',#2091,#2092);
#2091 = CARTESIAN_POINT('',(79.2,13.096539030917,20.375));
#2092 = VECTOR('',#2093,1.);
#2093 = DIRECTION('',(0.,-0.5,-0.866025403784));
#2094 = ORIENTED_EDGE('',*,*,#2095,.T.);
#2095 = EDGE_CURVE('',#2088,#2096,#2098,.T.);
#2096 = VERTEX_POINT('',#2097);
#2097 = CARTESIAN_POINT('',(79.2,13.096539030917,13.175));
#2098 = LINE('',#2099,#2100);
#2099 = CARTESIAN_POINT('',(79.2,11.018078061835,16.775));
#2100 = VECTOR('',#2101,1.);
#2101 = DIRECTION('',(0.,0.5,-0.866025403784));
#2102 = ORIENTED_EDGE('',*,*,#2103,.T.);
#2103 = EDGE_CURVE('',#2096,#2104,#2106,.T.);
#2104 = VERTEX_POINT('',#2105);
#2105 = CARTESIAN_POINT('',(79.2,17.253460969083,13.175));
#2106 = LINE('',#2107,#2108);
#2107 = CARTESIAN_POINT('',(79.2,13.096539030917,13.175));
#2108 = VECTOR('',#2109,1.);
#2109 = DIRECTION('',(0.,1.,0.));
#2110 = ORIENTED_EDGE('',*,*,#2111,.T.);
#2111 = EDGE_CURVE('',#2104,#2070,#2112,.T.);
#2112 = LINE('',#2113,#2114);
#2113 = CARTESIAN_POINT('',(79.2,17.253460969083,13.175));
#2114 = VECTOR('',#2115,1.);
#2115 = DIRECTION('',(0.,0.5,0.866025403784));
#2116 = FACE_BOUND('',#2117,.F.);
#2117 = EDGE_LOOP('',(#2118));
#2118 = ORIENTED_EDGE('',*,*,#1161,.F.);
#2119 = PLANE('',#2120);
#2120 = AXIS2_PLACEMENT_3D('',#2121,#2122,#2123);
#2121 = CARTESIAN_POINT('',(79.2,15.175,16.775));
#2122 = DIRECTION('',(1.,0.,0.));
#2123 = DIRECTION('',(-0.,0.,1.));
#2124 = ADVANCED_FACE('',(#2125,#2175),#2178,.T.);
#2125 = FACE_BOUND('',#2126,.T.);
#2126 = EDGE_LOOP('',(#2127,#2137,#2145,#2153,#2161,#2169));
#2127 = ORIENTED_EDGE('',*,*,#2128,.T.);
#2128 = EDGE_CURVE('',#2129,#2131,#2133,.T.);
#2129 = VERTEX_POINT('',#2130);
#2130 = CARTESIAN_POINT('',(-79.2,19.331921938165,39.225));
#2131 = VERTEX_POINT('',#2132);
#2132 = CARTESIAN_POINT('',(-79.2,17.253460969083,42.825));
#2133 = LINE('',#2134,#2135);
#2134 = CARTESIAN_POINT('',(-79.2,19.331921938165,39.225));
#2135 = VECTOR('',#2136,1.);
#2136 = DIRECTION('',(0.,-0.5,0.866025403784));
#2137 = ORIENTED_EDGE('',*,*,#2138,.T.);
#2138 = EDGE_CURVE('',#2131,#2139,#2141,.T.);
#2139 = VERTEX_POINT('',#2140);
#2140 = CARTESIAN_POINT('',(-79.2,13.096539030917,42.825));
#2141 = LINE('',#2142,#2143);
#2142 = CARTESIAN_POINT('',(-79.2,17.253460969083,42.825));
#2143 = VECTOR('',#2144,1.);
#2144 = DIRECTION('',(0.,-1.,0.));
#2145 = ORIENTED_EDGE('',*,*,#2146,.T.);
#2146 = EDGE_CURVE('',#2139,#2147,#2149,.T.);
#2147 = VERTEX_POINT('',#2148);
#2148 = CARTESIAN_POINT('',(-79.2,11.018078061835,39.225));
#2149 = LINE('',#2150,#2151);
#2150 = CARTESIAN_POINT('',(-79.2,13.096539030917,42.825));
#2151 = VECTOR('',#2152,1.);
#2152 = DIRECTION('',(0.,-0.5,-0.866025403784));
#2153 = ORIENTED_EDGE('',*,*,#2154,.T.);
#2154 = EDGE_CURVE('',#2147,#2155,#2157,.T.);
#2155 = VERTEX_POINT('',#2156);
#2156 = CARTESIAN_POINT('',(-79.2,13.096539030917,35.625));
#2157 = LINE('',#2158,#2159);
#2158 = CARTESIAN_POINT('',(-79.2,11.018078061835,39.225));
#2159 = VECTOR('',#2160,1.);
#2160 = DIRECTION('',(0.,0.5,-0.866025403784));
#2161 = ORIENTED_EDGE('',*,*,#2162,.T.);
#2162 = EDGE_CURVE('',#2155,#2163,#2165,.T.);
#2163 = VERTEX_POINT('',#2164);
#2164 = CARTESIAN_POINT('',(-79.2,17.253460969083,35.625));
#2165 = LINE('',#2166,#2167);
#2166 = CARTESIAN_POINT('',(-79.2,13.096539030917,35.625));
#2167 = VECTOR('',#2168,1.);
#2168 = DIRECTION('',(0.,1.,0.));
#2169 = ORIENTED_EDGE('',*,*,#2170,.T.);
#2170 = EDGE_CURVE('',#2163,#2129,#2171,.T.);
#2171 = LINE('',#2172,#2173);
#2172 = CARTESIAN_POINT('',(-79.2,17.253460969083,35.625));
#2173 = VECTOR('',#2174,1.);
#2174 = DIRECTION('',(0.,0.5,0.866025403784));
#2175 = FACE_BOUND('',#2176,.T.);
#2176 = EDGE_LOOP('',(#2177));
#2177 = ORIENTED_EDGE('',*,*,#1334,.T.);
#2178 = PLANE('',#2179);
#2179 = AXIS2_PLACEMENT_3D('',#2180,#2181,#2182);
#2180 = CARTESIAN_POINT('',(-79.2,15.175,39.225));
#2181 = DIRECTION('',(1.,0.,0.));
#2182 = DIRECTION('',(-0.,0.,1.));
#2183 = ADVANCED_FACE('',(#2184,#2234),#2237,.T.);
#2184 = FACE_BOUND('',#2185,.T.);
#2185 = EDGE_LOOP('',(#2186,#2196,#2204,#2212,#2220,#2228));
#2186 = ORIENTED_EDGE('',*,*,#2187,.T.);
#2187 = EDGE_CURVE('',#2188,#2190,#2192,.T.);
#2188 = VERTEX_POINT('',#2189);
#2189 = CARTESIAN_POINT('',(-79.2,-11.01807806183,39.225));
#2190 = VERTEX_POINT('',#2191);
#2191 = CARTESIAN_POINT('',(-79.2,-13.09653903091,42.825));
#2192 = LINE('',#2193,#2194);
#2193 = CARTESIAN_POINT('',(-79.2,-11.01807806183,39.225));
#2194 = VECTOR('',#2195,1.);
#2195 = DIRECTION('',(0.,-0.5,0.866025403784));
#2196 = ORIENTED_EDGE('',*,*,#2197,.T.);
#2197 = EDGE_CURVE('',#2190,#2198,#2200,.T.);
#2198 = VERTEX_POINT('',#2199);
#2199 = CARTESIAN_POINT('',(-79.2,-17.25346096908,42.825));
#2200 = LINE('',#2201,#2202);
#2201 = CARTESIAN_POINT('',(-79.2,-13.09653903091,42.825));
#2202 = VECTOR('',#2203,1.);
#2203 = DIRECTION('',(0.,-1.,0.));
#2204 = ORIENTED_EDGE('',*,*,#2205,.T.);
#2205 = EDGE_CURVE('',#2198,#2206,#2208,.T.);
#2206 = VERTEX_POINT('',#2207);
#2207 = CARTESIAN_POINT('',(-79.2,-19.33192193816,39.225));
#2208 = LINE('',#2209,#2210);
#2209 = CARTESIAN_POINT('',(-79.2,-17.25346096908,42.825));
#2210 = VECTOR('',#2211,1.);
#2211 = DIRECTION('',(0.,-0.5,-0.866025403784));
#2212 = ORIENTED_EDGE('',*,*,#2213,.T.);
#2213 = EDGE_CURVE('',#2206,#2214,#2216,.T.);
#2214 = VERTEX_POINT('',#2215);
#2215 = CARTESIAN_POINT('',(-79.2,-17.25346096908,35.625));
#2216 = LINE('',#2217,#2218);
#2217 = CARTESIAN_POINT('',(-79.2,-19.33192193816,39.225));
#2218 = VECTOR('',#2219,1.);
#2219 = DIRECTION('',(0.,0.5,-0.866025403784));
#2220 = ORIENTED_EDGE('',*,*,#2221,.T.);
#2221 = EDGE_CURVE('',#2214,#2222,#2224,.T.);
#2222 = VERTEX_POINT('',#2223);
#2223 = CARTESIAN_POINT('',(-79.2,-13.09653903091,35.625));
#2224 = LINE('',#2225,#2226);
#2225 = CARTESIAN_POINT('',(-79.2,-17.25346096908,35.625));
#2226 = VECTOR('',#2227,1.);
#2227 = DIRECTION('',(0.,1.,0.));
#2228 = ORIENTED_EDGE('',*,*,#2229,.T.);
#2229 = EDGE_CURVE('',#2222,#2188,#2230,.T.);
#2230 = LINE('',#2231,#2232);
#2231 = CARTESIAN_POINT('',(-79.2,-13.09653903091,35.625));
#2232 = VECTOR('',#2233,1.);
#2233 = DIRECTION('',(0.,0.5,0.866025403784));
#2234 = FACE_BOUND('',#2235,.T.);
#2235 = EDGE_LOOP('',(#2236));
#2236 = ORIENTED_EDGE('',*,*,#1359,.T.);
#2237 = PLANE('',#2238);
#2238 = AXIS2_PLACEMENT_3D('',#2239,#2240,#2241);
#2239 = CARTESIAN_POINT('',(-79.2,-15.175,39.225));
#2240 = DIRECTION('',(1.,0.,0.));
#2241 = DIRECTION('',(-0.,0.,1.));
#2242 = ADVANCED_FACE('',(#2243,#2293),#2296,.T.);
#2243 = FACE_BOUND('',#2244,.T.);
#2244 = EDGE_LOOP('',(#2245,#2255,#2263,#2271,#2279,#2287));
#2245 = ORIENTED_EDGE('',*,*,#2246,.T.);
#2246 = EDGE_CURVE('',#2247,#2249,#2251,.T.);
#2247 = VERTEX_POINT('',#2248);
#2248 = CARTESIAN_POINT('',(-79.2,19.331921938165,16.775));
#2249 = VERTEX_POINT('',#2250);
#2250 = CARTESIAN_POINT('',(-79.2,17.253460969083,20.375));
#2251 = LINE('',#2252,#2253);
#2252 = CARTESIAN_POINT('',(-79.2,19.331921938165,16.775));
#2253 = VECTOR('',#2254,1.);
#2254 = DIRECTION('',(0.,-0.5,0.866025403784));
#2255 = ORIENTED_EDGE('',*,*,#2256,.T.);
#2256 = EDGE_CURVE('',#2249,#2257,#2259,.T.);
#2257 = VERTEX_POINT('',#2258);
#2258 = CARTESIAN_POINT('',(-79.2,13.096539030917,20.375));
#2259 = LINE('',#2260,#2261);
#2260 = CARTESIAN_POINT('',(-79.2,17.253460969083,20.375));
#2261 = VECTOR('',#2262,1.);
#2262 = DIRECTION('',(0.,-1.,0.));
#2263 = ORIENTED_EDGE('',*,*,#2264,.T.);
#2264 = EDGE_CURVE('',#2257,#2265,#2267,.T.);
#2265 = VERTEX_POINT('',#2266);
#2266 = CARTESIAN_POINT('',(-79.2,11.018078061835,16.775));
#2267 = LINE('',#2268,#2269);
#2268 = CARTESIAN_POINT('',(-79.2,13.096539030917,20.375));
#2269 = VECTOR('',#2270,1.);
#2270 = DIRECTION('',(0.,-0.5,-0.866025403784));
#2271 = ORIENTED_EDGE('',*,*,#2272,.T.);
#2272 = EDGE_CURVE('',#2265,#2273,#2275,.T.);
#2273 = VERTEX_POINT('',#2274);
#2274 = CARTESIAN_POINT('',(-79.2,13.096539030917,13.175));
#2275 = LINE('',#2276,#2277);
#2276 = CARTESIAN_POINT('',(-79.2,11.018078061835,16.775));
#2277 = VECTOR('',#2278,1.);
#2278 = DIRECTION('',(0.,0.5,-0.866025403784));
#2279 = ORIENTED_EDGE('',*,*,#2280,.T.);
#2280 = EDGE_CURVE('',#2273,#2281,#2283,.T.);
#2281 = VERTEX_POINT('',#2282);
#2282 = CARTESIAN_POINT('',(-79.2,17.253460969083,13.175));
#2283 = LINE('',#2284,#2285);
#2284 = CARTESIAN_POINT('',(-79.2,13.096539030917,13.175));
#2285 = VECTOR('',#2286,1.);
#2286 = DIRECTION('',(0.,1.,0.));
#2287 = ORIENTED_EDGE('',*,*,#2288,.T.);
#2288 = EDGE_CURVE('',#2281,#2247,#2289,.T.);
#2289 = LINE('',#2290,#2291);
#2290 = CARTESIAN_POINT('',(-79.2,17.253460969083,13.175));
#2291 = VECTOR('',#2292,1.);
#2292 = DIRECTION('',(0.,0.5,0.866025403784));
#2293 = FACE_BOUND('',#2294,.T.);
#2294 = EDGE_LOOP('',(#2295));
#2295 = ORIENTED_EDGE('',*,*,#1384,.T.);
#2296 = PLANE('',#2297);
#2297 = AXIS2_PLACEMENT_3D('',#2298,#2299,#2300);
#2298 = CARTESIAN_POINT('',(-79.2,15.175,16.775));
#2299 = DIRECTION('',(1.,0.,0.));
#2300 = DIRECTION('',(-0.,0.,1.));
#2301 = ADVANCED_FACE('',(#2302,#2308,#2358,#2361,#2411,#2461),#2511,.T.
  );
#2302 = FACE_BOUND('',#2303,.T.);
#2303 = EDGE_LOOP('',(#2304,#2305,#2306,#2307));
#2304 = ORIENTED_EDGE('',*,*,#1549,.F.);
#2305 = ORIENTED_EDGE('',*,*,#1476,.T.);
#2306 = ORIENTED_EDGE('',*,*,#1508,.T.);
#2307 = ORIENTED_EDGE('',*,*,#1531,.F.);
#2308 = FACE_BOUND('',#2309,.T.);
#2309 = EDGE_LOOP('',(#2310,#2320,#2328,#2336,#2344,#2352));
#2310 = ORIENTED_EDGE('',*,*,#2311,.F.);
#2311 = EDGE_CURVE('',#2312,#2314,#2316,.T.);
#2312 = VERTEX_POINT('',#2313);
#2313 = CARTESIAN_POINT('',(-76.,19.331921938165,16.775));
#2314 = VERTEX_POINT('',#2315);
#2315 = CARTESIAN_POINT('',(-76.,17.253460969083,20.375));
#2316 = LINE('',#2317,#2318);
#2317 = CARTESIAN_POINT('',(-76.,19.331921938165,16.775));
#2318 = VECTOR('',#2319,1.);
#2319 = DIRECTION('',(0.,-0.5,0.866025403784));
#2320 = ORIENTED_EDGE('',*,*,#2321,.F.);
#2321 = EDGE_CURVE('',#2322,#2312,#2324,.T.);
#2322 = VERTEX_POINT('',#2323);
#2323 = CARTESIAN_POINT('',(-76.,17.253460969083,13.175));
#2324 = LINE('',#2325,#2326);
#2325 = CARTESIAN_POINT('',(-76.,17.253460969083,13.175));
#2326 = VECTOR('',#2327,1.);
#2327 = DIRECTION('',(0.,0.5,0.866025403784));
#2328 = ORIENTED_EDGE('',*,*,#2329,.F.);
#2329 = EDGE_CURVE('',#2330,#2322,#2332,.T.);
#2330 = VERTEX_POINT('',#2331);
#2331 = CARTESIAN_POINT('',(-76.,13.096539030917,13.175));
#2332 = LINE('',#2333,#2334);
#2333 = CARTESIAN_POINT('',(-76.,13.096539030917,13.175));
#2334 = VECTOR('',#2335,1.);
#2335 = DIRECTION('',(0.,1.,0.));
#2336 = ORIENTED_EDGE('',*,*,#2337,.F.);
#2337 = EDGE_CURVE('',#2338,#2330,#2340,.T.);
#2338 = VERTEX_POINT('',#2339);
#2339 = CARTESIAN_POINT('',(-76.,11.018078061835,16.775));
#2340 = LINE('',#2341,#2342);
#2341 = CARTESIAN_POINT('',(-76.,11.018078061835,16.775));
#2342 = VECTOR('',#2343,1.);
#2343 = DIRECTION('',(0.,0.5,-0.866025403784));
#2344 = ORIENTED_EDGE('',*,*,#2345,.F.);
#2345 = EDGE_CURVE('',#2346,#2338,#2348,.T.);
#2346 = VERTEX_POINT('',#2347);
#2347 = CARTESIAN_POINT('',(-76.,13.096539030917,20.375));
#2348 = LINE('',#2349,#2350);
#2349 = CARTESIAN_POINT('',(-76.,13.096539030917,20.375));
#2350 = VECTOR('',#2351,1.);
#2351 = DIRECTION('',(0.,-0.5,-0.866025403784));
#2352 = ORIENTED_EDGE('',*,*,#2353,.F.);
#2353 = EDGE_CURVE('',#2314,#2346,#2354,.T.);
#2354 = LINE('',#2355,#2356);
#2355 = CARTESIAN_POINT('',(-76.,17.253460969083,20.375));
#2356 = VECTOR('',#2357,1.);
#2357 = DIRECTION('',(0.,-1.,0.));
#2358 = FACE_BOUND('',#2359,.T.);
#2359 = EDGE_LOOP('',(#2360));
#2360 = ORIENTED_EDGE('',*,*,#1408,.T.);
#2361 = FACE_BOUND('',#2362,.T.);
#2362 = EDGE_LOOP('',(#2363,#2373,#2381,#2389,#2397,#2405));
#2363 = ORIENTED_EDGE('',*,*,#2364,.F.);
#2364 = EDGE_CURVE('',#2365,#2367,#2369,.T.);
#2365 = VERTEX_POINT('',#2366);
#2366 = CARTESIAN_POINT('',(-76.,19.331921938165,39.225));
#2367 = VERTEX_POINT('',#2368);
#2368 = CARTESIAN_POINT('',(-76.,17.253460969083,42.825));
#2369 = LINE('',#2370,#2371);
#2370 = CARTESIAN_POINT('',(-76.,19.331921938165,39.225));
#2371 = VECTOR('',#2372,1.);
#2372 = DIRECTION('',(0.,-0.5,0.866025403784));
#2373 = ORIENTED_EDGE('',*,*,#2374,.F.);
#2374 = EDGE_CURVE('',#2375,#2365,#2377,.T.);
#2375 = VERTEX_POINT('',#2376);
#2376 = CARTESIAN_POINT('',(-76.,17.253460969083,35.625));
#2377 = LINE('',#2378,#2379);
#2378 = CARTESIAN_POINT('',(-76.,17.253460969083,35.625));
#2379 = VECTOR('',#2380,1.);
#2380 = DIRECTION('',(0.,0.5,0.866025403784));
#2381 = ORIENTED_EDGE('',*,*,#2382,.F.);
#2382 = EDGE_CURVE('',#2383,#2375,#2385,.T.);
#2383 = VERTEX_POINT('',#2384);
#2384 = CARTESIAN_POINT('',(-76.,13.096539030917,35.625));
#2385 = LINE('',#2386,#2387);
#2386 = CARTESIAN_POINT('',(-76.,13.096539030917,35.625));
#2387 = VECTOR('',#2388,1.);
#2388 = DIRECTION('',(0.,1.,0.));
#2389 = ORIENTED_EDGE('',*,*,#2390,.F.);
#2390 = EDGE_CURVE('',#2391,#2383,#2393,.T.);
#2391 = VERTEX_POINT('',#2392);
#2392 = CARTESIAN_POINT('',(-76.,11.018078061835,39.225));
#2393 = LINE('',#2394,#2395);
#2394 = CARTESIAN_POINT('',(-76.,11.018078061835,39.225));
#2395 = VECTOR('',#2396,1.);
#2396 = DIRECTION('',(0.,0.5,-0.866025403784));
#2397 = ORIENTED_EDGE('',*,*,#2398,.F.);
#2398 = EDGE_CURVE('',#2399,#2391,#2401,.T.);
#2399 = VERTEX_POINT('',#2400);
#2400 = CARTESIAN_POINT('',(-76.,13.096539030917,42.825));
#2401 = LINE('',#2402,#2403);
#2402 = CARTESIAN_POINT('',(-76.,13.096539030917,42.825));
#2403 = VECTOR('',#2404,1.);
#2404 = DIRECTION('',(0.,-0.5,-0.866025403784));
#2405 = ORIENTED_EDGE('',*,*,#2406,.F.);
#2406 = EDGE_CURVE('',#2367,#2399,#2407,.T.);
#2407 = LINE('',#2408,#2409);
#2408 = CARTESIAN_POINT('',(-76.,17.253460969083,42.825));
#2409 = VECTOR('',#2410,1.);
#2410 = DIRECTION('',(0.,-1.,0.));
#2411 = FACE_BOUND('',#2412,.T.);
#2412 = EDGE_LOOP('',(#2413,#2423,#2431,#2439,#2447,#2455));
#2413 = ORIENTED_EDGE('',*,*,#2414,.F.);
#2414 = EDGE_CURVE('',#2415,#2417,#2419,.T.);
#2415 = VERTEX_POINT('',#2416);
#2416 = CARTESIAN_POINT('',(-76.,-11.01807806183,16.775));
#2417 = VERTEX_POINT('',#2418);
#2418 = CARTESIAN_POINT('',(-76.,-13.09653903091,20.375));
#2419 = LINE('',#2420,#2421);
#2420 = CARTESIAN_POINT('',(-76.,-11.01807806183,16.775));
#2421 = VECTOR('',#2422,1.);
#2422 = DIRECTION('',(0.,-0.5,0.866025403784));
#2423 = ORIENTED_EDGE('',*,*,#2424,.F.);
#2424 = EDGE_CURVE('',#2425,#2415,#2427,.T.);
#2425 = VERTEX_POINT('',#2426);
#2426 = CARTESIAN_POINT('',(-76.,-13.09653903091,13.175));
#2427 = LINE('',#2428,#2429);
#2428 = CARTESIAN_POINT('',(-76.,-13.09653903091,13.175));
#2429 = VECTOR('',#2430,1.);
#2430 = DIRECTION('',(0.,0.5,0.866025403784));
#2431 = ORIENTED_EDGE('',*,*,#2432,.F.);
#2432 = EDGE_CURVE('',#2433,#2425,#2435,.T.);
#2433 = VERTEX_POINT('',#2434);
#2434 = CARTESIAN_POINT('',(-76.,-17.25346096908,13.175));
#2435 = LINE('',#2436,#2437);
#2436 = CARTESIAN_POINT('',(-76.,-17.25346096908,13.175));
#2437 = VECTOR('',#2438,1.);
#2438 = DIRECTION('',(0.,1.,0.));
#2439 = ORIENTED_EDGE('',*,*,#2440,.F.);
#2440 = EDGE_CURVE('',#2441,#2433,#2443,.T.);
#2441 = VERTEX_POINT('',#2442);
#2442 = CARTESIAN_POINT('',(-76.,-19.33192193816,16.775));
#2443 = LINE('',#2444,#2445);
#2444 = CARTESIAN_POINT('',(-76.,-19.33192193816,16.775));
#2445 = VECTOR('',#2446,1.);
#2446 = DIRECTION('',(0.,0.5,-0.866025403784));
#2447 = ORIENTED_EDGE('',*,*,#2448,.F.);
#2448 = EDGE_CURVE('',#2449,#2441,#2451,.T.);
#2449 = VERTEX_POINT('',#2450);
#2450 = CARTESIAN_POINT('',(-76.,-17.25346096908,20.375));
#2451 = LINE('',#2452,#2453);
#2452 = CARTESIAN_POINT('',(-76.,-17.25346096908,20.375));
#2453 = VECTOR('',#2454,1.);
#2454 = DIRECTION('',(0.,-0.5,-0.866025403784));
#2455 = ORIENTED_EDGE('',*,*,#2456,.F.);
#2456 = EDGE_CURVE('',#2417,#2449,#2457,.T.);
#2457 = LINE('',#2458,#2459);
#2458 = CARTESIAN_POINT('',(-76.,-13.09653903091,20.375));
#2459 = VECTOR('',#2460,1.);
#2460 = DIRECTION('',(0.,-1.,0.));
#2461 = FACE_BOUND('',#2462,.T.);
#2462 = EDGE_LOOP('',(#2463,#2473,#2481,#2489,#2497,#2505));
#2463 = ORIENTED_EDGE('',*,*,#2464,.F.);
#2464 = EDGE_CURVE('',#2465,#2467,#2469,.T.);
#2465 = VERTEX_POINT('',#2466);
#2466 = CARTESIAN_POINT('',(-76.,-11.01807806183,39.225));
#2467 = VERTEX_POINT('',#2468);
#2468 = CARTESIAN_POINT('',(-76.,-13.09653903091,42.825));
#2469 = LINE('',#2470,#2471);
#2470 = CARTESIAN_POINT('',(-76.,-11.01807806183,39.225));
#2471 = VECTOR('',#2472,1.);
#2472 = DIRECTION('',(0.,-0.5,0.866025403784));
#2473 = ORIENTED_EDGE('',*,*,#2474,.F.);
#2474 = EDGE_CURVE('',#2475,#2465,#2477,.T.);
#2475 = VERTEX_POINT('',#2476);
#2476 = CARTESIAN_POINT('',(-76.,-13.09653903091,35.625));
#2477 = LINE('',#2478,#2479);
#2478 = CARTESIAN_POINT('',(-76.,-13.09653903091,35.625));
#2479 = VECTOR('',#2480,1.);
#2480 = DIRECTION('',(0.,0.5,0.866025403784));
#2481 = ORIENTED_EDGE('',*,*,#2482,.F.);
#2482 = EDGE_CURVE('',#2483,#2475,#2485,.T.);
#2483 = VERTEX_POINT('',#2484);
#2484 = CARTESIAN_POINT('',(-76.,-17.25346096908,35.625));
#2485 = LINE('',#2486,#2487);
#2486 = CARTESIAN_POINT('',(-76.,-17.25346096908,35.625));
#2487 = VECTOR('',#2488,1.);
#2488 = DIRECTION('',(0.,1.,0.));
#2489 = ORIENTED_EDGE('',*,*,#2490,.F.);
#2490 = EDGE_CURVE('',#2491,#2483,#2493,.T.);
#2491 = VERTEX_POINT('',#2492);
#2492 = CARTESIAN_POINT('',(-76.,-19.33192193816,39.225));
#2493 = LINE('',#2494,#2495);
#2494 = CARTESIAN_POINT('',(-76.,-19.33192193816,39.225));
#2495 = VECTOR('',#2496,1.);
#2496 = DIRECTION('',(0.,0.5,-0.866025403784));
#2497 = ORIENTED_EDGE('',*,*,#2498,.F.);
#2498 = EDGE_CURVE('',#2499,#2491,#2501,.T.);
#2499 = VERTEX_POINT('',#2500);
#2500 = CARTESIAN_POINT('',(-76.,-17.25346096908,42.825));
#2501 = LINE('',#2502,#2503);
#2502 = CARTESIAN_POINT('',(-76.,-17.25346096908,42.825));
#2503 = VECTOR('',#2504,1.);
#2504 = DIRECTION('',(0.,-0.5,-0.866025403784));
#2505 = ORIENTED_EDGE('',*,*,#2506,.F.);
#2506 = EDGE_CURVE('',#2467,#2499,#2507,.T.);
#2507 = LINE('',#2508,#2509);
#2508 = CARTESIAN_POINT('',(-76.,-13.09653903091,42.825));
#2509 = VECTOR('',#2510,1.);
#2510 = DIRECTION('',(0.,-1.,0.));
#2511 = PLANE('',#2512);
#2512 = AXIS2_PLACEMENT_3D('',#2513,#2514,#2515);
#2513 = CARTESIAN_POINT('',(-76.,-22.255,10.125));
#2514 = DIRECTION('',(1.,0.,-0.));
#2515 = DIRECTION('',(0.,0.,1.));
#2516 = ADVANCED_FACE('',(#2517,#2567),#2570,.T.);
#2517 = FACE_BOUND('',#2518,.T.);
#2518 = EDGE_LOOP('',(#2519,#2529,#2537,#2545,#2553,#2561));
#2519 = ORIENTED_EDGE('',*,*,#2520,.T.);
#2520 = EDGE_CURVE('',#2521,#2523,#2525,.T.);
#2521 = VERTEX_POINT('',#2522);
#2522 = CARTESIAN_POINT('',(-79.2,-11.01807806183,16.775));
#2523 = VERTEX_POINT('',#2524);
#2524 = CARTESIAN_POINT('',(-79.2,-13.09653903091,20.375));
#2525 = LINE('',#2526,#2527);
#2526 = CARTESIAN_POINT('',(-79.2,-11.01807806183,16.775));
#2527 = VECTOR('',#2528,1.);
#2528 = DIRECTION('',(0.,-0.5,0.866025403784));
#2529 = ORIENTED_EDGE('',*,*,#2530,.T.);
#2530 = EDGE_CURVE('',#2523,#2531,#2533,.T.);
#2531 = VERTEX_POINT('',#2532);
#2532 = CARTESIAN_POINT('',(-79.2,-17.25346096908,20.375));
#2533 = LINE('',#2534,#2535);
#2534 = CARTESIAN_POINT('',(-79.2,-13.09653903091,20.375));
#2535 = VECTOR('',#2536,1.);
#2536 = DIRECTION('',(0.,-1.,0.));
#2537 = ORIENTED_EDGE('',*,*,#2538,.T.);
#2538 = EDGE_CURVE('',#2531,#2539,#2541,.T.);
#2539 = VERTEX_POINT('',#2540);
#2540 = CARTESIAN_POINT('',(-79.2,-19.33192193816,16.775));
#2541 = LINE('',#2542,#2543);
#2542 = CARTESIAN_POINT('',(-79.2,-17.25346096908,20.375));
#2543 = VECTOR('',#2544,1.);
#2544 = DIRECTION('',(0.,-0.5,-0.866025403784));
#2545 = ORIENTED_EDGE('',*,*,#2546,.T.);
#2546 = EDGE_CURVE('',#2539,#2547,#2549,.T.);
#2547 = VERTEX_POINT('',#2548);
#2548 = CARTESIAN_POINT('',(-79.2,-17.25346096908,13.175));
#2549 = LINE('',#2550,#2551);
#2550 = CARTESIAN_POINT('',(-79.2,-19.33192193816,16.775));
#2551 = VECTOR('',#2552,1.);
#2552 = DIRECTION('',(0.,0.5,-0.866025403784));
#2553 = ORIENTED_EDGE('',*,*,#2554,.T.);
#2554 = EDGE_CURVE('',#2547,#2555,#2557,.T.);
#2555 = VERTEX_POINT('',#2556);
#2556 = CARTESIAN_POINT('',(-79.2,-13.09653903091,13.175));
#2557 = LINE('',#2558,#2559);
#2558 = CARTESIAN_POINT('',(-79.2,-17.25346096908,13.175));
#2559 = VECTOR('',#2560,1.);
#2560 = DIRECTION('',(0.,1.,0.));
#2561 = ORIENTED_EDGE('',*,*,#2562,.T.);
#2562 = EDGE_CURVE('',#2555,#2521,#2563,.T.);
#2563 = LINE('',#2564,#2565);
#2564 = CARTESIAN_POINT('',(-79.2,-13.09653903091,13.175));
#2565 = VECTOR('',#2566,1.);
#2566 = DIRECTION('',(0.,0.5,0.866025403784));
#2567 = FACE_BOUND('',#2568,.T.);
#2568 = EDGE_LOOP('',(#2569));
#2569 = ORIENTED_EDGE('',*,*,#1434,.T.);
#2570 = PLANE('',#2571);
#2571 = AXIS2_PLACEMENT_3D('',#2572,#2573,#2574);
#2572 = CARTESIAN_POINT('',(-79.2,-15.175,16.775));
#2573 = DIRECTION('',(1.,0.,0.));
#2574 = DIRECTION('',(-0.,0.,1.));
#2575 = ADVANCED_FACE('',(#2576),#2595,.T.);
#2576 = FACE_BOUND('',#2577,.T.);
#2577 = EDGE_LOOP('',(#2578,#2587,#2593,#2594));
#2578 = ORIENTED_EDGE('',*,*,#2579,.F.);
#2579 = EDGE_CURVE('',#2580,#2580,#2582,.T.);
#2580 = VERTEX_POINT('',#2581);
#2581 = CARTESIAN_POINT('',(-61.5,-30.,8.));
#2582 = CIRCLE('',#2583,3.5);
#2583 = AXIS2_PLACEMENT_3D('',#2584,#2585,#2586);
#2584 = CARTESIAN_POINT('',(-65.,-30.,8.));
#2585 = DIRECTION('',(0.,0.,1.));
#2586 = DIRECTION('',(1.,0.,-0.));
#2587 = ORIENTED_EDGE('',*,*,#2588,.F.);
#2588 = EDGE_CURVE('',#238,#2580,#2589,.T.);
#2589 = LINE('',#2590,#2591);
#2590 = CARTESIAN_POINT('',(-61.5,-30.,3.));
#2591 = VECTOR('',#2592,1.);
#2592 = DIRECTION('',(0.,0.,1.));
#2593 = ORIENTED_EDGE('',*,*,#237,.T.);
#2594 = ORIENTED_EDGE('',*,*,#2588,.T.);
#2595 = CYLINDRICAL_SURFACE('',#2596,3.5);
#2596 = AXIS2_PLACEMENT_3D('',#2597,#2598,#2599);
#2597 = CARTESIAN_POINT('',(-65.,-30.,3.));
#2598 = DIRECTION('',(0.,0.,1.));
#2599 = DIRECTION('',(1.,0.,-0.));
#2600 = ADVANCED_FACE('',(#2601),#2620,.T.);
#2601 = FACE_BOUND('',#2602,.T.);
#2602 = EDGE_LOOP('',(#2603,#2612,#2618,#2619));
#2603 = ORIENTED_EDGE('',*,*,#2604,.F.);
#2604 = EDGE_CURVE('',#2605,#2605,#2607,.T.);
#2605 = VERTEX_POINT('',#2606);
#2606 = CARTESIAN_POINT('',(68.5,-30.,8.));
#2607 = CIRCLE('',#2608,3.5);
#2608 = AXIS2_PLACEMENT_3D('',#2609,#2610,#2611);
#2609 = CARTESIAN_POINT('',(65.,-30.,8.));
#2610 = DIRECTION('',(0.,0.,1.));
#2611 = DIRECTION('',(1.,0.,-0.));
#2612 = ORIENTED_EDGE('',*,*,#2613,.F.);
#2613 = EDGE_CURVE('',#260,#2605,#2614,.T.);
#2614 = LINE('',#2615,#2616);
#2615 = CARTESIAN_POINT('',(68.5,-30.,3.));
#2616 = VECTOR('',#2617,1.);
#2617 = DIRECTION('',(0.,0.,1.));
#2618 = ORIENTED_EDGE('',*,*,#259,.T.);
#2619 = ORIENTED_EDGE('',*,*,#2613,.T.);
#2620 = CYLINDRICAL_SURFACE('',#2621,3.5);
#2621 = AXIS2_PLACEMENT_3D('',#2622,#2623,#2624);
#2622 = CARTESIAN_POINT('',(65.,-30.,3.));
#2623 = DIRECTION('',(0.,0.,1.));
#2624 = DIRECTION('',(1.,0.,-0.));
#2625 = ADVANCED_FACE('',(#2626),#2645,.T.);
#2626 = FACE_BOUND('',#2627,.T.);
#2627 = EDGE_LOOP('',(#2628,#2637,#2643,#2644));
#2628 = ORIENTED_EDGE('',*,*,#2629,.F.);
#2629 = EDGE_CURVE('',#2630,#2630,#2632,.T.);
#2630 = VERTEX_POINT('',#2631);
#2631 = CARTESIAN_POINT('',(-61.5,30.,8.));
#2632 = CIRCLE('',#2633,3.5);
#2633 = AXIS2_PLACEMENT_3D('',#2634,#2635,#2636);
#2634 = CARTESIAN_POINT('',(-65.,30.,8.));
#2635 = DIRECTION('',(0.,0.,1.));
#2636 = DIRECTION('',(1.,0.,-0.));
#2637 = ORIENTED_EDGE('',*,*,#2638,.F.);
#2638 = EDGE_CURVE('',#271,#2630,#2639,.T.);
#2639 = LINE('',#2640,#2641);
#2640 = CARTESIAN_POINT('',(-61.5,30.,3.));
#2641 = VECTOR('',#2642,1.);
#2642 = DIRECTION('',(0.,0.,1.));
#2643 = ORIENTED_EDGE('',*,*,#270,.T.);
#2644 = ORIENTED_EDGE('',*,*,#2638,.T.);
#2645 = CYLINDRICAL_SURFACE('',#2646,3.5);
#2646 = AXIS2_PLACEMENT_3D('',#2647,#2648,#2649);
#2647 = CARTESIAN_POINT('',(-65.,30.,3.));
#2648 = DIRECTION('',(0.,0.,1.));
#2649 = DIRECTION('',(1.,0.,-0.));
#2650 = ADVANCED_FACE('',(#2651),#2670,.T.);
#2651 = FACE_BOUND('',#2652,.T.);
#2652 = EDGE_LOOP('',(#2653,#2662,#2668,#2669));
#2653 = ORIENTED_EDGE('',*,*,#2654,.F.);
#2654 = EDGE_CURVE('',#2655,#2655,#2657,.T.);
#2655 = VERTEX_POINT('',#2656);
#2656 = CARTESIAN_POINT('',(68.5,30.,8.));
#2657 = CIRCLE('',#2658,3.5);
#2658 = AXIS2_PLACEMENT_3D('',#2659,#2660,#2661);
#2659 = CARTESIAN_POINT('',(65.,30.,8.));
#2660 = DIRECTION('',(0.,0.,1.));
#2661 = DIRECTION('',(1.,0.,-0.));
#2662 = ORIENTED_EDGE('',*,*,#2663,.F.);
#2663 = EDGE_CURVE('',#293,#2655,#2664,.T.);
#2664 = LINE('',#2665,#2666);
#2665 = CARTESIAN_POINT('',(68.5,30.,3.));
#2666 = VECTOR('',#2667,1.);
#2667 = DIRECTION('',(0.,0.,1.));
#2668 = ORIENTED_EDGE('',*,*,#292,.T.);
#2669 = ORIENTED_EDGE('',*,*,#2663,.T.);
#2670 = CYLINDRICAL_SURFACE('',#2671,3.5);
#2671 = AXIS2_PLACEMENT_3D('',#2672,#2673,#2674);
#2672 = CARTESIAN_POINT('',(65.,30.,3.));
#2673 = DIRECTION('',(0.,0.,1.));
#2674 = DIRECTION('',(1.,0.,-0.));
#2675 = ADVANCED_FACE('',(#2676),#2692,.T.);
#2676 = FACE_BOUND('',#2677,.T.);
#2677 = EDGE_LOOP('',(#2678,#2684,#2685,#2691));
#2678 = ORIENTED_EDGE('',*,*,#2679,.T.);
#2679 = EDGE_CURVE('',#2014,#1678,#2680,.T.);
#2680 = LINE('',#2681,#2682);
#2681 = CARTESIAN_POINT('',(76.,-11.01807806183,39.225));
#2682 = VECTOR('',#2683,1.);
#2683 = DIRECTION('',(1.,0.,0.));
#2684 = ORIENTED_EDGE('',*,*,#1677,.T.);
#2685 = ORIENTED_EDGE('',*,*,#2686,.F.);
#2686 = EDGE_CURVE('',#2016,#1680,#2687,.T.);
#2687 = LINE('',#2688,#2689);
#2688 = CARTESIAN_POINT('',(76.,-13.09653903091,42.825));
#2689 = VECTOR('',#2690,1.);
#2690 = DIRECTION('',(1.,0.,0.));
#2691 = ORIENTED_EDGE('',*,*,#2013,.F.);
#2692 = PLANE('',#2693);
#2693 = AXIS2_PLACEMENT_3D('',#2694,#2695,#2696);
#2694 = CARTESIAN_POINT('',(76.,-11.01807806183,39.225));
#2695 = DIRECTION('',(0.,-0.866025403784,-0.5));
#2696 = DIRECTION('',(0.,-0.5,0.866025403784));
#2697 = ADVANCED_FACE('',(#2698),#2709,.T.);
#2698 = FACE_BOUND('',#2699,.T.);
#2699 = EDGE_LOOP('',(#2700,#2706,#2707,#2708));
#2700 = ORIENTED_EDGE('',*,*,#2701,.T.);
#2701 = EDGE_CURVE('',#2024,#1712,#2702,.T.);
#2702 = LINE('',#2703,#2704);
#2703 = CARTESIAN_POINT('',(76.,-13.09653903091,35.625));
#2704 = VECTOR('',#2705,1.);
#2705 = DIRECTION('',(1.,0.,0.));
#2706 = ORIENTED_EDGE('',*,*,#1719,.T.);
#2707 = ORIENTED_EDGE('',*,*,#2679,.F.);
#2708 = ORIENTED_EDGE('',*,*,#2023,.F.);
#2709 = PLANE('',#2710);
#2710 = AXIS2_PLACEMENT_3D('',#2711,#2712,#2713);
#2711 = CARTESIAN_POINT('',(76.,-13.09653903091,35.625));
#2712 = DIRECTION('',(0.,-0.866025403784,0.5));
#2713 = DIRECTION('',(0.,0.5,0.866025403784));
#2714 = ADVANCED_FACE('',(#2715),#2726,.T.);
#2715 = FACE_BOUND('',#2716,.T.);
#2716 = EDGE_LOOP('',(#2717,#2718,#2719,#2725));
#2717 = ORIENTED_EDGE('',*,*,#2686,.T.);
#2718 = ORIENTED_EDGE('',*,*,#1687,.T.);
#2719 = ORIENTED_EDGE('',*,*,#2720,.F.);
#2720 = EDGE_CURVE('',#2048,#1688,#2721,.T.);
#2721 = LINE('',#2722,#2723);
#2722 = CARTESIAN_POINT('',(76.,-17.25346096908,42.825));
#2723 = VECTOR('',#2724,1.);
#2724 = DIRECTION('',(1.,0.,0.));
#2725 = ORIENTED_EDGE('',*,*,#2055,.F.);
#2726 = PLANE('',#2727);
#2727 = AXIS2_PLACEMENT_3D('',#2728,#2729,#2730);
#2728 = CARTESIAN_POINT('',(76.,-13.09653903091,42.825));
#2729 = DIRECTION('',(0.,0.,-1.));
#2730 = DIRECTION('',(0.,-1.,0.));
#2731 = ADVANCED_FACE('',(#2732),#2743,.T.);
#2732 = FACE_BOUND('',#2733,.T.);
#2733 = EDGE_LOOP('',(#2734,#2740,#2741,#2742));
#2734 = ORIENTED_EDGE('',*,*,#2735,.T.);
#2735 = EDGE_CURVE('',#2032,#1704,#2736,.T.);
#2736 = LINE('',#2737,#2738);
#2737 = CARTESIAN_POINT('',(76.,-17.25346096908,35.625));
#2738 = VECTOR('',#2739,1.);
#2739 = DIRECTION('',(1.,0.,0.));
#2740 = ORIENTED_EDGE('',*,*,#1711,.T.);
#2741 = ORIENTED_EDGE('',*,*,#2701,.F.);
#2742 = ORIENTED_EDGE('',*,*,#2031,.F.);
#2743 = PLANE('',#2744);
#2744 = AXIS2_PLACEMENT_3D('',#2745,#2746,#2747);
#2745 = CARTESIAN_POINT('',(76.,-17.25346096908,35.625));
#2746 = DIRECTION('',(0.,0.,1.));
#2747 = DIRECTION('',(0.,1.,0.));
#2748 = ADVANCED_FACE('',(#2749),#2760,.T.);
#2749 = FACE_BOUND('',#2750,.T.);
#2750 = EDGE_LOOP('',(#2751,#2752,#2753,#2759));
#2751 = ORIENTED_EDGE('',*,*,#2720,.T.);
#2752 = ORIENTED_EDGE('',*,*,#1695,.T.);
#2753 = ORIENTED_EDGE('',*,*,#2754,.F.);
#2754 = EDGE_CURVE('',#2040,#1696,#2755,.T.);
#2755 = LINE('',#2756,#2757);
#2756 = CARTESIAN_POINT('',(76.,-19.33192193816,39.225));
#2757 = VECTOR('',#2758,1.);
#2758 = DIRECTION('',(1.,0.,0.));
#2759 = ORIENTED_EDGE('',*,*,#2047,.F.);
#2760 = PLANE('',#2761);
#2761 = AXIS2_PLACEMENT_3D('',#2762,#2763,#2764);
#2762 = CARTESIAN_POINT('',(76.,-17.25346096908,42.825));
#2763 = DIRECTION('',(0.,0.866025403784,-0.5));
#2764 = DIRECTION('',(0.,-0.5,-0.866025403784));
#2765 = ADVANCED_FACE('',(#2766),#2772,.T.);
#2766 = FACE_BOUND('',#2767,.T.);
#2767 = EDGE_LOOP('',(#2768,#2769,#2770,#2771));
#2768 = ORIENTED_EDGE('',*,*,#2754,.T.);
#2769 = ORIENTED_EDGE('',*,*,#1703,.T.);
#2770 = ORIENTED_EDGE('',*,*,#2735,.F.);
#2771 = ORIENTED_EDGE('',*,*,#2039,.F.);
#2772 = PLANE('',#2773);
#2773 = AXIS2_PLACEMENT_3D('',#2774,#2775,#2776);
#2774 = CARTESIAN_POINT('',(76.,-19.33192193816,39.225));
#2775 = DIRECTION('',(-0.,0.866025403784,0.5));
#2776 = DIRECTION('',(0.,0.5,-0.866025403784));
#2777 = ADVANCED_FACE('',(#2778),#2794,.T.);
#2778 = FACE_BOUND('',#2779,.T.);
#2779 = EDGE_LOOP('',(#2780,#2786,#2787,#2793));
#2780 = ORIENTED_EDGE('',*,*,#2781,.T.);
#2781 = EDGE_CURVE('',#1914,#1737,#2782,.T.);
#2782 = LINE('',#2783,#2784);
#2783 = CARTESIAN_POINT('',(76.,19.331921938165,39.225));
#2784 = VECTOR('',#2785,1.);
#2785 = DIRECTION('',(1.,0.,0.));
#2786 = ORIENTED_EDGE('',*,*,#1736,.T.);
#2787 = ORIENTED_EDGE('',*,*,#2788,.F.);
#2788 = EDGE_CURVE('',#1916,#1739,#2789,.T.);
#2789 = LINE('',#2790,#2791);
#2790 = CARTESIAN_POINT('',(76.,17.253460969083,42.825));
#2791 = VECTOR('',#2792,1.);
#2792 = DIRECTION('',(1.,0.,0.));
#2793 = ORIENTED_EDGE('',*,*,#1913,.F.);
#2794 = PLANE('',#2795);
#2795 = AXIS2_PLACEMENT_3D('',#2796,#2797,#2798);
#2796 = CARTESIAN_POINT('',(76.,19.331921938165,39.225));
#2797 = DIRECTION('',(0.,-0.866025403784,-0.5));
#2798 = DIRECTION('',(0.,-0.5,0.866025403784));
#2799 = ADVANCED_FACE('',(#2800),#2811,.T.);
#2800 = FACE_BOUND('',#2801,.T.);
#2801 = EDGE_LOOP('',(#2802,#2808,#2809,#2810));
#2802 = ORIENTED_EDGE('',*,*,#2803,.T.);
#2803 = EDGE_CURVE('',#1924,#1771,#2804,.T.);
#2804 = LINE('',#2805,#2806);
#2805 = CARTESIAN_POINT('',(76.,17.253460969083,35.625));
#2806 = VECTOR('',#2807,1.);
#2807 = DIRECTION('',(1.,0.,0.));
#2808 = ORIENTED_EDGE('',*,*,#1778,.T.);
#2809 = ORIENTED_EDGE('',*,*,#2781,.F.);
#2810 = ORIENTED_EDGE('',*,*,#1923,.F.);
#2811 = PLANE('',#2812);
#2812 = AXIS2_PLACEMENT_3D('',#2813,#2814,#2815);
#2813 = CARTESIAN_POINT('',(76.,17.253460969083,35.625));
#2814 = DIRECTION('',(0.,-0.866025403784,0.5));
#2815 = DIRECTION('',(0.,0.5,0.866025403784));
#2816 = ADVANCED_FACE('',(#2817),#2828,.T.);
#2817 = FACE_BOUND('',#2818,.T.);
#2818 = EDGE_LOOP('',(#2819,#2820,#2821,#2827));
#2819 = ORIENTED_EDGE('',*,*,#2788,.T.);
#2820 = ORIENTED_EDGE('',*,*,#1746,.T.);
#2821 = ORIENTED_EDGE('',*,*,#2822,.F.);
#2822 = EDGE_CURVE('',#1948,#1747,#2823,.T.);
#2823 = LINE('',#2824,#2825);
#2824 = CARTESIAN_POINT('',(76.,13.096539030917,42.825));
#2825 = VECTOR('',#2826,1.);
#2826 = DIRECTION('',(1.,0.,0.));
#2827 = ORIENTED_EDGE('',*,*,#1955,.F.);
#2828 = PLANE('',#2829);
#2829 = AXIS2_PLACEMENT_3D('',#2830,#2831,#2832);
#2830 = CARTESIAN_POINT('',(76.,17.253460969083,42.825));
#2831 = DIRECTION('',(0.,0.,-1.));
#2832 = DIRECTION('',(0.,-1.,0.));
#2833 = ADVANCED_FACE('',(#2834),#2845,.T.);
#2834 = FACE_BOUND('',#2835,.T.);
#2835 = EDGE_LOOP('',(#2836,#2842,#2843,#2844));
#2836 = ORIENTED_EDGE('',*,*,#2837,.T.);
#2837 = EDGE_CURVE('',#1932,#1763,#2838,.T.);
#2838 = LINE('',#2839,#2840);
#2839 = CARTESIAN_POINT('',(76.,13.096539030917,35.625));
#2840 = VECTOR('',#2841,1.);
#2841 = DIRECTION('',(1.,0.,0.));
#2842 = ORIENTED_EDGE('',*,*,#1770,.T.);
#2843 = ORIENTED_EDGE('',*,*,#2803,.F.);
#2844 = ORIENTED_EDGE('',*,*,#1931,.F.);
#2845 = PLANE('',#2846);
#2846 = AXIS2_PLACEMENT_3D('',#2847,#2848,#2849);
#2847 = CARTESIAN_POINT('',(76.,13.096539030917,35.625));
#2848 = DIRECTION('',(0.,0.,1.));
#2849 = DIRECTION('',(0.,1.,0.));
#2850 = ADVANCED_FACE('',(#2851),#2862,.T.);
#2851 = FACE_BOUND('',#2852,.T.);
#2852 = EDGE_LOOP('',(#2853,#2854,#2855,#2861));
#2853 = ORIENTED_EDGE('',*,*,#2822,.T.);
#2854 = ORIENTED_EDGE('',*,*,#1754,.T.);
#2855 = ORIENTED_EDGE('',*,*,#2856,.F.);
#2856 = EDGE_CURVE('',#1940,#1755,#2857,.T.);
#2857 = LINE('',#2858,#2859);
#2858 = CARTESIAN_POINT('',(76.,11.018078061835,39.225));
#2859 = VECTOR('',#2860,1.);
#2860 = DIRECTION('',(1.,0.,0.));
#2861 = ORIENTED_EDGE('',*,*,#1947,.F.);
#2862 = PLANE('',#2863);
#2863 = AXIS2_PLACEMENT_3D('',#2864,#2865,#2866);
#2864 = CARTESIAN_POINT('',(76.,13.096539030917,42.825));
#2865 = DIRECTION('',(0.,0.866025403784,-0.5));
#2866 = DIRECTION('',(0.,-0.5,-0.866025403784));
#2867 = ADVANCED_FACE('',(#2868),#2874,.T.);
#2868 = FACE_BOUND('',#2869,.T.);
#2869 = EDGE_LOOP('',(#2870,#2871,#2872,#2873));
#2870 = ORIENTED_EDGE('',*,*,#2856,.T.);
#2871 = ORIENTED_EDGE('',*,*,#1762,.T.);
#2872 = ORIENTED_EDGE('',*,*,#2837,.F.);
#2873 = ORIENTED_EDGE('',*,*,#1939,.F.);
#2874 = PLANE('',#2875);
#2875 = AXIS2_PLACEMENT_3D('',#2876,#2877,#2878);
#2876 = CARTESIAN_POINT('',(76.,11.018078061835,39.225));
#2877 = DIRECTION('',(-0.,0.866025403784,0.5));
#2878 = DIRECTION('',(0.,0.5,-0.866025403784));
#2879 = ADVANCED_FACE('',(#2880),#2896,.T.);
#2880 = FACE_BOUND('',#2881,.T.);
#2881 = EDGE_LOOP('',(#2882,#2888,#2889,#2895));
#2882 = ORIENTED_EDGE('',*,*,#2883,.T.);
#2883 = EDGE_CURVE('',#1964,#1796,#2884,.T.);
#2884 = LINE('',#2885,#2886);
#2885 = CARTESIAN_POINT('',(76.,-11.01807806183,16.775));
#2886 = VECTOR('',#2887,1.);
#2887 = DIRECTION('',(1.,0.,0.));
#2888 = ORIENTED_EDGE('',*,*,#1795,.T.);
#2889 = ORIENTED_EDGE('',*,*,#2890,.F.);
#2890 = EDGE_CURVE('',#1966,#1798,#2891,.T.);
#2891 = LINE('',#2892,#2893);
#2892 = CARTESIAN_POINT('',(76.,-13.09653903091,20.375));
#2893 = VECTOR('',#2894,1.);
#2894 = DIRECTION('',(1.,0.,0.));
#2895 = ORIENTED_EDGE('',*,*,#1963,.F.);
#2896 = PLANE('',#2897);
#2897 = AXIS2_PLACEMENT_3D('',#2898,#2899,#2900);
#2898 = CARTESIAN_POINT('',(76.,-11.01807806183,16.775));
#2899 = DIRECTION('',(0.,-0.866025403784,-0.5));
#2900 = DIRECTION('',(0.,-0.5,0.866025403784));
#2901 = ADVANCED_FACE('',(#2902),#2913,.T.);
#2902 = FACE_BOUND('',#2903,.T.);
#2903 = EDGE_LOOP('',(#2904,#2910,#2911,#2912));
#2904 = ORIENTED_EDGE('',*,*,#2905,.T.);
#2905 = EDGE_CURVE('',#1974,#1830,#2906,.T.);
#2906 = LINE('',#2907,#2908);
#2907 = CARTESIAN_POINT('',(76.,-13.09653903091,13.175));
#2908 = VECTOR('',#2909,1.);
#2909 = DIRECTION('',(1.,0.,0.));
#2910 = ORIENTED_EDGE('',*,*,#1837,.T.);
#2911 = ORIENTED_EDGE('',*,*,#2883,.F.);
#2912 = ORIENTED_EDGE('',*,*,#1973,.F.);
#2913 = PLANE('',#2914);
#2914 = AXIS2_PLACEMENT_3D('',#2915,#2916,#2917);
#2915 = CARTESIAN_POINT('',(76.,-13.09653903091,13.175));
#2916 = DIRECTION('',(0.,-0.866025403784,0.5));
#2917 = DIRECTION('',(0.,0.5,0.866025403784));
#2918 = ADVANCED_FACE('',(#2919),#2930,.T.);
#2919 = FACE_BOUND('',#2920,.T.);
#2920 = EDGE_LOOP('',(#2921,#2922,#2923,#2929));
#2921 = ORIENTED_EDGE('',*,*,#2890,.T.);
#2922 = ORIENTED_EDGE('',*,*,#1805,.T.);
#2923 = ORIENTED_EDGE('',*,*,#2924,.F.);
#2924 = EDGE_CURVE('',#1998,#1806,#2925,.T.);
#2925 = LINE('',#2926,#2927);
#2926 = CARTESIAN_POINT('',(76.,-17.25346096908,20.375));
#2927 = VECTOR('',#2928,1.);
#2928 = DIRECTION('',(1.,0.,0.));
#2929 = ORIENTED_EDGE('',*,*,#2005,.F.);
#2930 = PLANE('',#2931);
#2931 = AXIS2_PLACEMENT_3D('',#2932,#2933,#2934);
#2932 = CARTESIAN_POINT('',(76.,-13.09653903091,20.375));
#2933 = DIRECTION('',(0.,0.,-1.));
#2934 = DIRECTION('',(0.,-1.,0.));
#2935 = ADVANCED_FACE('',(#2936),#2947,.T.);
#2936 = FACE_BOUND('',#2937,.T.);
#2937 = EDGE_LOOP('',(#2938,#2944,#2945,#2946));
#2938 = ORIENTED_EDGE('',*,*,#2939,.T.);
#2939 = EDGE_CURVE('',#1982,#1822,#2940,.T.);
#2940 = LINE('',#2941,#2942);
#2941 = CARTESIAN_POINT('',(76.,-17.25346096908,13.175));
#2942 = VECTOR('',#2943,1.);
#2943 = DIRECTION('',(1.,0.,0.));
#2944 = ORIENTED_EDGE('',*,*,#1829,.T.);
#2945 = ORIENTED_EDGE('',*,*,#2905,.F.);
#2946 = ORIENTED_EDGE('',*,*,#1981,.F.);
#2947 = PLANE('',#2948);
#2948 = AXIS2_PLACEMENT_3D('',#2949,#2950,#2951);
#2949 = CARTESIAN_POINT('',(76.,-17.25346096908,13.175));
#2950 = DIRECTION('',(0.,0.,1.));
#2951 = DIRECTION('',(0.,1.,0.));
#2952 = ADVANCED_FACE('',(#2953),#2964,.T.);
#2953 = FACE_BOUND('',#2954,.T.);
#2954 = EDGE_LOOP('',(#2955,#2956,#2957,#2963));
#2955 = ORIENTED_EDGE('',*,*,#2924,.T.);
#2956 = ORIENTED_EDGE('',*,*,#1813,.T.);
#2957 = ORIENTED_EDGE('',*,*,#2958,.F.);
#2958 = EDGE_CURVE('',#1990,#1814,#2959,.T.);
#2959 = LINE('',#2960,#2961);
#2960 = CARTESIAN_POINT('',(76.,-19.33192193816,16.775));
#2961 = VECTOR('',#2962,1.);
#2962 = DIRECTION('',(1.,0.,0.));
#2963 = ORIENTED_EDGE('',*,*,#1997,.F.);
#2964 = PLANE('',#2965);
#2965 = AXIS2_PLACEMENT_3D('',#2966,#2967,#2968);
#2966 = CARTESIAN_POINT('',(76.,-17.25346096908,20.375));
#2967 = DIRECTION('',(0.,0.866025403784,-0.5));
#2968 = DIRECTION('',(0.,-0.5,-0.866025403784));
#2969 = ADVANCED_FACE('',(#2970),#2976,.T.);
#2970 = FACE_BOUND('',#2971,.T.);
#2971 = EDGE_LOOP('',(#2972,#2973,#2974,#2975));
#2972 = ORIENTED_EDGE('',*,*,#2958,.T.);
#2973 = ORIENTED_EDGE('',*,*,#1821,.T.);
#2974 = ORIENTED_EDGE('',*,*,#2939,.F.);
#2975 = ORIENTED_EDGE('',*,*,#1989,.F.);
#2976 = PLANE('',#2977);
#2977 = AXIS2_PLACEMENT_3D('',#2978,#2979,#2980);
#2978 = CARTESIAN_POINT('',(76.,-19.33192193816,16.775));
#2979 = DIRECTION('',(-0.,0.866025403784,0.5));
#2980 = DIRECTION('',(0.,0.5,-0.866025403784));
#2981 = ADVANCED_FACE('',(#2982),#2998,.T.);
#2982 = FACE_BOUND('',#2983,.T.);
#2983 = EDGE_LOOP('',(#2984,#2990,#2991,#2997));
#2984 = ORIENTED_EDGE('',*,*,#2985,.T.);
#2985 = EDGE_CURVE('',#1861,#2070,#2986,.T.);
#2986 = LINE('',#2987,#2988);
#2987 = CARTESIAN_POINT('',(76.,19.331921938165,16.775));
#2988 = VECTOR('',#2989,1.);
#2989 = DIRECTION('',(1.,0.,0.));
#2990 = ORIENTED_EDGE('',*,*,#2069,.T.);
#2991 = ORIENTED_EDGE('',*,*,#2992,.F.);
#2992 = EDGE_CURVE('',#1863,#2072,#2993,.T.);
#2993 = LINE('',#2994,#2995);
#2994 = CARTESIAN_POINT('',(76.,17.253460969083,20.375));
#2995 = VECTOR('',#2996,1.);
#2996 = DIRECTION('',(1.,0.,0.));
#2997 = ORIENTED_EDGE('',*,*,#1860,.F.);
#2998 = PLANE('',#2999);
#2999 = AXIS2_PLACEMENT_3D('',#3000,#3001,#3002);
#3000 = CARTESIAN_POINT('',(76.,19.331921938165,16.775));
#3001 = DIRECTION('',(0.,-0.866025403784,-0.5));
#3002 = DIRECTION('',(0.,-0.5,0.866025403784));
#3003 = ADVANCED_FACE('',(#3004),#3015,.T.);
#3004 = FACE_BOUND('',#3005,.T.);
#3005 = EDGE_LOOP('',(#3006,#3012,#3013,#3014));
#3006 = ORIENTED_EDGE('',*,*,#3007,.T.);
#3007 = EDGE_CURVE('',#1871,#2104,#3008,.T.);
#3008 = LINE('',#3009,#3010);
#3009 = CARTESIAN_POINT('',(76.,17.253460969083,13.175));
#3010 = VECTOR('',#3011,1.);
#3011 = DIRECTION('',(1.,0.,0.));
#3012 = ORIENTED_EDGE('',*,*,#2111,.T.);
#3013 = ORIENTED_EDGE('',*,*,#2985,.F.);
#3014 = ORIENTED_EDGE('',*,*,#1870,.F.);
#3015 = PLANE('',#3016);
#3016 = AXIS2_PLACEMENT_3D('',#3017,#3018,#3019);
#3017 = CARTESIAN_POINT('',(76.,17.253460969083,13.175));
#3018 = DIRECTION('',(0.,-0.866025403784,0.5));
#3019 = DIRECTION('',(0.,0.5,0.866025403784));
#3020 = ADVANCED_FACE('',(#3021),#3032,.T.);
#3021 = FACE_BOUND('',#3022,.T.);
#3022 = EDGE_LOOP('',(#3023,#3024,#3025,#3031));
#3023 = ORIENTED_EDGE('',*,*,#2992,.T.);
#3024 = ORIENTED_EDGE('',*,*,#2079,.T.);
#3025 = ORIENTED_EDGE('',*,*,#3026,.F.);
#3026 = EDGE_CURVE('',#1895,#2080,#3027,.T.);
#3027 = LINE('',#3028,#3029);
#3028 = CARTESIAN_POINT('',(76.,13.096539030917,20.375));
#3029 = VECTOR('',#3030,1.);
#3030 = DIRECTION('',(1.,0.,0.));
#3031 = ORIENTED_EDGE('',*,*,#1902,.F.);
#3032 = PLANE('',#3033);
#3033 = AXIS2_PLACEMENT_3D('',#3034,#3035,#3036);
#3034 = CARTESIAN_POINT('',(76.,17.253460969083,20.375));
#3035 = DIRECTION('',(0.,0.,-1.));
#3036 = DIRECTION('',(0.,-1.,0.));
#3037 = ADVANCED_FACE('',(#3038),#3049,.T.);
#3038 = FACE_BOUND('',#3039,.T.);
#3039 = EDGE_LOOP('',(#3040,#3046,#3047,#3048));
#3040 = ORIENTED_EDGE('',*,*,#3041,.T.);
#3041 = EDGE_CURVE('',#1879,#2096,#3042,.T.);
#3042 = LINE('',#3043,#3044);
#3043 = CARTESIAN_POINT('',(76.,13.096539030917,13.175));
#3044 = VECTOR('',#3045,1.);
#3045 = DIRECTION('',(1.,0.,0.));
#3046 = ORIENTED_EDGE('',*,*,#2103,.T.);
#3047 = ORIENTED_EDGE('',*,*,#3007,.F.);
#3048 = ORIENTED_EDGE('',*,*,#1878,.F.);
#3049 = PLANE('',#3050);
#3050 = AXIS2_PLACEMENT_3D('',#3051,#3052,#3053);
#3051 = CARTESIAN_POINT('',(76.,13.096539030917,13.175));
#3052 = DIRECTION('',(0.,0.,1.));
#3053 = DIRECTION('',(0.,1.,0.));
#3054 = ADVANCED_FACE('',(#3055),#3066,.T.);
#3055 = FACE_BOUND('',#3056,.T.);
#3056 = EDGE_LOOP('',(#3057,#3058,#3059,#3065));
#3057 = ORIENTED_EDGE('',*,*,#3026,.T.);
#3058 = ORIENTED_EDGE('',*,*,#2087,.T.);
#3059 = ORIENTED_EDGE('',*,*,#3060,.F.);
#3060 = EDGE_CURVE('',#1887,#2088,#3061,.T.);
#3061 = LINE('',#3062,#3063);
#3062 = CARTESIAN_POINT('',(76.,11.018078061835,16.775));
#3063 = VECTOR('',#3064,1.);
#3064 = DIRECTION('',(1.,0.,0.));
#3065 = ORIENTED_EDGE('',*,*,#1894,.F.);
#3066 = PLANE('',#3067);
#3067 = AXIS2_PLACEMENT_3D('',#3068,#3069,#3070);
#3068 = CARTESIAN_POINT('',(76.,13.096539030917,20.375));
#3069 = DIRECTION('',(0.,0.866025403784,-0.5));
#3070 = DIRECTION('',(0.,-0.5,-0.866025403784));
#3071 = ADVANCED_FACE('',(#3072),#3078,.T.);
#3072 = FACE_BOUND('',#3073,.T.);
#3073 = EDGE_LOOP('',(#3074,#3075,#3076,#3077));
#3074 = ORIENTED_EDGE('',*,*,#3060,.T.);
#3075 = ORIENTED_EDGE('',*,*,#2095,.T.);
#3076 = ORIENTED_EDGE('',*,*,#3041,.F.);
#3077 = ORIENTED_EDGE('',*,*,#1886,.F.);
#3078 = PLANE('',#3079);
#3079 = AXIS2_PLACEMENT_3D('',#3080,#3081,#3082);
#3080 = CARTESIAN_POINT('',(76.,11.018078061835,16.775));
#3081 = DIRECTION('',(-0.,0.866025403784,0.5));
#3082 = DIRECTION('',(0.,0.5,-0.866025403784));
#3083 = ADVANCED_FACE('',(#3084),#3100,.F.);
#3084 = FACE_BOUND('',#3085,.F.);
#3085 = EDGE_LOOP('',(#3086,#3092,#3093,#3099));
#3086 = ORIENTED_EDGE('',*,*,#3087,.T.);
#3087 = EDGE_CURVE('',#2365,#2129,#3088,.T.);
#3088 = LINE('',#3089,#3090);
#3089 = CARTESIAN_POINT('',(-76.,19.331921938165,39.225));
#3090 = VECTOR('',#3091,1.);
#3091 = DIRECTION('',(-1.,0.,0.));
#3092 = ORIENTED_EDGE('',*,*,#2128,.T.);
#3093 = ORIENTED_EDGE('',*,*,#3094,.F.);
#3094 = EDGE_CURVE('',#2367,#2131,#3095,.T.);
#3095 = LINE('',#3096,#3097);
#3096 = CARTESIAN_POINT('',(-76.,17.253460969083,42.825));
#3097 = VECTOR('',#3098,1.);
#3098 = DIRECTION('',(-1.,0.,0.));
#3099 = ORIENTED_EDGE('',*,*,#2364,.F.);
#3100 = PLANE('',#3101);
#3101 = AXIS2_PLACEMENT_3D('',#3102,#3103,#3104);
#3102 = CARTESIAN_POINT('',(-76.,19.331921938165,39.225));
#3103 = DIRECTION('',(0.,0.866025403784,0.5));
#3104 = DIRECTION('',(0.,-0.5,0.866025403784));
#3105 = ADVANCED_FACE('',(#3106),#3117,.F.);
#3106 = FACE_BOUND('',#3107,.F.);
#3107 = EDGE_LOOP('',(#3108,#3114,#3115,#3116));
#3108 = ORIENTED_EDGE('',*,*,#3109,.T.);
#3109 = EDGE_CURVE('',#2375,#2163,#3110,.T.);
#3110 = LINE('',#3111,#3112);
#3111 = CARTESIAN_POINT('',(-76.,17.253460969083,35.625));
#3112 = VECTOR('',#3113,1.);
#3113 = DIRECTION('',(-1.,0.,0.));
#3114 = ORIENTED_EDGE('',*,*,#2170,.T.);
#3115 = ORIENTED_EDGE('',*,*,#3087,.F.);
#3116 = ORIENTED_EDGE('',*,*,#2374,.F.);
#3117 = PLANE('',#3118);
#3118 = AXIS2_PLACEMENT_3D('',#3119,#3120,#3121);
#3119 = CARTESIAN_POINT('',(-76.,17.253460969083,35.625));
#3120 = DIRECTION('',(0.,0.866025403784,-0.5));
#3121 = DIRECTION('',(0.,0.5,0.866025403784));
#3122 = ADVANCED_FACE('',(#3123),#3134,.F.);
#3123 = FACE_BOUND('',#3124,.F.);
#3124 = EDGE_LOOP('',(#3125,#3126,#3127,#3133));
#3125 = ORIENTED_EDGE('',*,*,#3094,.T.);
#3126 = ORIENTED_EDGE('',*,*,#2138,.T.);
#3127 = ORIENTED_EDGE('',*,*,#3128,.F.);
#3128 = EDGE_CURVE('',#2399,#2139,#3129,.T.);
#3129 = LINE('',#3130,#3131);
#3130 = CARTESIAN_POINT('',(-76.,13.096539030917,42.825));
#3131 = VECTOR('',#3132,1.);
#3132 = DIRECTION('',(-1.,0.,0.));
#3133 = ORIENTED_EDGE('',*,*,#2406,.F.);
#3134 = PLANE('',#3135);
#3135 = AXIS2_PLACEMENT_3D('',#3136,#3137,#3138);
#3136 = CARTESIAN_POINT('',(-76.,17.253460969083,42.825));
#3137 = DIRECTION('',(0.,0.,1.));
#3138 = DIRECTION('',(0.,-1.,0.));
#3139 = ADVANCED_FACE('',(#3140),#3151,.F.);
#3140 = FACE_BOUND('',#3141,.F.);
#3141 = EDGE_LOOP('',(#3142,#3148,#3149,#3150));
#3142 = ORIENTED_EDGE('',*,*,#3143,.T.);
#3143 = EDGE_CURVE('',#2383,#2155,#3144,.T.);
#3144 = LINE('',#3145,#3146);
#3145 = CARTESIAN_POINT('',(-76.,13.096539030917,35.625));
#3146 = VECTOR('',#3147,1.);
#3147 = DIRECTION('',(-1.,0.,0.));
#3148 = ORIENTED_EDGE('',*,*,#2162,.T.);
#3149 = ORIENTED_EDGE('',*,*,#3109,.F.);
#3150 = ORIENTED_EDGE('',*,*,#2382,.F.);
#3151 = PLANE('',#3152);
#3152 = AXIS2_PLACEMENT_3D('',#3153,#3154,#3155);
#3153 = CARTESIAN_POINT('',(-76.,13.096539030917,35.625));
#3154 = DIRECTION('',(0.,0.,-1.));
#3155 = DIRECTION('',(0.,1.,0.));
#3156 = ADVANCED_FACE('',(#3157),#3168,.F.);
#3157 = FACE_BOUND('',#3158,.F.);
#3158 = EDGE_LOOP('',(#3159,#3160,#3161,#3167));
#3159 = ORIENTED_EDGE('',*,*,#3128,.T.);
#3160 = ORIENTED_EDGE('',*,*,#2146,.T.);
#3161 = ORIENTED_EDGE('',*,*,#3162,.F.);
#3162 = EDGE_CURVE('',#2391,#2147,#3163,.T.);
#3163 = LINE('',#3164,#3165);
#3164 = CARTESIAN_POINT('',(-76.,11.018078061835,39.225));
#3165 = VECTOR('',#3166,1.);
#3166 = DIRECTION('',(-1.,0.,0.));
#3167 = ORIENTED_EDGE('',*,*,#2398,.F.);
#3168 = PLANE('',#3169);
#3169 = AXIS2_PLACEMENT_3D('',#3170,#3171,#3172);
#3170 = CARTESIAN_POINT('',(-76.,13.096539030917,42.825));
#3171 = DIRECTION('',(0.,-0.866025403784,0.5));
#3172 = DIRECTION('',(0.,-0.5,-0.866025403784));
#3173 = ADVANCED_FACE('',(#3174),#3180,.F.);
#3174 = FACE_BOUND('',#3175,.F.);
#3175 = EDGE_LOOP('',(#3176,#3177,#3178,#3179));
#3176 = ORIENTED_EDGE('',*,*,#3162,.T.);
#3177 = ORIENTED_EDGE('',*,*,#2154,.T.);
#3178 = ORIENTED_EDGE('',*,*,#3143,.F.);
#3179 = ORIENTED_EDGE('',*,*,#2390,.F.);
#3180 = PLANE('',#3181);
#3181 = AXIS2_PLACEMENT_3D('',#3182,#3183,#3184);
#3182 = CARTESIAN_POINT('',(-76.,11.018078061835,39.225));
#3183 = DIRECTION('',(-0.,-0.866025403784,-0.5));
#3184 = DIRECTION('',(0.,0.5,-0.866025403784));
#3185 = ADVANCED_FACE('',(#3186),#3202,.F.);
#3186 = FACE_BOUND('',#3187,.F.);
#3187 = EDGE_LOOP('',(#3188,#3194,#3195,#3201));
#3188 = ORIENTED_EDGE('',*,*,#3189,.T.);
#3189 = EDGE_CURVE('',#2465,#2188,#3190,.T.);
#3190 = LINE('',#3191,#3192);
#3191 = CARTESIAN_POINT('',(-76.,-11.01807806183,39.225));
#3192 = VECTOR('',#3193,1.);
#3193 = DIRECTION('',(-1.,0.,0.));
#3194 = ORIENTED_EDGE('',*,*,#2187,.T.);
#3195 = ORIENTED_EDGE('',*,*,#3196,.F.);
#3196 = EDGE_CURVE('',#2467,#2190,#3197,.T.);
#3197 = LINE('',#3198,#3199);
#3198 = CARTESIAN_POINT('',(-76.,-13.09653903091,42.825));
#3199 = VECTOR('',#3200,1.);
#3200 = DIRECTION('',(-1.,0.,0.));
#3201 = ORIENTED_EDGE('',*,*,#2464,.F.);
#3202 = PLANE('',#3203);
#3203 = AXIS2_PLACEMENT_3D('',#3204,#3205,#3206);
#3204 = CARTESIAN_POINT('',(-76.,-11.01807806183,39.225));
#3205 = DIRECTION('',(0.,0.866025403784,0.5));
#3206 = DIRECTION('',(0.,-0.5,0.866025403784));
#3207 = ADVANCED_FACE('',(#3208),#3219,.F.);
#3208 = FACE_BOUND('',#3209,.F.);
#3209 = EDGE_LOOP('',(#3210,#3216,#3217,#3218));
#3210 = ORIENTED_EDGE('',*,*,#3211,.T.);
#3211 = EDGE_CURVE('',#2475,#2222,#3212,.T.);
#3212 = LINE('',#3213,#3214);
#3213 = CARTESIAN_POINT('',(-76.,-13.09653903091,35.625));
#3214 = VECTOR('',#3215,1.);
#3215 = DIRECTION('',(-1.,0.,0.));
#3216 = ORIENTED_EDGE('',*,*,#2229,.T.);
#3217 = ORIENTED_EDGE('',*,*,#3189,.F.);
#3218 = ORIENTED_EDGE('',*,*,#2474,.F.);
#3219 = PLANE('',#3220);
#3220 = AXIS2_PLACEMENT_3D('',#3221,#3222,#3223);
#3221 = CARTESIAN_POINT('',(-76.,-13.09653903091,35.625));
#3222 = DIRECTION('',(0.,0.866025403784,-0.5));
#3223 = DIRECTION('',(0.,0.5,0.866025403784));
#3224 = ADVANCED_FACE('',(#3225),#3236,.F.);
#3225 = FACE_BOUND('',#3226,.F.);
#3226 = EDGE_LOOP('',(#3227,#3228,#3229,#3235));
#3227 = ORIENTED_EDGE('',*,*,#3196,.T.);
#3228 = ORIENTED_EDGE('',*,*,#2197,.T.);
#3229 = ORIENTED_EDGE('',*,*,#3230,.F.);
#3230 = EDGE_CURVE('',#2499,#2198,#3231,.T.);
#3231 = LINE('',#3232,#3233);
#3232 = CARTESIAN_POINT('',(-76.,-17.25346096908,42.825));
#3233 = VECTOR('',#3234,1.);
#3234 = DIRECTION('',(-1.,0.,0.));
#3235 = ORIENTED_EDGE('',*,*,#2506,.F.);
#3236 = PLANE('',#3237);
#3237 = AXIS2_PLACEMENT_3D('',#3238,#3239,#3240);
#3238 = CARTESIAN_POINT('',(-76.,-13.09653903091,42.825));
#3239 = DIRECTION('',(0.,0.,1.));
#3240 = DIRECTION('',(0.,-1.,0.));
#3241 = ADVANCED_FACE('',(#3242),#3253,.F.);
#3242 = FACE_BOUND('',#3243,.F.);
#3243 = EDGE_LOOP('',(#3244,#3250,#3251,#3252));
#3244 = ORIENTED_EDGE('',*,*,#3245,.T.);
#3245 = EDGE_CURVE('',#2483,#2214,#3246,.T.);
#3246 = LINE('',#3247,#3248);
#3247 = CARTESIAN_POINT('',(-76.,-17.25346096908,35.625));
#3248 = VECTOR('',#3249,1.);
#3249 = DIRECTION('',(-1.,0.,0.));
#3250 = ORIENTED_EDGE('',*,*,#2221,.T.);
#3251 = ORIENTED_EDGE('',*,*,#3211,.F.);
#3252 = ORIENTED_EDGE('',*,*,#2482,.F.);
#3253 = PLANE('',#3254);
#3254 = AXIS2_PLACEMENT_3D('',#3255,#3256,#3257);
#3255 = CARTESIAN_POINT('',(-76.,-17.25346096908,35.625));
#3256 = DIRECTION('',(0.,0.,-1.));
#3257 = DIRECTION('',(0.,1.,0.));
#3258 = ADVANCED_FACE('',(#3259),#3270,.F.);
#3259 = FACE_BOUND('',#3260,.F.);
#3260 = EDGE_LOOP('',(#3261,#3262,#3263,#3269));
#3261 = ORIENTED_EDGE('',*,*,#3230,.T.);
#3262 = ORIENTED_EDGE('',*,*,#2205,.T.);
#3263 = ORIENTED_EDGE('',*,*,#3264,.F.);
#3264 = EDGE_CURVE('',#2491,#2206,#3265,.T.);
#3265 = LINE('',#3266,#3267);
#3266 = CARTESIAN_POINT('',(-76.,-19.33192193816,39.225));
#3267 = VECTOR('',#3268,1.);
#3268 = DIRECTION('',(-1.,0.,0.));
#3269 = ORIENTED_EDGE('',*,*,#2498,.F.);
#3270 = PLANE('',#3271);
#3271 = AXIS2_PLACEMENT_3D('',#3272,#3273,#3274);
#3272 = CARTESIAN_POINT('',(-76.,-17.25346096908,42.825));
#3273 = DIRECTION('',(0.,-0.866025403784,0.5));
#3274 = DIRECTION('',(0.,-0.5,-0.866025403784));
#3275 = ADVANCED_FACE('',(#3276),#3282,.F.);
#3276 = FACE_BOUND('',#3277,.F.);
#3277 = EDGE_LOOP('',(#3278,#3279,#3280,#3281));
#3278 = ORIENTED_EDGE('',*,*,#3264,.T.);
#3279 = ORIENTED_EDGE('',*,*,#2213,.T.);
#3280 = ORIENTED_EDGE('',*,*,#3245,.F.);
#3281 = ORIENTED_EDGE('',*,*,#2490,.F.);
#3282 = PLANE('',#3283);
#3283 = AXIS2_PLACEMENT_3D('',#3284,#3285,#3286);
#3284 = CARTESIAN_POINT('',(-76.,-19.33192193816,39.225));
#3285 = DIRECTION('',(-0.,-0.866025403784,-0.5));
#3286 = DIRECTION('',(0.,0.5,-0.866025403784));
#3287 = ADVANCED_FACE('',(#3288),#3304,.F.);
#3288 = FACE_BOUND('',#3289,.F.);
#3289 = EDGE_LOOP('',(#3290,#3296,#3297,#3303));
#3290 = ORIENTED_EDGE('',*,*,#3291,.T.);
#3291 = EDGE_CURVE('',#2312,#2247,#3292,.T.);
#3292 = LINE('',#3293,#3294);
#3293 = CARTESIAN_POINT('',(-76.,19.331921938165,16.775));
#3294 = VECTOR('',#3295,1.);
#3295 = DIRECTION('',(-1.,0.,0.));
#3296 = ORIENTED_EDGE('',*,*,#2246,.T.);
#3297 = ORIENTED_EDGE('',*,*,#3298,.F.);
#3298 = EDGE_CURVE('',#2314,#2249,#3299,.T.);
#3299 = LINE('',#3300,#3301);
#3300 = CARTESIAN_POINT('',(-76.,17.253460969083,20.375));
#3301 = VECTOR('',#3302,1.);
#3302 = DIRECTION('',(-1.,0.,0.));
#3303 = ORIENTED_EDGE('',*,*,#2311,.F.);
#3304 = PLANE('',#3305);
#3305 = AXIS2_PLACEMENT_3D('',#3306,#3307,#3308);
#3306 = CARTESIAN_POINT('',(-76.,19.331921938165,16.775));
#3307 = DIRECTION('',(0.,0.866025403784,0.5));
#3308 = DIRECTION('',(0.,-0.5,0.866025403784));
#3309 = ADVANCED_FACE('',(#3310),#3321,.F.);
#3310 = FACE_BOUND('',#3311,.F.);
#3311 = EDGE_LOOP('',(#3312,#3318,#3319,#3320));
#3312 = ORIENTED_EDGE('',*,*,#3313,.T.);
#3313 = EDGE_CURVE('',#2322,#2281,#3314,.T.);
#3314 = LINE('',#3315,#3316);
#3315 = CARTESIAN_POINT('',(-76.,17.253460969083,13.175));
#3316 = VECTOR('',#3317,1.);
#3317 = DIRECTION('',(-1.,0.,0.));
#3318 = ORIENTED_EDGE('',*,*,#2288,.T.);
#3319 = ORIENTED_EDGE('',*,*,#3291,.F.);
#3320 = ORIENTED_EDGE('',*,*,#2321,.F.);
#3321 = PLANE('',#3322);
#3322 = AXIS2_PLACEMENT_3D('',#3323,#3324,#3325);
#3323 = CARTESIAN_POINT('',(-76.,17.253460969083,13.175));
#3324 = DIRECTION('',(0.,0.866025403784,-0.5));
#3325 = DIRECTION('',(0.,0.5,0.866025403784));
#3326 = ADVANCED_FACE('',(#3327),#3338,.F.);
#3327 = FACE_BOUND('',#3328,.F.);
#3328 = EDGE_LOOP('',(#3329,#3330,#3331,#3337));
#3329 = ORIENTED_EDGE('',*,*,#3298,.T.);
#3330 = ORIENTED_EDGE('',*,*,#2256,.T.);
#3331 = ORIENTED_EDGE('',*,*,#3332,.F.);
#3332 = EDGE_CURVE('',#2346,#2257,#3333,.T.);
#3333 = LINE('',#3334,#3335);
#3334 = CARTESIAN_POINT('',(-76.,13.096539030917,20.375));
#3335 = VECTOR('',#3336,1.);
#3336 = DIRECTION('',(-1.,0.,0.));
#3337 = ORIENTED_EDGE('',*,*,#2353,.F.);
#3338 = PLANE('',#3339);
#3339 = AXIS2_PLACEMENT_3D('',#3340,#3341,#3342);
#3340 = CARTESIAN_POINT('',(-76.,17.253460969083,20.375));
#3341 = DIRECTION('',(0.,0.,1.));
#3342 = DIRECTION('',(0.,-1.,0.));
#3343 = ADVANCED_FACE('',(#3344),#3355,.F.);
#3344 = FACE_BOUND('',#3345,.F.);
#3345 = EDGE_LOOP('',(#3346,#3352,#3353,#3354));
#3346 = ORIENTED_EDGE('',*,*,#3347,.T.);
#3347 = EDGE_CURVE('',#2330,#2273,#3348,.T.);
#3348 = LINE('',#3349,#3350);
#3349 = CARTESIAN_POINT('',(-76.,13.096539030917,13.175));
#3350 = VECTOR('',#3351,1.);
#3351 = DIRECTION('',(-1.,0.,0.));
#3352 = ORIENTED_EDGE('',*,*,#2280,.T.);
#3353 = ORIENTED_EDGE('',*,*,#3313,.F.);
#3354 = ORIENTED_EDGE('',*,*,#2329,.F.);
#3355 = PLANE('',#3356);
#3356 = AXIS2_PLACEMENT_3D('',#3357,#3358,#3359);
#3357 = CARTESIAN_POINT('',(-76.,13.096539030917,13.175));
#3358 = DIRECTION('',(0.,0.,-1.));
#3359 = DIRECTION('',(0.,1.,0.));
#3360 = ADVANCED_FACE('',(#3361),#3372,.F.);
#3361 = FACE_BOUND('',#3362,.F.);
#3362 = EDGE_LOOP('',(#3363,#3364,#3365,#3371));
#3363 = ORIENTED_EDGE('',*,*,#3332,.T.);
#3364 = ORIENTED_EDGE('',*,*,#2264,.T.);
#3365 = ORIENTED_EDGE('',*,*,#3366,.F.);
#3366 = EDGE_CURVE('',#2338,#2265,#3367,.T.);
#3367 = LINE('',#3368,#3369);
#3368 = CARTESIAN_POINT('',(-76.,11.018078061835,16.775));
#3369 = VECTOR('',#3370,1.);
#3370 = DIRECTION('',(-1.,0.,0.));
#3371 = ORIENTED_EDGE('',*,*,#2345,.F.);
#3372 = PLANE('',#3373);
#3373 = AXIS2_PLACEMENT_3D('',#3374,#3375,#3376);
#3374 = CARTESIAN_POINT('',(-76.,13.096539030917,20.375));
#3375 = DIRECTION('',(0.,-0.866025403784,0.5));
#3376 = DIRECTION('',(0.,-0.5,-0.866025403784));
#3377 = ADVANCED_FACE('',(#3378),#3384,.F.);
#3378 = FACE_BOUND('',#3379,.F.);
#3379 = EDGE_LOOP('',(#3380,#3381,#3382,#3383));
#3380 = ORIENTED_EDGE('',*,*,#3366,.T.);
#3381 = ORIENTED_EDGE('',*,*,#2272,.T.);
#3382 = ORIENTED_EDGE('',*,*,#3347,.F.);
#3383 = ORIENTED_EDGE('',*,*,#2337,.F.);
#3384 = PLANE('',#3385);
#3385 = AXIS2_PLACEMENT_3D('',#3386,#3387,#3388);
#3386 = CARTESIAN_POINT('',(-76.,11.018078061835,16.775));
#3387 = DIRECTION('',(-0.,-0.866025403784,-0.5));
#3388 = DIRECTION('',(0.,0.5,-0.866025403784));
#3389 = ADVANCED_FACE('',(#3390),#3406,.F.);
#3390 = FACE_BOUND('',#3391,.F.);
#3391 = EDGE_LOOP('',(#3392,#3398,#3399,#3405));
#3392 = ORIENTED_EDGE('',*,*,#3393,.T.);
#3393 = EDGE_CURVE('',#2415,#2521,#3394,.T.);
#3394 = LINE('',#3395,#3396);
#3395 = CARTESIAN_POINT('',(-76.,-11.01807806183,16.775));
#3396 = VECTOR('',#3397,1.);
#3397 = DIRECTION('',(-1.,0.,0.));
#3398 = ORIENTED_EDGE('',*,*,#2520,.T.);
#3399 = ORIENTED_EDGE('',*,*,#3400,.F.);
#3400 = EDGE_CURVE('',#2417,#2523,#3401,.T.);
#3401 = LINE('',#3402,#3403);
#3402 = CARTESIAN_POINT('',(-76.,-13.09653903091,20.375));
#3403 = VECTOR('',#3404,1.);
#3404 = DIRECTION('',(-1.,0.,0.));
#3405 = ORIENTED_EDGE('',*,*,#2414,.F.);
#3406 = PLANE('',#3407);
#3407 = AXIS2_PLACEMENT_3D('',#3408,#3409,#3410);
#3408 = CARTESIAN_POINT('',(-76.,-11.01807806183,16.775));
#3409 = DIRECTION('',(0.,0.866025403784,0.5));
#3410 = DIRECTION('',(0.,-0.5,0.866025403784));
#3411 = ADVANCED_FACE('',(#3412),#3423,.F.);
#3412 = FACE_BOUND('',#3413,.F.);
#3413 = EDGE_LOOP('',(#3414,#3420,#3421,#3422));
#3414 = ORIENTED_EDGE('',*,*,#3415,.T.);
#3415 = EDGE_CURVE('',#2425,#2555,#3416,.T.);
#3416 = LINE('',#3417,#3418);
#3417 = CARTESIAN_POINT('',(-76.,-13.09653903091,13.175));
#3418 = VECTOR('',#3419,1.);
#3419 = DIRECTION('',(-1.,0.,0.));
#3420 = ORIENTED_EDGE('',*,*,#2562,.T.);
#3421 = ORIENTED_EDGE('',*,*,#3393,.F.);
#3422 = ORIENTED_EDGE('',*,*,#2424,.F.);
#3423 = PLANE('',#3424);
#3424 = AXIS2_PLACEMENT_3D('',#3425,#3426,#3427);
#3425 = CARTESIAN_POINT('',(-76.,-13.09653903091,13.175));
#3426 = DIRECTION('',(0.,0.866025403784,-0.5));
#3427 = DIRECTION('',(0.,0.5,0.866025403784));
#3428 = ADVANCED_FACE('',(#3429),#3440,.F.);
#3429 = FACE_BOUND('',#3430,.F.);
#3430 = EDGE_LOOP('',(#3431,#3432,#3433,#3439));
#3431 = ORIENTED_EDGE('',*,*,#3400,.T.);
#3432 = ORIENTED_EDGE('',*,*,#2530,.T.);
#3433 = ORIENTED_EDGE('',*,*,#3434,.F.);
#3434 = EDGE_CURVE('',#2449,#2531,#3435,.T.);
#3435 = LINE('',#3436,#3437);
#3436 = CARTESIAN_POINT('',(-76.,-17.25346096908,20.375));
#3437 = VECTOR('',#3438,1.);
#3438 = DIRECTION('',(-1.,0.,0.));
#3439 = ORIENTED_EDGE('',*,*,#2456,.F.);
#3440 = PLANE('',#3441);
#3441 = AXIS2_PLACEMENT_3D('',#3442,#3443,#3444);
#3442 = CARTESIAN_POINT('',(-76.,-13.09653903091,20.375));
#3443 = DIRECTION('',(0.,0.,1.));
#3444 = DIRECTION('',(0.,-1.,0.));
#3445 = ADVANCED_FACE('',(#3446),#3457,.F.);
#3446 = FACE_BOUND('',#3447,.F.);
#3447 = EDGE_LOOP('',(#3448,#3454,#3455,#3456));
#3448 = ORIENTED_EDGE('',*,*,#3449,.T.);
#3449 = EDGE_CURVE('',#2433,#2547,#3450,.T.);
#3450 = LINE('',#3451,#3452);
#3451 = CARTESIAN_POINT('',(-76.,-17.25346096908,13.175));
#3452 = VECTOR('',#3453,1.);
#3453 = DIRECTION('',(-1.,0.,0.));
#3454 = ORIENTED_EDGE('',*,*,#2554,.T.);
#3455 = ORIENTED_EDGE('',*,*,#3415,.F.);
#3456 = ORIENTED_EDGE('',*,*,#2432,.F.);
#3457 = PLANE('',#3458);
#3458 = AXIS2_PLACEMENT_3D('',#3459,#3460,#3461);
#3459 = CARTESIAN_POINT('',(-76.,-17.25346096908,13.175));
#3460 = DIRECTION('',(0.,0.,-1.));
#3461 = DIRECTION('',(0.,1.,0.));
#3462 = ADVANCED_FACE('',(#3463),#3474,.F.);
#3463 = FACE_BOUND('',#3464,.F.);
#3464 = EDGE_LOOP('',(#3465,#3466,#3467,#3473));
#3465 = ORIENTED_EDGE('',*,*,#3434,.T.);
#3466 = ORIENTED_EDGE('',*,*,#2538,.T.);
#3467 = ORIENTED_EDGE('',*,*,#3468,.F.);
#3468 = EDGE_CURVE('',#2441,#2539,#3469,.T.);
#3469 = LINE('',#3470,#3471);
#3470 = CARTESIAN_POINT('',(-76.,-19.33192193816,16.775));
#3471 = VECTOR('',#3472,1.);
#3472 = DIRECTION('',(-1.,0.,0.));
#3473 = ORIENTED_EDGE('',*,*,#2448,.F.);
#3474 = PLANE('',#3475);
#3475 = AXIS2_PLACEMENT_3D('',#3476,#3477,#3478);
#3476 = CARTESIAN_POINT('',(-76.,-17.25346096908,20.375));
#3477 = DIRECTION('',(0.,-0.866025403784,0.5));
#3478 = DIRECTION('',(0.,-0.5,-0.866025403784));
#3479 = ADVANCED_FACE('',(#3480),#3486,.F.);
#3480 = FACE_BOUND('',#3481,.F.);
#3481 = EDGE_LOOP('',(#3482,#3483,#3484,#3485));
#3482 = ORIENTED_EDGE('',*,*,#3468,.T.);
#3483 = ORIENTED_EDGE('',*,*,#2546,.T.);
#3484 = ORIENTED_EDGE('',*,*,#3449,.F.);
#3485 = ORIENTED_EDGE('',*,*,#2440,.F.);
#3486 = PLANE('',#3487);
#3487 = AXIS2_PLACEMENT_3D('',#3488,#3489,#3490);
#3488 = CARTESIAN_POINT('',(-76.,-19.33192193816,16.775));
#3489 = DIRECTION('',(-0.,-0.866025403784,-0.5));
#3490 = DIRECTION('',(0.,0.5,-0.866025403784));
#3491 = ADVANCED_FACE('',(#3492,#3495),#3506,.T.);
#3492 = FACE_BOUND('',#3493,.T.);
#3493 = EDGE_LOOP('',(#3494));
#3494 = ORIENTED_EDGE('',*,*,#2579,.T.);
#3495 = FACE_BOUND('',#3496,.T.);
#3496 = EDGE_LOOP('',(#3497));
#3497 = ORIENTED_EDGE('',*,*,#3498,.F.);
#3498 = EDGE_CURVE('',#3499,#3499,#3501,.T.);
#3499 = VERTEX_POINT('',#3500);
#3500 = CARTESIAN_POINT('',(-63.7,-30.,8.));
#3501 = CIRCLE('',#3502,1.3);
#3502 = AXIS2_PLACEMENT_3D('',#3503,#3504,#3505);
#3503 = CARTESIAN_POINT('',(-65.,-30.,8.));
#3504 = DIRECTION('',(0.,0.,1.));
#3505 = DIRECTION('',(1.,0.,-0.));
#3506 = PLANE('',#3507);
#3507 = AXIS2_PLACEMENT_3D('',#3508,#3509,#3510);
#3508 = CARTESIAN_POINT('',(-65.,-30.,8.));
#3509 = DIRECTION('',(0.,0.,1.));
#3510 = DIRECTION('',(1.,0.,-0.));
#3511 = ADVANCED_FACE('',(#3512,#3515),#3526,.T.);
#3512 = FACE_BOUND('',#3513,.T.);
#3513 = EDGE_LOOP('',(#3514));
#3514 = ORIENTED_EDGE('',*,*,#2604,.T.);
#3515 = FACE_BOUND('',#3516,.T.);
#3516 = EDGE_LOOP('',(#3517));
#3517 = ORIENTED_EDGE('',*,*,#3518,.F.);
#3518 = EDGE_CURVE('',#3519,#3519,#3521,.T.);
#3519 = VERTEX_POINT('',#3520);
#3520 = CARTESIAN_POINT('',(66.3,-30.,8.));
#3521 = CIRCLE('',#3522,1.3);
#3522 = AXIS2_PLACEMENT_3D('',#3523,#3524,#3525);
#3523 = CARTESIAN_POINT('',(65.,-30.,8.));
#3524 = DIRECTION('',(0.,0.,1.));
#3525 = DIRECTION('',(1.,0.,-0.));
#3526 = PLANE('',#3527);
#3527 = AXIS2_PLACEMENT_3D('',#3528,#3529,#3530);
#3528 = CARTESIAN_POINT('',(65.,-30.,8.));
#3529 = DIRECTION('',(0.,0.,1.));
#3530 = DIRECTION('',(1.,0.,-0.));
#3531 = ADVANCED_FACE('',(#3532,#3535),#3546,.T.);
#3532 = FACE_BOUND('',#3533,.T.);
#3533 = EDGE_LOOP('',(#3534));
#3534 = ORIENTED_EDGE('',*,*,#2629,.T.);
#3535 = FACE_BOUND('',#3536,.T.);
#3536 = EDGE_LOOP('',(#3537));
#3537 = ORIENTED_EDGE('',*,*,#3538,.F.);
#3538 = EDGE_CURVE('',#3539,#3539,#3541,.T.);
#3539 = VERTEX_POINT('',#3540);
#3540 = CARTESIAN_POINT('',(-63.7,30.,8.));
#3541 = CIRCLE('',#3542,1.3);
#3542 = AXIS2_PLACEMENT_3D('',#3543,#3544,#3545);
#3543 = CARTESIAN_POINT('',(-65.,30.,8.));
#3544 = DIRECTION('',(0.,0.,1.));
#3545 = DIRECTION('',(1.,0.,-0.));
#3546 = PLANE('',#3547);
#3547 = AXIS2_PLACEMENT_3D('',#3548,#3549,#3550);
#3548 = CARTESIAN_POINT('',(-65.,30.,8.));
#3549 = DIRECTION('',(0.,0.,1.));
#3550 = DIRECTION('',(1.,0.,-0.));
#3551 = ADVANCED_FACE('',(#3552,#3555),#3566,.T.);
#3552 = FACE_BOUND('',#3553,.T.);
#3553 = EDGE_LOOP('',(#3554));
#3554 = ORIENTED_EDGE('',*,*,#2654,.T.);
#3555 = FACE_BOUND('',#3556,.T.);
#3556 = EDGE_LOOP('',(#3557));
#3557 = ORIENTED_EDGE('',*,*,#3558,.F.);
#3558 = EDGE_CURVE('',#3559,#3559,#3561,.T.);
#3559 = VERTEX_POINT('',#3560);
#3560 = CARTESIAN_POINT('',(66.3,30.,8.));
#3561 = CIRCLE('',#3562,1.3);
#3562 = AXIS2_PLACEMENT_3D('',#3563,#3564,#3565);
#3563 = CARTESIAN_POINT('',(65.,30.,8.));
#3564 = DIRECTION('',(0.,0.,1.));
#3565 = DIRECTION('',(1.,0.,-0.));
#3566 = PLANE('',#3567);
#3567 = AXIS2_PLACEMENT_3D('',#3568,#3569,#3570);
#3568 = CARTESIAN_POINT('',(65.,30.,8.));
#3569 = DIRECTION('',(0.,0.,1.));
#3570 = DIRECTION('',(1.,0.,-0.));
#3571 = ADVANCED_FACE('',(#3572),#3591,.F.);
#3572 = FACE_BOUND('',#3573,.F.);
#3573 = EDGE_LOOP('',(#3574,#3575,#3583,#3590));
#3574 = ORIENTED_EDGE('',*,*,#3498,.F.);
#3575 = ORIENTED_EDGE('',*,*,#3576,.F.);
#3576 = EDGE_CURVE('',#3577,#3499,#3579,.T.);
#3577 = VERTEX_POINT('',#3578);
#3578 = CARTESIAN_POINT('',(-63.7,-30.,1.));
#3579 = LINE('',#3580,#3581);
#3580 = CARTESIAN_POINT('',(-63.7,-30.,1.));
#3581 = VECTOR('',#3582,1.);
#3582 = DIRECTION('',(0.,0.,1.));
#3583 = ORIENTED_EDGE('',*,*,#3584,.T.);
#3584 = EDGE_CURVE('',#3577,#3577,#3585,.T.);
#3585 = CIRCLE('',#3586,1.3);
#3586 = AXIS2_PLACEMENT_3D('',#3587,#3588,#3589);
#3587 = CARTESIAN_POINT('',(-65.,-30.,1.));
#3588 = DIRECTION('',(0.,0.,1.));
#3589 = DIRECTION('',(1.,0.,-0.));
#3590 = ORIENTED_EDGE('',*,*,#3576,.T.);
#3591 = CYLINDRICAL_SURFACE('',#3592,1.3);
#3592 = AXIS2_PLACEMENT_3D('',#3593,#3594,#3595);
#3593 = CARTESIAN_POINT('',(-65.,-30.,1.));
#3594 = DIRECTION('',(0.,0.,1.));
#3595 = DIRECTION('',(1.,0.,-0.));
#3596 = ADVANCED_FACE('',(#3597),#3616,.F.);
#3597 = FACE_BOUND('',#3598,.F.);
#3598 = EDGE_LOOP('',(#3599,#3600,#3608,#3615));
#3599 = ORIENTED_EDGE('',*,*,#3518,.F.);
#3600 = ORIENTED_EDGE('',*,*,#3601,.F.);
#3601 = EDGE_CURVE('',#3602,#3519,#3604,.T.);
#3602 = VERTEX_POINT('',#3603);
#3603 = CARTESIAN_POINT('',(66.3,-30.,1.));
#3604 = LINE('',#3605,#3606);
#3605 = CARTESIAN_POINT('',(66.3,-30.,1.));
#3606 = VECTOR('',#3607,1.);
#3607 = DIRECTION('',(0.,0.,1.));
#3608 = ORIENTED_EDGE('',*,*,#3609,.T.);
#3609 = EDGE_CURVE('',#3602,#3602,#3610,.T.);
#3610 = CIRCLE('',#3611,1.3);
#3611 = AXIS2_PLACEMENT_3D('',#3612,#3613,#3614);
#3612 = CARTESIAN_POINT('',(65.,-30.,1.));
#3613 = DIRECTION('',(0.,0.,1.));
#3614 = DIRECTION('',(1.,0.,-0.));
#3615 = ORIENTED_EDGE('',*,*,#3601,.T.);
#3616 = CYLINDRICAL_SURFACE('',#3617,1.3);
#3617 = AXIS2_PLACEMENT_3D('',#3618,#3619,#3620);
#3618 = CARTESIAN_POINT('',(65.,-30.,1.));
#3619 = DIRECTION('',(0.,0.,1.));
#3620 = DIRECTION('',(1.,0.,-0.));
#3621 = ADVANCED_FACE('',(#3622),#3641,.F.);
#3622 = FACE_BOUND('',#3623,.F.);
#3623 = EDGE_LOOP('',(#3624,#3625,#3633,#3640));
#3624 = ORIENTED_EDGE('',*,*,#3538,.F.);
#3625 = ORIENTED_EDGE('',*,*,#3626,.F.);
#3626 = EDGE_CURVE('',#3627,#3539,#3629,.T.);
#3627 = VERTEX_POINT('',#3628);
#3628 = CARTESIAN_POINT('',(-63.7,30.,1.));
#3629 = LINE('',#3630,#3631);
#3630 = CARTESIAN_POINT('',(-63.7,30.,1.));
#3631 = VECTOR('',#3632,1.);
#3632 = DIRECTION('',(0.,0.,1.));
#3633 = ORIENTED_EDGE('',*,*,#3634,.T.);
#3634 = EDGE_CURVE('',#3627,#3627,#3635,.T.);
#3635 = CIRCLE('',#3636,1.3);
#3636 = AXIS2_PLACEMENT_3D('',#3637,#3638,#3639);
#3637 = CARTESIAN_POINT('',(-65.,30.,1.));
#3638 = DIRECTION('',(0.,0.,1.));
#3639 = DIRECTION('',(1.,0.,-0.));
#3640 = ORIENTED_EDGE('',*,*,#3626,.T.);
#3641 = CYLINDRICAL_SURFACE('',#3642,1.3);
#3642 = AXIS2_PLACEMENT_3D('',#3643,#3644,#3645);
#3643 = CARTESIAN_POINT('',(-65.,30.,1.));
#3644 = DIRECTION('',(0.,0.,1.));
#3645 = DIRECTION('',(1.,0.,-0.));
#3646 = ADVANCED_FACE('',(#3647),#3666,.F.);
#3647 = FACE_BOUND('',#3648,.F.);
#3648 = EDGE_LOOP('',(#3649,#3650,#3658,#3665));
#3649 = ORIENTED_EDGE('',*,*,#3558,.F.);
#3650 = ORIENTED_EDGE('',*,*,#3651,.F.);
#3651 = EDGE_CURVE('',#3652,#3559,#3654,.T.);
#3652 = VERTEX_POINT('',#3653);
#3653 = CARTESIAN_POINT('',(66.3,30.,1.));
#3654 = LINE('',#3655,#3656);
#3655 = CARTESIAN_POINT('',(66.3,30.,1.));
#3656 = VECTOR('',#3657,1.);
#3657 = DIRECTION('',(0.,0.,1.));
#3658 = ORIENTED_EDGE('',*,*,#3659,.T.);
#3659 = EDGE_CURVE('',#3652,#3652,#3660,.T.);
#3660 = CIRCLE('',#3661,1.3);
#3661 = AXIS2_PLACEMENT_3D('',#3662,#3663,#3664);
#3662 = CARTESIAN_POINT('',(65.,30.,1.));
#3663 = DIRECTION('',(0.,0.,1.));
#3664 = DIRECTION('',(1.,0.,-0.));
#3665 = ORIENTED_EDGE('',*,*,#3651,.T.);
#3666 = CYLINDRICAL_SURFACE('',#3667,1.3);
#3667 = AXIS2_PLACEMENT_3D('',#3668,#3669,#3670);
#3668 = CARTESIAN_POINT('',(65.,30.,1.));
#3669 = DIRECTION('',(0.,0.,1.));
#3670 = DIRECTION('',(1.,0.,-0.));
#3671 = ADVANCED_FACE('',(#3672),#3675,.T.);
#3672 = FACE_BOUND('',#3673,.F.);
#3673 = EDGE_LOOP('',(#3674));
#3674 = ORIENTED_EDGE('',*,*,#3584,.F.);
#3675 = PLANE('',#3676);
#3676 = AXIS2_PLACEMENT_3D('',#3677,#3678,#3679);
#3677 = CARTESIAN_POINT('',(-65.,-30.,1.));
#3678 = DIRECTION('',(0.,0.,1.));
#3679 = DIRECTION('',(1.,0.,-0.));
#3680 = ADVANCED_FACE('',(#3681),#3684,.T.);
#3681 = FACE_BOUND('',#3682,.F.);
#3682 = EDGE_LOOP('',(#3683));
#3683 = ORIENTED_EDGE('',*,*,#3609,.F.);
#3684 = PLANE('',#3685);
#3685 = AXIS2_PLACEMENT_3D('',#3686,#3687,#3688);
#3686 = CARTESIAN_POINT('',(65.,-30.,1.));
#3687 = DIRECTION('',(0.,0.,1.));
#3688 = DIRECTION('',(1.,0.,-0.));
#3689 = ADVANCED_FACE('',(#3690),#3693,.T.);
#3690 = FACE_BOUND('',#3691,.F.);
#3691 = EDGE_LOOP('',(#3692));
#3692 = ORIENTED_EDGE('',*,*,#3634,.F.);
#3693 = PLANE('',#3694);
#3694 = AXIS2_PLACEMENT_3D('',#3695,#3696,#3697);
#3695 = CARTESIAN_POINT('',(-65.,30.,1.));
#3696 = DIRECTION('',(0.,0.,1.));
#3697 = DIRECTION('',(1.,0.,-0.));
#3698 = ADVANCED_FACE('',(#3699),#3702,.T.);
#3699 = FACE_BOUND('',#3700,.F.);
#3700 = EDGE_LOOP('',(#3701));
#3701 = ORIENTED_EDGE('',*,*,#3659,.F.);
#3702 = PLANE('',#3703);
#3703 = AXIS2_PLACEMENT_3D('',#3704,#3705,#3706);
#3704 = CARTESIAN_POINT('',(65.,30.,1.));
#3705 = DIRECTION('',(0.,0.,1.));
#3706 = DIRECTION('',(1.,0.,-0.));
#3707 = ADVANCED_FACE('',(#3708,#3718,#3792,#3803,#3814,#3825,#3836,
    #3847),#3858,.T.);
#3708 = FACE_BOUND('',#3709,.T.);
#3709 = EDGE_LOOP('',(#3710,#3711,#3712,#3713,#3714,#3715,#3716,#3717));
#3710 = ORIENTED_EDGE('',*,*,#519,.T.);
#3711 = ORIENTED_EDGE('',*,*,#615,.T.);
#3712 = ORIENTED_EDGE('',*,*,#878,.T.);
#3713 = ORIENTED_EDGE('',*,*,#997,.T.);
#3714 = ORIENTED_EDGE('',*,*,#1028,.T.);
#3715 = ORIENTED_EDGE('',*,*,#920,.T.);
#3716 = ORIENTED_EDGE('',*,*,#710,.T.);
#3717 = ORIENTED_EDGE('',*,*,#561,.T.);
#3718 = FACE_BOUND('',#3719,.T.);
#3719 = EDGE_LOOP('',(#3720,#3721,#3722,#3723,#3724,#3725,#3734,#3741,
    #3742,#3751,#3758,#3759,#3768,#3775,#3776,#3785));
#3720 = ORIENTED_EDGE('',*,*,#391,.T.);
#3721 = ORIENTED_EDGE('',*,*,#1449,.T.);
#3722 = ORIENTED_EDGE('',*,*,#453,.T.);
#3723 = ORIENTED_EDGE('',*,*,#1563,.T.);
#3724 = ORIENTED_EDGE('',*,*,#422,.T.);
#3725 = ORIENTED_EDGE('',*,*,#3726,.T.);
#3726 = EDGE_CURVE('',#415,#3727,#3729,.T.);
#3727 = VERTEX_POINT('',#3728);
#3728 = CARTESIAN_POINT('',(4.,-46.,48.));
#3729 = CIRCLE('',#3730,4.);
#3730 = AXIS2_PLACEMENT_3D('',#3731,#3732,#3733);
#3731 = CARTESIAN_POINT('',(0.,-46.,48.));
#3732 = DIRECTION('',(0.,0.,1.));
#3733 = DIRECTION('',(1.,0.,-0.));
#3734 = ORIENTED_EDGE('',*,*,#3735,.T.);
#3735 = EDGE_CURVE('',#3727,#361,#3736,.T.);
#3736 = CIRCLE('',#3737,4.);
#3737 = AXIS2_PLACEMENT_3D('',#3738,#3739,#3740);
#3738 = CARTESIAN_POINT('',(0.,-46.,48.));
#3739 = DIRECTION('',(0.,0.,1.));
#3740 = DIRECTION('',(1.,0.,-0.));
#3741 = ORIENTED_EDGE('',*,*,#360,.T.);
#3742 = ORIENTED_EDGE('',*,*,#3743,.T.);
#3743 = EDGE_CURVE('',#353,#3744,#3746,.T.);
#3744 = VERTEX_POINT('',#3745);
#3745 = CARTESIAN_POINT('',(-72.,-46.,48.));
#3746 = CIRCLE('',#3747,4.);
#3747 = AXIS2_PLACEMENT_3D('',#3748,#3749,#3750);
#3748 = CARTESIAN_POINT('',(-76.,-46.,48.));
#3749 = DIRECTION('',(0.,0.,1.));
#3750 = DIRECTION('',(1.,0.,-0.));
#3751 = ORIENTED_EDGE('',*,*,#3752,.T.);
#3752 = EDGE_CURVE('',#3744,#40,#3753,.T.);
#3753 = CIRCLE('',#3754,4.);
#3754 = AXIS2_PLACEMENT_3D('',#3755,#3756,#3757);
#3755 = CARTESIAN_POINT('',(-76.,-46.,48.));
#3756 = DIRECTION('',(0.,0.,1.));
#3757 = DIRECTION('',(1.,0.,-0.));
#3758 = ORIENTED_EDGE('',*,*,#39,.T.);
#3759 = ORIENTED_EDGE('',*,*,#3760,.T.);
#3760 = EDGE_CURVE('',#32,#3761,#3763,.T.);
#3761 = VERTEX_POINT('',#3762);
#3762 = CARTESIAN_POINT('',(-72.,46.,48.));
#3763 = CIRCLE('',#3764,4.);
#3764 = AXIS2_PLACEMENT_3D('',#3765,#3766,#3767);
#3765 = CARTESIAN_POINT('',(-76.,46.,48.));
#3766 = DIRECTION('',(0.,0.,1.));
#3767 = DIRECTION('',(1.,0.,-0.));
#3768 = ORIENTED_EDGE('',*,*,#3769,.T.);
#3769 = EDGE_CURVE('',#3761,#330,#3770,.T.);
#3770 = CIRCLE('',#3771,4.);
#3771 = AXIS2_PLACEMENT_3D('',#3772,#3773,#3774);
#3772 = CARTESIAN_POINT('',(-76.,46.,48.));
#3773 = DIRECTION('',(0.,0.,1.));
#3774 = DIRECTION('',(1.,0.,-0.));
#3775 = ORIENTED_EDGE('',*,*,#329,.T.);
#3776 = ORIENTED_EDGE('',*,*,#3777,.T.);
#3777 = EDGE_CURVE('',#322,#3778,#3780,.T.);
#3778 = VERTEX_POINT('',#3779);
#3779 = CARTESIAN_POINT('',(4.,46.,48.));
#3780 = CIRCLE('',#3781,4.);
#3781 = AXIS2_PLACEMENT_3D('',#3782,#3783,#3784);
#3782 = CARTESIAN_POINT('',(0.,46.,48.));
#3783 = DIRECTION('',(0.,0.,1.));
#3784 = DIRECTION('',(1.,0.,-0.));
#3785 = ORIENTED_EDGE('',*,*,#3786,.T.);
#3786 = EDGE_CURVE('',#3778,#392,#3787,.T.);
#3787 = CIRCLE('',#3788,4.);
#3788 = AXIS2_PLACEMENT_3D('',#3789,#3790,#3791);
#3789 = CARTESIAN_POINT('',(0.,46.,48.));
#3790 = DIRECTION('',(0.,0.,1.));
#3791 = DIRECTION('',(1.,0.,-0.));
#3792 = FACE_BOUND('',#3793,.T.);
#3793 = EDGE_LOOP('',(#3794));
#3794 = ORIENTED_EDGE('',*,*,#3795,.F.);
#3795 = EDGE_CURVE('',#3796,#3796,#3798,.T.);
#3796 = VERTEX_POINT('',#3797);
#3797 = CARTESIAN_POINT('',(2.1,46.,48.));
#3798 = CIRCLE('',#3799,2.1);
#3799 = AXIS2_PLACEMENT_3D('',#3800,#3801,#3802);
#3800 = CARTESIAN_POINT('',(0.,46.,48.));
#3801 = DIRECTION('',(0.,0.,1.));
#3802 = DIRECTION('',(1.,0.,-0.));
#3803 = FACE_BOUND('',#3804,.T.);
#3804 = EDGE_LOOP('',(#3805));
#3805 = ORIENTED_EDGE('',*,*,#3806,.F.);
#3806 = EDGE_CURVE('',#3807,#3807,#3809,.T.);
#3807 = VERTEX_POINT('',#3808);
#3808 = CARTESIAN_POINT('',(2.1,-46.,48.));
#3809 = CIRCLE('',#3810,2.1);
#3810 = AXIS2_PLACEMENT_3D('',#3811,#3812,#3813);
#3811 = CARTESIAN_POINT('',(0.,-46.,48.));
#3812 = DIRECTION('',(0.,0.,1.));
#3813 = DIRECTION('',(1.,0.,-0.));
#3814 = FACE_BOUND('',#3815,.T.);
#3815 = EDGE_LOOP('',(#3816));
#3816 = ORIENTED_EDGE('',*,*,#3817,.F.);
#3817 = EDGE_CURVE('',#3818,#3818,#3820,.T.);
#3818 = VERTEX_POINT('',#3819);
#3819 = CARTESIAN_POINT('',(78.1,46.,48.));
#3820 = CIRCLE('',#3821,2.1);
#3821 = AXIS2_PLACEMENT_3D('',#3822,#3823,#3824);
#3822 = CARTESIAN_POINT('',(76.,46.,48.));
#3823 = DIRECTION('',(0.,0.,1.));
#3824 = DIRECTION('',(1.,0.,-0.));
#3825 = FACE_BOUND('',#3826,.T.);
#3826 = EDGE_LOOP('',(#3827));
#3827 = ORIENTED_EDGE('',*,*,#3828,.F.);
#3828 = EDGE_CURVE('',#3829,#3829,#3831,.T.);
#3829 = VERTEX_POINT('',#3830);
#3830 = CARTESIAN_POINT('',(-73.9,46.,48.));
#3831 = CIRCLE('',#3832,2.1);
#3832 = AXIS2_PLACEMENT_3D('',#3833,#3834,#3835);
#3833 = CARTESIAN_POINT('',(-76.,46.,48.));
#3834 = DIRECTION('',(0.,0.,1.));
#3835 = DIRECTION('',(1.,0.,-0.));
#3836 = FACE_BOUND('',#3837,.T.);
#3837 = EDGE_LOOP('',(#3838));
#3838 = ORIENTED_EDGE('',*,*,#3839,.F.);
#3839 = EDGE_CURVE('',#3840,#3840,#3842,.T.);
#3840 = VERTEX_POINT('',#3841);
#3841 = CARTESIAN_POINT('',(-73.9,-46.,48.));
#3842 = CIRCLE('',#3843,2.1);
#3843 = AXIS2_PLACEMENT_3D('',#3844,#3845,#3846);
#3844 = CARTESIAN_POINT('',(-76.,-46.,48.));
#3845 = DIRECTION('',(0.,0.,1.));
#3846 = DIRECTION('',(1.,0.,-0.));
#3847 = FACE_BOUND('',#3848,.T.);
#3848 = EDGE_LOOP('',(#3849));
#3849 = ORIENTED_EDGE('',*,*,#3850,.F.);
#3850 = EDGE_CURVE('',#3851,#3851,#3853,.T.);
#3851 = VERTEX_POINT('',#3852);
#3852 = CARTESIAN_POINT('',(78.1,-46.,48.));
#3853 = CIRCLE('',#3854,2.1);
#3854 = AXIS2_PLACEMENT_3D('',#3855,#3856,#3857);
#3855 = CARTESIAN_POINT('',(76.,-46.,48.));
#3856 = DIRECTION('',(0.,0.,1.));
#3857 = DIRECTION('',(1.,0.,-0.));
#3858 = PLANE('',#3859);
#3859 = AXIS2_PLACEMENT_3D('',#3860,#3861,#3862);
#3860 = CARTESIAN_POINT('',(-3.504402982607E-15,1.752201491304E-15,48.)
  );
#3861 = DIRECTION('',(0.,0.,1.));
#3862 = DIRECTION('',(1.,0.,-0.));
#3863 = ADVANCED_FACE('',(#3864),#3883,.F.);
#3864 = FACE_BOUND('',#3865,.F.);
#3865 = EDGE_LOOP('',(#3866,#3867,#3875,#3882));
#3866 = ORIENTED_EDGE('',*,*,#3795,.F.);
#3867 = ORIENTED_EDGE('',*,*,#3868,.F.);
#3868 = EDGE_CURVE('',#3869,#3796,#3871,.T.);
#3869 = VERTEX_POINT('',#3870);
#3870 = CARTESIAN_POINT('',(2.1,46.,40.));
#3871 = LINE('',#3872,#3873);
#3872 = CARTESIAN_POINT('',(2.1,46.,40.));
#3873 = VECTOR('',#3874,1.);
#3874 = DIRECTION('',(0.,0.,1.));
#3875 = ORIENTED_EDGE('',*,*,#3876,.T.);
#3876 = EDGE_CURVE('',#3869,#3869,#3877,.T.);
#3877 = CIRCLE('',#3878,2.1);
#3878 = AXIS2_PLACEMENT_3D('',#3879,#3880,#3881);
#3879 = CARTESIAN_POINT('',(0.,46.,40.));
#3880 = DIRECTION('',(0.,0.,1.));
#3881 = DIRECTION('',(1.,0.,-0.));
#3882 = ORIENTED_EDGE('',*,*,#3868,.T.);
#3883 = CYLINDRICAL_SURFACE('',#3884,2.1);
#3884 = AXIS2_PLACEMENT_3D('',#3885,#3886,#3887);
#3885 = CARTESIAN_POINT('',(0.,46.,40.));
#3886 = DIRECTION('',(0.,0.,1.));
#3887 = DIRECTION('',(1.,0.,-0.));
#3888 = ADVANCED_FACE('',(#3889),#3892,.T.);
#3889 = FACE_BOUND('',#3890,.F.);
#3890 = EDGE_LOOP('',(#3891));
#3891 = ORIENTED_EDGE('',*,*,#3876,.F.);
#3892 = PLANE('',#3893);
#3893 = AXIS2_PLACEMENT_3D('',#3894,#3895,#3896);
#3894 = CARTESIAN_POINT('',(0.,46.,40.));
#3895 = DIRECTION('',(0.,0.,1.));
#3896 = DIRECTION('',(1.,0.,-0.));
#3897 = ADVANCED_FACE('',(#3898),#3917,.F.);
#3898 = FACE_BOUND('',#3899,.F.);
#3899 = EDGE_LOOP('',(#3900,#3901,#3909,#3916));
#3900 = ORIENTED_EDGE('',*,*,#3806,.F.);
#3901 = ORIENTED_EDGE('',*,*,#3902,.F.);
#3902 = EDGE_CURVE('',#3903,#3807,#3905,.T.);
#3903 = VERTEX_POINT('',#3904);
#3904 = CARTESIAN_POINT('',(2.1,-46.,40.));
#3905 = LINE('',#3906,#3907);
#3906 = CARTESIAN_POINT('',(2.1,-46.,40.));
#3907 = VECTOR('',#3908,1.);
#3908 = DIRECTION('',(0.,0.,1.));
#3909 = ORIENTED_EDGE('',*,*,#3910,.T.);
#3910 = EDGE_CURVE('',#3903,#3903,#3911,.T.);
#3911 = CIRCLE('',#3912,2.1);
#3912 = AXIS2_PLACEMENT_3D('',#3913,#3914,#3915);
#3913 = CARTESIAN_POINT('',(0.,-46.,40.));
#3914 = DIRECTION('',(0.,0.,1.));
#3915 = DIRECTION('',(1.,0.,-0.));
#3916 = ORIENTED_EDGE('',*,*,#3902,.T.);
#3917 = CYLINDRICAL_SURFACE('',#3918,2.1);
#3918 = AXIS2_PLACEMENT_3D('',#3919,#3920,#3921);
#3919 = CARTESIAN_POINT('',(0.,-46.,40.));
#3920 = DIRECTION('',(0.,0.,1.));
#3921 = DIRECTION('',(1.,0.,-0.));
#3922 = ADVANCED_FACE('',(#3923),#3926,.T.);
#3923 = FACE_BOUND('',#3924,.F.);
#3924 = EDGE_LOOP('',(#3925));
#3925 = ORIENTED_EDGE('',*,*,#3910,.F.);
#3926 = PLANE('',#3927);
#3927 = AXIS2_PLACEMENT_3D('',#3928,#3929,#3930);
#3928 = CARTESIAN_POINT('',(0.,-46.,40.));
#3929 = DIRECTION('',(0.,0.,1.));
#3930 = DIRECTION('',(1.,0.,-0.));
#3931 = ADVANCED_FACE('',(#3932),#3951,.F.);
#3932 = FACE_BOUND('',#3933,.F.);
#3933 = EDGE_LOOP('',(#3934,#3935,#3943,#3950));
#3934 = ORIENTED_EDGE('',*,*,#3817,.F.);
#3935 = ORIENTED_EDGE('',*,*,#3936,.F.);
#3936 = EDGE_CURVE('',#3937,#3818,#3939,.T.);
#3937 = VERTEX_POINT('',#3938);
#3938 = CARTESIAN_POINT('',(78.1,46.,40.));
#3939 = LINE('',#3940,#3941);
#3940 = CARTESIAN_POINT('',(78.1,46.,40.));
#3941 = VECTOR('',#3942,1.);
#3942 = DIRECTION('',(0.,0.,1.));
#3943 = ORIENTED_EDGE('',*,*,#3944,.T.);
#3944 = EDGE_CURVE('',#3937,#3937,#3945,.T.);
#3945 = CIRCLE('',#3946,2.1);
#3946 = AXIS2_PLACEMENT_3D('',#3947,#3948,#3949);
#3947 = CARTESIAN_POINT('',(76.,46.,40.));
#3948 = DIRECTION('',(0.,0.,1.));
#3949 = DIRECTION('',(1.,0.,-0.));
#3950 = ORIENTED_EDGE('',*,*,#3936,.T.);
#3951 = CYLINDRICAL_SURFACE('',#3952,2.1);
#3952 = AXIS2_PLACEMENT_3D('',#3953,#3954,#3955);
#3953 = CARTESIAN_POINT('',(76.,46.,40.));
#3954 = DIRECTION('',(0.,0.,1.));
#3955 = DIRECTION('',(1.,0.,-0.));
#3956 = ADVANCED_FACE('',(#3957),#3960,.T.);
#3957 = FACE_BOUND('',#3958,.F.);
#3958 = EDGE_LOOP('',(#3959));
#3959 = ORIENTED_EDGE('',*,*,#3944,.F.);
#3960 = PLANE('',#3961);
#3961 = AXIS2_PLACEMENT_3D('',#3962,#3963,#3964);
#3962 = CARTESIAN_POINT('',(76.,46.,40.));
#3963 = DIRECTION('',(0.,0.,1.));
#3964 = DIRECTION('',(1.,0.,-0.));
#3965 = ADVANCED_FACE('',(#3966),#3985,.F.);
#3966 = FACE_BOUND('',#3967,.F.);
#3967 = EDGE_LOOP('',(#3968,#3969,#3977,#3984));
#3968 = ORIENTED_EDGE('',*,*,#3828,.F.);
#3969 = ORIENTED_EDGE('',*,*,#3970,.F.);
#3970 = EDGE_CURVE('',#3971,#3829,#3973,.T.);
#3971 = VERTEX_POINT('',#3972);
#3972 = CARTESIAN_POINT('',(-73.9,46.,40.));
#3973 = LINE('',#3974,#3975);
#3974 = CARTESIAN_POINT('',(-73.9,46.,40.));
#3975 = VECTOR('',#3976,1.);
#3976 = DIRECTION('',(0.,0.,1.));
#3977 = ORIENTED_EDGE('',*,*,#3978,.T.);
#3978 = EDGE_CURVE('',#3971,#3971,#3979,.T.);
#3979 = CIRCLE('',#3980,2.1);
#3980 = AXIS2_PLACEMENT_3D('',#3981,#3982,#3983);
#3981 = CARTESIAN_POINT('',(-76.,46.,40.));
#3982 = DIRECTION('',(0.,0.,1.));
#3983 = DIRECTION('',(1.,0.,-0.));
#3984 = ORIENTED_EDGE('',*,*,#3970,.T.);
#3985 = CYLINDRICAL_SURFACE('',#3986,2.1);
#3986 = AXIS2_PLACEMENT_3D('',#3987,#3988,#3989);
#3987 = CARTESIAN_POINT('',(-76.,46.,40.));
#3988 = DIRECTION('',(0.,0.,1.));
#3989 = DIRECTION('',(1.,0.,-0.));
#3990 = ADVANCED_FACE('',(#3991),#3994,.T.);
#3991 = FACE_BOUND('',#3992,.F.);
#3992 = EDGE_LOOP('',(#3993));
#3993 = ORIENTED_EDGE('',*,*,#3978,.F.);
#3994 = PLANE('',#3995);
#3995 = AXIS2_PLACEMENT_3D('',#3996,#3997,#3998);
#3996 = CARTESIAN_POINT('',(-76.,46.,40.));
#3997 = DIRECTION('',(0.,0.,1.));
#3998 = DIRECTION('',(1.,0.,-0.));
#3999 = ADVANCED_FACE('',(#4000),#4019,.F.);
#4000 = FACE_BOUND('',#4001,.F.);
#4001 = EDGE_LOOP('',(#4002,#4003,#4011,#4018));
#4002 = ORIENTED_EDGE('',*,*,#3839,.F.);
#4003 = ORIENTED_EDGE('',*,*,#4004,.F.);
#4004 = EDGE_CURVE('',#4005,#3840,#4007,.T.);
#4005 = VERTEX_POINT('',#4006);
#4006 = CARTESIAN_POINT('',(-73.9,-46.,40.));
#4007 = LINE('',#4008,#4009);
#4008 = CARTESIAN_POINT('',(-73.9,-46.,40.));
#4009 = VECTOR('',#4010,1.);
#4010 = DIRECTION('',(0.,0.,1.));
#4011 = ORIENTED_EDGE('',*,*,#4012,.T.);
#4012 = EDGE_CURVE('',#4005,#4005,#4013,.T.);
#4013 = CIRCLE('',#4014,2.1);
#4014 = AXIS2_PLACEMENT_3D('',#4015,#4016,#4017);
#4015 = CARTESIAN_POINT('',(-76.,-46.,40.));
#4016 = DIRECTION('',(0.,0.,1.));
#4017 = DIRECTION('',(1.,0.,-0.));
#4018 = ORIENTED_EDGE('',*,*,#4004,.T.);
#4019 = CYLINDRICAL_SURFACE('',#4020,2.1);
#4020 = AXIS2_PLACEMENT_3D('',#4021,#4022,#4023);
#4021 = CARTESIAN_POINT('',(-76.,-46.,40.));
#4022 = DIRECTION('',(0.,0.,1.));
#4023 = DIRECTION('',(1.,0.,-0.));
#4024 = ADVANCED_FACE('',(#4025),#4028,.T.);
#4025 = FACE_BOUND('',#4026,.F.);
#4026 = EDGE_LOOP('',(#4027));
#4027 = ORIENTED_EDGE('',*,*,#4012,.F.);
#4028 = PLANE('',#4029);
#4029 = AXIS2_PLACEMENT_3D('',#4030,#4031,#4032);
#4030 = CARTESIAN_POINT('',(-76.,-46.,40.));
#4031 = DIRECTION('',(0.,0.,1.));
#4032 = DIRECTION('',(1.,0.,-0.));
#4033 = ADVANCED_FACE('',(#4034),#4053,.F.);
#4034 = FACE_BOUND('',#4035,.F.);
#4035 = EDGE_LOOP('',(#4036,#4037,#4045,#4052));
#4036 = ORIENTED_EDGE('',*,*,#3850,.F.);
#4037 = ORIENTED_EDGE('',*,*,#4038,.F.);
#4038 = EDGE_CURVE('',#4039,#3851,#4041,.T.);
#4039 = VERTEX_POINT('',#4040);
#4040 = CARTESIAN_POINT('',(78.1,-46.,40.));
#4041 = LINE('',#4042,#4043);
#4042 = CARTESIAN_POINT('',(78.1,-46.,40.));
#4043 = VECTOR('',#4044,1.);
#4044 = DIRECTION('',(0.,0.,1.));
#4045 = ORIENTED_EDGE('',*,*,#4046,.T.);
#4046 = EDGE_CURVE('',#4039,#4039,#4047,.T.);
#4047 = CIRCLE('',#4048,2.1);
#4048 = AXIS2_PLACEMENT_3D('',#4049,#4050,#4051);
#4049 = CARTESIAN_POINT('',(76.,-46.,40.));
#4050 = DIRECTION('',(0.,0.,1.));
#4051 = DIRECTION('',(1.,0.,-0.));
#4052 = ORIENTED_EDGE('',*,*,#4038,.T.);
#4053 = CYLINDRICAL_SURFACE('',#4054,2.1);
#4054 = AXIS2_PLACEMENT_3D('',#4055,#4056,#4057);
#4055 = CARTESIAN_POINT('',(76.,-46.,40.));
#4056 = DIRECTION('',(0.,0.,1.));
#4057 = DIRECTION('',(1.,0.,-0.));
#4058 = ADVANCED_FACE('',(#4059),#4062,.T.);
#4059 = FACE_BOUND('',#4060,.F.);
#4060 = EDGE_LOOP('',(#4061));
#4061 = ORIENTED_EDGE('',*,*,#4046,.F.);
#4062 = PLANE('',#4063);
#4063 = AXIS2_PLACEMENT_3D('',#4064,#4065,#4066);
#4064 = CARTESIAN_POINT('',(76.,-46.,40.));
#4065 = DIRECTION('',(0.,0.,1.));
#4066 = DIRECTION('',(1.,0.,-0.));
#4067 = ADVANCED_FACE('',(#4068),#4076,.T.);
#4068 = FACE_BOUND('',#4069,.T.);
#4069 = EDGE_LOOP('',(#4070,#4071,#4072,#4073,#4074,#4075));
#4070 = ORIENTED_EDGE('',*,*,#3777,.F.);
#4071 = ORIENTED_EDGE('',*,*,#321,.F.);
#4072 = ORIENTED_EDGE('',*,*,#200,.T.);
#4073 = ORIENTED_EDGE('',*,*,#191,.T.);
#4074 = ORIENTED_EDGE('',*,*,#399,.T.);
#4075 = ORIENTED_EDGE('',*,*,#3786,.F.);
#4076 = CYLINDRICAL_SURFACE('',#4077,4.);
#4077 = AXIS2_PLACEMENT_3D('',#4078,#4079,#4080);
#4078 = CARTESIAN_POINT('',(0.,46.,3.));
#4079 = DIRECTION('',(0.,0.,1.));
#4080 = DIRECTION('',(1.,0.,-0.));
#4081 = ADVANCED_FACE('',(#4082),#4090,.T.);
#4082 = FACE_BOUND('',#4083,.T.);
#4083 = EDGE_LOOP('',(#4084,#4085,#4086,#4087,#4088,#4089));
#4084 = ORIENTED_EDGE('',*,*,#3760,.F.);
#4085 = ORIENTED_EDGE('',*,*,#31,.F.);
#4086 = ORIENTED_EDGE('',*,*,#95,.T.);
#4087 = ORIENTED_EDGE('',*,*,#217,.T.);
#4088 = ORIENTED_EDGE('',*,*,#337,.T.);
#4089 = ORIENTED_EDGE('',*,*,#3769,.F.);
#4090 = CYLINDRICAL_SURFACE('',#4091,4.);
#4091 = AXIS2_PLACEMENT_3D('',#4092,#4093,#4094);
#4092 = CARTESIAN_POINT('',(-76.,46.,3.));
#4093 = DIRECTION('',(0.,0.,1.));
#4094 = DIRECTION('',(1.,0.,-0.));
#4095 = ADVANCED_FACE('',(#4096),#4104,.T.);
#4096 = FACE_BOUND('',#4097,.T.);
#4097 = EDGE_LOOP('',(#4098,#4099,#4100,#4101,#4102,#4103));
#4098 = ORIENTED_EDGE('',*,*,#3743,.F.);
#4099 = ORIENTED_EDGE('',*,*,#352,.F.);
#4100 = ORIENTED_EDGE('',*,*,#114,.T.);
#4101 = ORIENTED_EDGE('',*,*,#105,.T.);
#4102 = ORIENTED_EDGE('',*,*,#47,.T.);
#4103 = ORIENTED_EDGE('',*,*,#3752,.F.);
#4104 = CYLINDRICAL_SURFACE('',#4105,4.);
#4105 = AXIS2_PLACEMENT_3D('',#4106,#4107,#4108);
#4106 = CARTESIAN_POINT('',(-76.,-46.,3.));
#4107 = DIRECTION('',(0.,0.,1.));
#4108 = DIRECTION('',(1.,0.,-0.));
#4109 = ADVANCED_FACE('',(#4110),#4118,.T.);
#4110 = FACE_BOUND('',#4111,.T.);
#4111 = EDGE_LOOP('',(#4112,#4113,#4114,#4115,#4116,#4117));
#4112 = ORIENTED_EDGE('',*,*,#3726,.F.);
#4113 = ORIENTED_EDGE('',*,*,#414,.F.);
#4114 = ORIENTED_EDGE('',*,*,#140,.T.);
#4115 = ORIENTED_EDGE('',*,*,#131,.T.);
#4116 = ORIENTED_EDGE('',*,*,#368,.T.);
#4117 = ORIENTED_EDGE('',*,*,#3735,.F.);
#4118 = CYLINDRICAL_SURFACE('',#4119,4.);
#4119 = AXIS2_PLACEMENT_3D('',#4120,#4121,#4122);
#4120 = CARTESIAN_POINT('',(0.,-46.,3.));
#4121 = DIRECTION('',(0.,0.,1.));
#4122 = DIRECTION('',(1.,0.,-0.));
#4123 = ( GEOMETRIC_REPRESENTATION_CONTEXT(3) 
GLOBAL_UNCERTAINTY_ASSIGNED_CONTEXT((#4127)) 
GLOBAL_UNIT_ASSIGNED_CONTEXT((#4124,#4125,#4126)) REPRESENTATION_CONTEXT
('Context #1','3D Context with UNIT and UNCERTAINTY') );
#4124 = ( LENGTH_UNIT() NAMED_UNIT(*) SI_UNIT(.MILLI.,.METRE.) );
#4125 = ( NAMED_UNIT(*) PLANE_ANGLE_UNIT() SI_UNIT($,.RADIAN.) );
#4126 = ( NAMED_UNIT(*) SI_UNIT($,.STERADIAN.) SOLID_ANGLE_UNIT() );
#4127 = UNCERTAINTY_MEASURE_WITH_UNIT(LENGTH_MEASURE(1.E-07),#4124,
  'distance_accuracy_value','confusion accuracy');
#4128 = PRODUCT_RELATED_PRODUCT_CATEGORY('part',$,(#7));
ENDSEC;
END-ISO-10303-21;
