ISO-10303-21;
HEADER;
FILE_DESCRIPTION(('FreeCAD Model'),'2;1');
FILE_NAME('Open CASCADE Shape Model','2026-08-10T23:12:22',('FreeCAD'),(
    'FreeCAD'),'Open CASCADE STEP processor 7.8','FreeCAD','Unknown');
FILE_SCHEMA(('AUTOMOTIVE_DESIGN { 1 0 10303 214 1 1 1 1 }'));
ENDSEC;
DATA;
#1 = APPLICATION_PROTOCOL_DEFINITION('international standard',
  'automotive_design',2000,#2);
#2 = APPLICATION_CONTEXT(
  'core data for automotive mechanical design processes');
#3 = SHAPE_DEFINITION_REPRESENTATION(#4,#10);
#4 = PRODUCT_DEFINITION_SHAPE('','',#5);
#5 = PRODUCT_DEFINITION('design','',#6,#9);
#6 = PRODUCT_DEFINITION_FORMATION('','',#7);
#7 = PRODUCT('Open CASCADE STEP translator 7.8 2',
  'Open CASCADE STEP translator 7.8 2','',(#8));
#8 = PRODUCT_CONTEXT('',#2,'mechanical');
#9 = PRODUCT_DEFINITION_CONTEXT('part definition',#2,'design');
#10 = ADVANCED_BREP_SHAPE_REPRESENTATION('',(#11,#15),#2901);
#11 = AXIS2_PLACEMENT_3D('',#12,#13,#14);
#12 = CARTESIAN_POINT('',(0.,0.,0.));
#13 = DIRECTION('',(0.,0.,1.));
#14 = DIRECTION('',(1.,0.,-0.));
#15 = MANIFOLD_SOLID_BREP('',#16);
#16 = CLOSED_SHELL('',(#17,#59,#90,#121,#243,#449,#466,#483,#500,#517,
    #529,#561,#585,#610,#634,#659,#683,#708,#725,#759,#784,#809,#843,
    #877,#902,#927,#952,#977,#1011,#1036,#1061,#1095,#1129,#1215,#1241,
    #1266,#1291,#1317,#1343,#1368,#1393,#1418,#1443,#1469,#1494,#1519,
    #1545,#1571,#1602,#1627,#1651,#1676,#1700,#1725,#1749,#1767,#2105,
    #2122,#2139,#2156,#2173,#2190,#2207,#2224,#2241,#2272,#2297,#2322,
    #2339,#2370,#2395,#2420,#2437,#2468,#2493,#2518,#2535,#2566,#2591,
    #2616,#2633,#2664,#2689,#2714,#2731,#2762,#2787,#2812,#2829,#2841,
    #2853,#2865,#2877,#2889));
#17 = ADVANCED_FACE('',(#18),#54,.T.);
#18 = FACE_BOUND('',#19,.F.);
#19 = EDGE_LOOP('',(#20,#30,#39,#47));
#20 = ORIENTED_EDGE('',*,*,#21,.T.);
#21 = EDGE_CURVE('',#22,#24,#26,.T.);
#22 = VERTEX_POINT('',#23);
#23 = CARTESIAN_POINT('',(76.,-49.,46.));
#24 = VERTEX_POINT('',#25);
#25 = CARTESIAN_POINT('',(76.,-49.,52.));
#26 = LINE('',#27,#28);
#27 = CARTESIAN_POINT('',(76.,-49.,46.));
#28 = VECTOR('',#29,1.);
#29 = DIRECTION('',(0.,0.,1.));
#30 = ORIENTED_EDGE('',*,*,#31,.T.);
#31 = EDGE_CURVE('',#24,#32,#34,.T.);
#32 = VERTEX_POINT('',#33);
#33 = CARTESIAN_POINT('',(84.,-41.,52.));
#34 = CIRCLE('',#35,8.);
#35 = AXIS2_PLACEMENT_3D('',#36,#37,#38);
#36 = CARTESIAN_POINT('',(76.,-41.,52.));
#37 = DIRECTION('',(0.,0.,1.));
#38 = DIRECTION('',(0.,-1.,0.));
#39 = ORIENTED_EDGE('',*,*,#40,.F.);
#40 = EDGE_CURVE('',#41,#32,#43,.T.);
#41 = VERTEX_POINT('',#42);
#42 = CARTESIAN_POINT('',(84.,-41.,46.));
#43 = LINE('',#44,#45);
#44 = CARTESIAN_POINT('',(84.,-41.,46.));
#45 = VECTOR('',#46,1.);
#46 = DIRECTION('',(0.,0.,1.));
#47 = ORIENTED_EDGE('',*,*,#48,.F.);
#48 = EDGE_CURVE('',#22,#41,#49,.T.);
#49 = CIRCLE('',#50,8.);
#50 = AXIS2_PLACEMENT_3D('',#51,#52,#53);
#51 = CARTESIAN_POINT('',(76.,-41.,46.));
#52 = DIRECTION('',(0.,0.,1.));
#53 = DIRECTION('',(0.,-1.,0.));
#54 = CYLINDRICAL_SURFACE('',#55,8.);
#55 = AXIS2_PLACEMENT_3D('',#56,#57,#58);
#56 = CARTESIAN_POINT('',(76.,-41.,46.));
#57 = DIRECTION('',(-0.,-0.,-1.));
#58 = DIRECTION('',(0.,-1.,0.));
#59 = ADVANCED_FACE('',(#60),#85,.F.);
#60 = FACE_BOUND('',#61,.F.);
#61 = EDGE_LOOP('',(#62,#72,#78,#79));
#62 = ORIENTED_EDGE('',*,*,#63,.T.);
#63 = EDGE_CURVE('',#64,#66,#68,.T.);
#64 = VERTEX_POINT('',#65);
#65 = CARTESIAN_POINT('',(-76.,-49.,46.));
#66 = VERTEX_POINT('',#67);
#67 = CARTESIAN_POINT('',(-76.,-49.,52.));
#68 = LINE('',#69,#70);
#69 = CARTESIAN_POINT('',(-76.,-49.,46.));
#70 = VECTOR('',#71,1.);
#71 = DIRECTION('',(0.,0.,1.));
#72 = ORIENTED_EDGE('',*,*,#73,.T.);
#73 = EDGE_CURVE('',#66,#24,#74,.T.);
#74 = LINE('',#75,#76);
#75 = CARTESIAN_POINT('',(-76.,-49.,52.));
#76 = VECTOR('',#77,1.);
#77 = DIRECTION('',(1.,0.,0.));
#78 = ORIENTED_EDGE('',*,*,#21,.F.);
#79 = ORIENTED_EDGE('',*,*,#80,.F.);
#80 = EDGE_CURVE('',#64,#22,#81,.T.);
#81 = LINE('',#82,#83);
#82 = CARTESIAN_POINT('',(-76.,-49.,46.));
#83 = VECTOR('',#84,1.);
#84 = DIRECTION('',(1.,0.,0.));
#85 = PLANE('',#86);
#86 = AXIS2_PLACEMENT_3D('',#87,#88,#89);
#87 = CARTESIAN_POINT('',(-76.,-49.,46.));
#88 = DIRECTION('',(0.,1.,0.));
#89 = DIRECTION('',(1.,0.,0.));
#90 = ADVANCED_FACE('',(#91),#116,.F.);
#91 = FACE_BOUND('',#92,.F.);
#92 = EDGE_LOOP('',(#93,#94,#102,#110));
#93 = ORIENTED_EDGE('',*,*,#40,.T.);
#94 = ORIENTED_EDGE('',*,*,#95,.T.);
#95 = EDGE_CURVE('',#32,#96,#98,.T.);
#96 = VERTEX_POINT('',#97);
#97 = CARTESIAN_POINT('',(84.,41.,52.));
#98 = LINE('',#99,#100);
#99 = CARTESIAN_POINT('',(84.,-41.,52.));
#100 = VECTOR('',#101,1.);
#101 = DIRECTION('',(0.,1.,0.));
#102 = ORIENTED_EDGE('',*,*,#103,.F.);
#103 = EDGE_CURVE('',#104,#96,#106,.T.);
#104 = VERTEX_POINT('',#105);
#105 = CARTESIAN_POINT('',(84.,41.,46.));
#106 = LINE('',#107,#108);
#107 = CARTESIAN_POINT('',(84.,41.,46.));
#108 = VECTOR('',#109,1.);
#109 = DIRECTION('',(0.,0.,1.));
#110 = ORIENTED_EDGE('',*,*,#111,.F.);
#111 = EDGE_CURVE('',#41,#104,#112,.T.);
#112 = LINE('',#113,#114);
#113 = CARTESIAN_POINT('',(84.,-41.,46.));
#114 = VECTOR('',#115,1.);
#115 = DIRECTION('',(0.,1.,0.));
#116 = PLANE('',#117);
#117 = AXIS2_PLACEMENT_3D('',#118,#119,#120);
#118 = CARTESIAN_POINT('',(84.,-41.,46.));
#119 = DIRECTION('',(-1.,0.,0.));
#120 = DIRECTION('',(0.,1.,0.));
#121 = ADVANCED_FACE('',(#122,#168),#238,.F.);
#122 = FACE_BOUND('',#123,.F.);
#123 = EDGE_LOOP('',(#124,#125,#126,#135,#143,#152,#160,#167));
#124 = ORIENTED_EDGE('',*,*,#48,.T.);
#125 = ORIENTED_EDGE('',*,*,#111,.T.);
#126 = ORIENTED_EDGE('',*,*,#127,.T.);
#127 = EDGE_CURVE('',#104,#128,#130,.T.);
#128 = VERTEX_POINT('',#129);
#129 = CARTESIAN_POINT('',(76.,49.,46.));
#130 = CIRCLE('',#131,8.);
#131 = AXIS2_PLACEMENT_3D('',#132,#133,#134);
#132 = CARTESIAN_POINT('',(76.,41.,46.));
#133 = DIRECTION('',(0.,0.,1.));
#134 = DIRECTION('',(1.,-1.7763568394E-15,0.));
#135 = ORIENTED_EDGE('',*,*,#136,.T.);
#136 = EDGE_CURVE('',#128,#137,#139,.T.);
#137 = VERTEX_POINT('',#138);
#138 = CARTESIAN_POINT('',(-76.,49.,46.));
#139 = LINE('',#140,#141);
#140 = CARTESIAN_POINT('',(76.,49.,46.));
#141 = VECTOR('',#142,1.);
#142 = DIRECTION('',(-1.,0.,0.));
#143 = ORIENTED_EDGE('',*,*,#144,.T.);
#144 = EDGE_CURVE('',#137,#145,#147,.T.);
#145 = VERTEX_POINT('',#146);
#146 = CARTESIAN_POINT('',(-84.,41.,46.));
#147 = CIRCLE('',#148,8.);
#148 = AXIS2_PLACEMENT_3D('',#149,#150,#151);
#149 = CARTESIAN_POINT('',(-76.,41.,46.));
#150 = DIRECTION('',(0.,-0.,1.));
#151 = DIRECTION('',(0.,1.,0.));
#152 = ORIENTED_EDGE('',*,*,#153,.T.);
#153 = EDGE_CURVE('',#145,#154,#156,.T.);
#154 = VERTEX_POINT('',#155);
#155 = CARTESIAN_POINT('',(-84.,-41.,46.));
#156 = LINE('',#157,#158);
#157 = CARTESIAN_POINT('',(-84.,41.,46.));
#158 = VECTOR('',#159,1.);
#159 = DIRECTION('',(0.,-1.,0.));
#160 = ORIENTED_EDGE('',*,*,#161,.T.);
#161 = EDGE_CURVE('',#154,#64,#162,.T.);
#162 = CIRCLE('',#163,8.);
#163 = AXIS2_PLACEMENT_3D('',#164,#165,#166);
#164 = CARTESIAN_POINT('',(-76.,-41.,46.));
#165 = DIRECTION('',(0.,0.,1.));
#166 = DIRECTION('',(-1.,1.7763568394E-15,0.));
#167 = ORIENTED_EDGE('',*,*,#80,.T.);
#168 = FACE_BOUND('',#169,.F.);
#169 = EDGE_LOOP('',(#170,#181,#189,#198,#206,#215,#223,#232));
#170 = ORIENTED_EDGE('',*,*,#171,.F.);
#171 = EDGE_CURVE('',#172,#174,#176,.T.);
#172 = VERTEX_POINT('',#173);
#173 = CARTESIAN_POINT('',(76.,-47.7,46.));
#174 = VERTEX_POINT('',#175);
#175 = CARTESIAN_POINT('',(82.7,-41.,46.));
#176 = CIRCLE('',#177,6.7);
#177 = AXIS2_PLACEMENT_3D('',#178,#179,#180);
#178 = CARTESIAN_POINT('',(76.,-41.,46.));
#179 = DIRECTION('',(0.,0.,1.));
#180 = DIRECTION('',(0.,-1.,0.));
#181 = ORIENTED_EDGE('',*,*,#182,.F.);
#182 = EDGE_CURVE('',#183,#172,#185,.T.);
#183 = VERTEX_POINT('',#184);
#184 = CARTESIAN_POINT('',(-76.,-47.7,46.));
#185 = LINE('',#186,#187);
#186 = CARTESIAN_POINT('',(-76.,-47.7,46.));
#187 = VECTOR('',#188,1.);
#188 = DIRECTION('',(1.,0.,0.));
#189 = ORIENTED_EDGE('',*,*,#190,.F.);
#190 = EDGE_CURVE('',#191,#183,#193,.T.);
#191 = VERTEX_POINT('',#192);
#192 = CARTESIAN_POINT('',(-82.7,-41.,46.));
#193 = CIRCLE('',#194,6.7);
#194 = AXIS2_PLACEMENT_3D('',#195,#196,#197);
#195 = CARTESIAN_POINT('',(-76.,-41.,46.));
#196 = DIRECTION('',(0.,0.,1.));
#197 = DIRECTION('',(-1.,0.,0.));
#198 = ORIENTED_EDGE('',*,*,#199,.F.);
#199 = EDGE_CURVE('',#200,#191,#202,.T.);
#200 = VERTEX_POINT('',#201);
#201 = CARTESIAN_POINT('',(-82.7,41.,46.));
#202 = LINE('',#203,#204);
#203 = CARTESIAN_POINT('',(-82.7,41.,46.));
#204 = VECTOR('',#205,1.);
#205 = DIRECTION('',(0.,-1.,0.));
#206 = ORIENTED_EDGE('',*,*,#207,.F.);
#207 = EDGE_CURVE('',#208,#200,#210,.T.);
#208 = VERTEX_POINT('',#209);
#209 = CARTESIAN_POINT('',(-76.,47.7,46.));
#210 = CIRCLE('',#211,6.7);
#211 = AXIS2_PLACEMENT_3D('',#212,#213,#214);
#212 = CARTESIAN_POINT('',(-76.,41.,46.));
#213 = DIRECTION('',(0.,-0.,1.));
#214 = DIRECTION('',(0.,1.,0.));
#215 = ORIENTED_EDGE('',*,*,#216,.F.);
#216 = EDGE_CURVE('',#217,#208,#219,.T.);
#217 = VERTEX_POINT('',#218);
#218 = CARTESIAN_POINT('',(76.,47.7,46.));
#219 = LINE('',#220,#221);
#220 = CARTESIAN_POINT('',(76.,47.7,46.));
#221 = VECTOR('',#222,1.);
#222 = DIRECTION('',(-1.,0.,0.));
#223 = ORIENTED_EDGE('',*,*,#224,.F.);
#224 = EDGE_CURVE('',#225,#217,#227,.T.);
#225 = VERTEX_POINT('',#226);
#226 = CARTESIAN_POINT('',(82.7,41.,46.));
#227 = CIRCLE('',#228,6.7);
#228 = AXIS2_PLACEMENT_3D('',#229,#230,#231);
#229 = CARTESIAN_POINT('',(76.,41.,46.));
#230 = DIRECTION('',(0.,0.,1.));
#231 = DIRECTION('',(1.,0.,-0.));
#232 = ORIENTED_EDGE('',*,*,#233,.F.);
#233 = EDGE_CURVE('',#174,#225,#234,.T.);
#234 = LINE('',#235,#236);
#235 = CARTESIAN_POINT('',(82.7,-41.,46.));
#236 = VECTOR('',#237,1.);
#237 = DIRECTION('',(0.,1.,0.));
#238 = PLANE('',#239);
#239 = AXIS2_PLACEMENT_3D('',#240,#241,#242);
#240 = CARTESIAN_POINT('',(0.,0.,46.));
#241 = DIRECTION('',(0.,0.,1.));
#242 = DIRECTION('',(1.,0.,-0.));
#243 = ADVANCED_FACE('',(#244,#290,#301,#312,#323,#334,#345,#356,#367,
    #378,#389,#400,#411,#422,#433),#444,.T.);
#244 = FACE_BOUND('',#245,.T.);
#245 = EDGE_LOOP('',(#246,#247,#248,#257,#265,#274,#282,#289));
#246 = ORIENTED_EDGE('',*,*,#31,.T.);
#247 = ORIENTED_EDGE('',*,*,#95,.T.);
#248 = ORIENTED_EDGE('',*,*,#249,.T.);
#249 = EDGE_CURVE('',#96,#250,#252,.T.);
#250 = VERTEX_POINT('',#251);
#251 = CARTESIAN_POINT('',(76.,49.,52.));
#252 = CIRCLE('',#253,8.);
#253 = AXIS2_PLACEMENT_3D('',#254,#255,#256);
#254 = CARTESIAN_POINT('',(76.,41.,52.));
#255 = DIRECTION('',(0.,0.,1.));
#256 = DIRECTION('',(1.,-1.7763568394E-15,0.));
#257 = ORIENTED_EDGE('',*,*,#258,.T.);
#258 = EDGE_CURVE('',#250,#259,#261,.T.);
#259 = VERTEX_POINT('',#260);
#260 = CARTESIAN_POINT('',(-76.,49.,52.));
#261 = LINE('',#262,#263);
#262 = CARTESIAN_POINT('',(76.,49.,52.));
#263 = VECTOR('',#264,1.);
#264 = DIRECTION('',(-1.,0.,0.));
#265 = ORIENTED_EDGE('',*,*,#266,.T.);
#266 = EDGE_CURVE('',#259,#267,#269,.T.);
#267 = VERTEX_POINT('',#268);
#268 = CARTESIAN_POINT('',(-84.,41.,52.));
#269 = CIRCLE('',#270,8.);
#270 = AXIS2_PLACEMENT_3D('',#271,#272,#273);
#271 = CARTESIAN_POINT('',(-76.,41.,52.));
#272 = DIRECTION('',(0.,-0.,1.));
#273 = DIRECTION('',(0.,1.,0.));
#274 = ORIENTED_EDGE('',*,*,#275,.T.);
#275 = EDGE_CURVE('',#267,#276,#278,.T.);
#276 = VERTEX_POINT('',#277);
#277 = CARTESIAN_POINT('',(-84.,-41.,52.));
#278 = LINE('',#279,#280);
#279 = CARTESIAN_POINT('',(-84.,41.,52.));
#280 = VECTOR('',#281,1.);
#281 = DIRECTION('',(0.,-1.,0.));
#282 = ORIENTED_EDGE('',*,*,#283,.T.);
#283 = EDGE_CURVE('',#276,#66,#284,.T.);
#284 = CIRCLE('',#285,8.);
#285 = AXIS2_PLACEMENT_3D('',#286,#287,#288);
#286 = CARTESIAN_POINT('',(-76.,-41.,52.));
#287 = DIRECTION('',(0.,0.,1.));
#288 = DIRECTION('',(-1.,1.7763568394E-15,0.));
#289 = ORIENTED_EDGE('',*,*,#73,.T.);
#290 = FACE_BOUND('',#291,.T.);
#291 = EDGE_LOOP('',(#292));
#292 = ORIENTED_EDGE('',*,*,#293,.T.);
#293 = EDGE_CURVE('',#294,#294,#296,.T.);
#294 = VERTEX_POINT('',#295);
#295 = CARTESIAN_POINT('',(-78.2,-40.,52.));
#296 = CIRCLE('',#297,3.2);
#297 = AXIS2_PLACEMENT_3D('',#298,#299,#300);
#298 = CARTESIAN_POINT('',(-75.,-40.,52.));
#299 = DIRECTION('',(0.,0.,-1.));
#300 = DIRECTION('',(-1.,0.,-0.));
#301 = FACE_BOUND('',#302,.T.);
#302 = EDGE_LOOP('',(#303));
#303 = ORIENTED_EDGE('',*,*,#304,.F.);
#304 = EDGE_CURVE('',#305,#305,#307,.T.);
#305 = VERTEX_POINT('',#306);
#306 = CARTESIAN_POINT('',(-38.5,-17.5,52.));
#307 = CIRCLE('',#308,14.);
#308 = AXIS2_PLACEMENT_3D('',#309,#310,#311);
#309 = CARTESIAN_POINT('',(-52.5,-17.5,52.));
#310 = DIRECTION('',(0.,0.,1.));
#311 = DIRECTION('',(1.,0.,-0.));
#312 = FACE_BOUND('',#313,.T.);
#313 = EDGE_LOOP('',(#314));
#314 = ORIENTED_EDGE('',*,*,#315,.F.);
#315 = EDGE_CURVE('',#316,#316,#318,.T.);
#316 = VERTEX_POINT('',#317);
#317 = CARTESIAN_POINT('',(-3.5,-17.5,52.));
#318 = CIRCLE('',#319,14.);
#319 = AXIS2_PLACEMENT_3D('',#320,#321,#322);
#320 = CARTESIAN_POINT('',(-17.5,-17.5,52.));
#321 = DIRECTION('',(0.,0.,1.));
#322 = DIRECTION('',(1.,0.,-0.));
#323 = FACE_BOUND('',#324,.T.);
#324 = EDGE_LOOP('',(#325));
#325 = ORIENTED_EDGE('',*,*,#326,.T.);
#326 = EDGE_CURVE('',#327,#327,#329,.T.);
#327 = VERTEX_POINT('',#328);
#328 = CARTESIAN_POINT('',(-3.2,-40.,52.));
#329 = CIRCLE('',#330,3.2);
#330 = AXIS2_PLACEMENT_3D('',#331,#332,#333);
#331 = CARTESIAN_POINT('',(0.,-40.,52.));
#332 = DIRECTION('',(0.,0.,-1.));
#333 = DIRECTION('',(-1.,0.,-0.));
#334 = FACE_BOUND('',#335,.T.);
#335 = EDGE_LOOP('',(#336));
#336 = ORIENTED_EDGE('',*,*,#337,.T.);
#337 = EDGE_CURVE('',#338,#338,#340,.T.);
#338 = VERTEX_POINT('',#339);
#339 = CARTESIAN_POINT('',(71.8,-40.,52.));
#340 = CIRCLE('',#341,3.2);
#341 = AXIS2_PLACEMENT_3D('',#342,#343,#344);
#342 = CARTESIAN_POINT('',(75.,-40.,52.));
#343 = DIRECTION('',(0.,0.,-1.));
#344 = DIRECTION('',(-1.,0.,-0.));
#345 = FACE_BOUND('',#346,.T.);
#346 = EDGE_LOOP('',(#347));
#347 = ORIENTED_EDGE('',*,*,#348,.F.);
#348 = EDGE_CURVE('',#349,#349,#351,.T.);
#349 = VERTEX_POINT('',#350);
#350 = CARTESIAN_POINT('',(31.5,-17.5,52.));
#351 = CIRCLE('',#352,14.);
#352 = AXIS2_PLACEMENT_3D('',#353,#354,#355);
#353 = CARTESIAN_POINT('',(17.5,-17.5,52.));
#354 = DIRECTION('',(0.,0.,1.));
#355 = DIRECTION('',(1.,0.,-0.));
#356 = FACE_BOUND('',#357,.T.);
#357 = EDGE_LOOP('',(#358));
#358 = ORIENTED_EDGE('',*,*,#359,.F.);
#359 = EDGE_CURVE('',#360,#360,#362,.T.);
#360 = VERTEX_POINT('',#361);
#361 = CARTESIAN_POINT('',(66.5,-17.5,52.));
#362 = CIRCLE('',#363,14.);
#363 = AXIS2_PLACEMENT_3D('',#364,#365,#366);
#364 = CARTESIAN_POINT('',(52.5,-17.5,52.));
#365 = DIRECTION('',(0.,0.,1.));
#366 = DIRECTION('',(1.,0.,-0.));
#367 = FACE_BOUND('',#368,.T.);
#368 = EDGE_LOOP('',(#369));
#369 = ORIENTED_EDGE('',*,*,#370,.F.);
#370 = EDGE_CURVE('',#371,#371,#373,.T.);
#371 = VERTEX_POINT('',#372);
#372 = CARTESIAN_POINT('',(-38.5,17.5,52.));
#373 = CIRCLE('',#374,14.);
#374 = AXIS2_PLACEMENT_3D('',#375,#376,#377);
#375 = CARTESIAN_POINT('',(-52.5,17.5,52.));
#376 = DIRECTION('',(0.,0.,1.));
#377 = DIRECTION('',(1.,0.,-0.));
#378 = FACE_BOUND('',#379,.T.);
#379 = EDGE_LOOP('',(#380));
#380 = ORIENTED_EDGE('',*,*,#381,.F.);
#381 = EDGE_CURVE('',#382,#382,#384,.T.);
#382 = VERTEX_POINT('',#383);
#383 = CARTESIAN_POINT('',(-3.5,17.5,52.));
#384 = CIRCLE('',#385,14.);
#385 = AXIS2_PLACEMENT_3D('',#386,#387,#388);
#386 = CARTESIAN_POINT('',(-17.5,17.5,52.));
#387 = DIRECTION('',(0.,0.,1.));
#388 = DIRECTION('',(1.,0.,-0.));
#389 = FACE_BOUND('',#390,.T.);
#390 = EDGE_LOOP('',(#391));
#391 = ORIENTED_EDGE('',*,*,#392,.T.);
#392 = EDGE_CURVE('',#393,#393,#395,.T.);
#393 = VERTEX_POINT('',#394);
#394 = CARTESIAN_POINT('',(-78.2,40.,52.));
#395 = CIRCLE('',#396,3.2);
#396 = AXIS2_PLACEMENT_3D('',#397,#398,#399);
#397 = CARTESIAN_POINT('',(-75.,40.,52.));
#398 = DIRECTION('',(0.,0.,-1.));
#399 = DIRECTION('',(-1.,0.,-0.));
#400 = FACE_BOUND('',#401,.T.);
#401 = EDGE_LOOP('',(#402));
#402 = ORIENTED_EDGE('',*,*,#403,.F.);
#403 = EDGE_CURVE('',#404,#404,#406,.T.);
#404 = VERTEX_POINT('',#405);
#405 = CARTESIAN_POINT('',(31.5,17.5,52.));
#406 = CIRCLE('',#407,14.);
#407 = AXIS2_PLACEMENT_3D('',#408,#409,#410);
#408 = CARTESIAN_POINT('',(17.5,17.5,52.));
#409 = DIRECTION('',(0.,0.,1.));
#410 = DIRECTION('',(1.,0.,-0.));
#411 = FACE_BOUND('',#412,.T.);
#412 = EDGE_LOOP('',(#413));
#413 = ORIENTED_EDGE('',*,*,#414,.F.);
#414 = EDGE_CURVE('',#415,#415,#417,.T.);
#415 = VERTEX_POINT('',#416);
#416 = CARTESIAN_POINT('',(66.5,17.5,52.));
#417 = CIRCLE('',#418,14.);
#418 = AXIS2_PLACEMENT_3D('',#419,#420,#421);
#419 = CARTESIAN_POINT('',(52.5,17.5,52.));
#420 = DIRECTION('',(0.,0.,1.));
#421 = DIRECTION('',(1.,0.,-0.));
#422 = FACE_BOUND('',#423,.T.);
#423 = EDGE_LOOP('',(#424));
#424 = ORIENTED_EDGE('',*,*,#425,.T.);
#425 = EDGE_CURVE('',#426,#426,#428,.T.);
#426 = VERTEX_POINT('',#427);
#427 = CARTESIAN_POINT('',(-3.2,40.,52.));
#428 = CIRCLE('',#429,3.2);
#429 = AXIS2_PLACEMENT_3D('',#430,#431,#432);
#430 = CARTESIAN_POINT('',(0.,40.,52.));
#431 = DIRECTION('',(0.,0.,-1.));
#432 = DIRECTION('',(-1.,0.,-0.));
#433 = FACE_BOUND('',#434,.T.);
#434 = EDGE_LOOP('',(#435));
#435 = ORIENTED_EDGE('',*,*,#436,.T.);
#436 = EDGE_CURVE('',#437,#437,#439,.T.);
#437 = VERTEX_POINT('',#438);
#438 = CARTESIAN_POINT('',(71.8,40.,52.));
#439 = CIRCLE('',#440,3.2);
#440 = AXIS2_PLACEMENT_3D('',#441,#442,#443);
#441 = CARTESIAN_POINT('',(75.,40.,52.));
#442 = DIRECTION('',(0.,0.,-1.));
#443 = DIRECTION('',(-1.,0.,-0.));
#444 = PLANE('',#445);
#445 = AXIS2_PLACEMENT_3D('',#446,#447,#448);
#446 = CARTESIAN_POINT('',(0.,0.,52.));
#447 = DIRECTION('',(0.,0.,1.));
#448 = DIRECTION('',(1.,0.,-0.));
#449 = ADVANCED_FACE('',(#450),#461,.T.);
#450 = FACE_BOUND('',#451,.F.);
#451 = EDGE_LOOP('',(#452,#458,#459,#460));
#452 = ORIENTED_EDGE('',*,*,#453,.T.);
#453 = EDGE_CURVE('',#154,#276,#454,.T.);
#454 = LINE('',#455,#456);
#455 = CARTESIAN_POINT('',(-84.,-41.,46.));
#456 = VECTOR('',#457,1.);
#457 = DIRECTION('',(0.,0.,1.));
#458 = ORIENTED_EDGE('',*,*,#283,.T.);
#459 = ORIENTED_EDGE('',*,*,#63,.F.);
#460 = ORIENTED_EDGE('',*,*,#161,.F.);
#461 = CYLINDRICAL_SURFACE('',#462,8.);
#462 = AXIS2_PLACEMENT_3D('',#463,#464,#465);
#463 = CARTESIAN_POINT('',(-76.,-41.,46.));
#464 = DIRECTION('',(-0.,-0.,-1.));
#465 = DIRECTION('',(-1.,1.7763568394E-15,0.));
#466 = ADVANCED_FACE('',(#467),#478,.T.);
#467 = FACE_BOUND('',#468,.F.);
#468 = EDGE_LOOP('',(#469,#470,#471,#477));
#469 = ORIENTED_EDGE('',*,*,#103,.T.);
#470 = ORIENTED_EDGE('',*,*,#249,.T.);
#471 = ORIENTED_EDGE('',*,*,#472,.F.);
#472 = EDGE_CURVE('',#128,#250,#473,.T.);
#473 = LINE('',#474,#475);
#474 = CARTESIAN_POINT('',(76.,49.,46.));
#475 = VECTOR('',#476,1.);
#476 = DIRECTION('',(0.,0.,1.));
#477 = ORIENTED_EDGE('',*,*,#127,.F.);
#478 = CYLINDRICAL_SURFACE('',#479,8.);
#479 = AXIS2_PLACEMENT_3D('',#480,#481,#482);
#480 = CARTESIAN_POINT('',(76.,41.,46.));
#481 = DIRECTION('',(-0.,-0.,-1.));
#482 = DIRECTION('',(1.,-1.7763568394E-15,0.));
#483 = ADVANCED_FACE('',(#484),#495,.F.);
#484 = FACE_BOUND('',#485,.F.);
#485 = EDGE_LOOP('',(#486,#492,#493,#494));
#486 = ORIENTED_EDGE('',*,*,#487,.T.);
#487 = EDGE_CURVE('',#145,#267,#488,.T.);
#488 = LINE('',#489,#490);
#489 = CARTESIAN_POINT('',(-84.,41.,46.));
#490 = VECTOR('',#491,1.);
#491 = DIRECTION('',(0.,0.,1.));
#492 = ORIENTED_EDGE('',*,*,#275,.T.);
#493 = ORIENTED_EDGE('',*,*,#453,.F.);
#494 = ORIENTED_EDGE('',*,*,#153,.F.);
#495 = PLANE('',#496);
#496 = AXIS2_PLACEMENT_3D('',#497,#498,#499);
#497 = CARTESIAN_POINT('',(-84.,41.,46.));
#498 = DIRECTION('',(1.,0.,-0.));
#499 = DIRECTION('',(0.,-1.,0.));
#500 = ADVANCED_FACE('',(#501),#512,.F.);
#501 = FACE_BOUND('',#502,.F.);
#502 = EDGE_LOOP('',(#503,#504,#505,#511));
#503 = ORIENTED_EDGE('',*,*,#472,.T.);
#504 = ORIENTED_EDGE('',*,*,#258,.T.);
#505 = ORIENTED_EDGE('',*,*,#506,.F.);
#506 = EDGE_CURVE('',#137,#259,#507,.T.);
#507 = LINE('',#508,#509);
#508 = CARTESIAN_POINT('',(-76.,49.,46.));
#509 = VECTOR('',#510,1.);
#510 = DIRECTION('',(0.,0.,1.));
#511 = ORIENTED_EDGE('',*,*,#136,.F.);
#512 = PLANE('',#513);
#513 = AXIS2_PLACEMENT_3D('',#514,#515,#516);
#514 = CARTESIAN_POINT('',(76.,49.,46.));
#515 = DIRECTION('',(0.,-1.,0.));
#516 = DIRECTION('',(-1.,0.,0.));
#517 = ADVANCED_FACE('',(#518),#524,.T.);
#518 = FACE_BOUND('',#519,.F.);
#519 = EDGE_LOOP('',(#520,#521,#522,#523));
#520 = ORIENTED_EDGE('',*,*,#506,.T.);
#521 = ORIENTED_EDGE('',*,*,#266,.T.);
#522 = ORIENTED_EDGE('',*,*,#487,.F.);
#523 = ORIENTED_EDGE('',*,*,#144,.F.);
#524 = CYLINDRICAL_SURFACE('',#525,8.);
#525 = AXIS2_PLACEMENT_3D('',#526,#527,#528);
#526 = CARTESIAN_POINT('',(-76.,41.,46.));
#527 = DIRECTION('',(-0.,0.,-1.));
#528 = DIRECTION('',(0.,1.,0.));
#529 = ADVANCED_FACE('',(#530),#556,.F.);
#530 = FACE_BOUND('',#531,.T.);
#531 = EDGE_LOOP('',(#532,#540,#549,#555));
#532 = ORIENTED_EDGE('',*,*,#533,.T.);
#533 = EDGE_CURVE('',#172,#534,#536,.T.);
#534 = VERTEX_POINT('',#535);
#535 = CARTESIAN_POINT('',(76.,-47.7,47.501));
#536 = LINE('',#537,#538);
#537 = CARTESIAN_POINT('',(76.,-47.7,46.));
#538 = VECTOR('',#539,1.);
#539 = DIRECTION('',(0.,0.,1.));
#540 = ORIENTED_EDGE('',*,*,#541,.T.);
#541 = EDGE_CURVE('',#534,#542,#544,.T.);
#542 = VERTEX_POINT('',#543);
#543 = CARTESIAN_POINT('',(82.7,-41.,47.501));
#544 = CIRCLE('',#545,6.7);
#545 = AXIS2_PLACEMENT_3D('',#546,#547,#548);
#546 = CARTESIAN_POINT('',(76.,-41.,47.501));
#547 = DIRECTION('',(0.,0.,1.));
#548 = DIRECTION('',(0.,-1.,0.));
#549 = ORIENTED_EDGE('',*,*,#550,.F.);
#550 = EDGE_CURVE('',#174,#542,#551,.T.);
#551 = LINE('',#552,#553);
#552 = CARTESIAN_POINT('',(82.7,-41.,46.));
#553 = VECTOR('',#554,1.);
#554 = DIRECTION('',(0.,0.,1.));
#555 = ORIENTED_EDGE('',*,*,#171,.F.);
#556 = CYLINDRICAL_SURFACE('',#557,6.7);
#557 = AXIS2_PLACEMENT_3D('',#558,#559,#560);
#558 = CARTESIAN_POINT('',(76.,-41.,46.));
#559 = DIRECTION('',(-0.,-0.,-1.));
#560 = DIRECTION('',(0.,-1.,0.));
#561 = ADVANCED_FACE('',(#562),#580,.T.);
#562 = FACE_BOUND('',#563,.T.);
#563 = EDGE_LOOP('',(#564,#565,#573,#579));
#564 = ORIENTED_EDGE('',*,*,#550,.T.);
#565 = ORIENTED_EDGE('',*,*,#566,.T.);
#566 = EDGE_CURVE('',#542,#567,#569,.T.);
#567 = VERTEX_POINT('',#568);
#568 = CARTESIAN_POINT('',(82.7,41.,47.501));
#569 = LINE('',#570,#571);
#570 = CARTESIAN_POINT('',(82.7,-41.,47.501));
#571 = VECTOR('',#572,1.);
#572 = DIRECTION('',(0.,1.,0.));
#573 = ORIENTED_EDGE('',*,*,#574,.F.);
#574 = EDGE_CURVE('',#225,#567,#575,.T.);
#575 = LINE('',#576,#577);
#576 = CARTESIAN_POINT('',(82.7,41.,46.));
#577 = VECTOR('',#578,1.);
#578 = DIRECTION('',(0.,0.,1.));
#579 = ORIENTED_EDGE('',*,*,#233,.F.);
#580 = PLANE('',#581);
#581 = AXIS2_PLACEMENT_3D('',#582,#583,#584);
#582 = CARTESIAN_POINT('',(82.7,-41.,46.));
#583 = DIRECTION('',(-1.,0.,0.));
#584 = DIRECTION('',(0.,1.,0.));
#585 = ADVANCED_FACE('',(#586),#605,.F.);
#586 = FACE_BOUND('',#587,.T.);
#587 = EDGE_LOOP('',(#588,#589,#598,#604));
#588 = ORIENTED_EDGE('',*,*,#574,.T.);
#589 = ORIENTED_EDGE('',*,*,#590,.T.);
#590 = EDGE_CURVE('',#567,#591,#593,.T.);
#591 = VERTEX_POINT('',#592);
#592 = CARTESIAN_POINT('',(76.,47.7,47.501));
#593 = CIRCLE('',#594,6.7);
#594 = AXIS2_PLACEMENT_3D('',#595,#596,#597);
#595 = CARTESIAN_POINT('',(76.,41.,47.501));
#596 = DIRECTION('',(0.,0.,1.));
#597 = DIRECTION('',(1.,0.,-0.));
#598 = ORIENTED_EDGE('',*,*,#599,.F.);
#599 = EDGE_CURVE('',#217,#591,#600,.T.);
#600 = LINE('',#601,#602);
#601 = CARTESIAN_POINT('',(76.,47.7,46.));
#602 = VECTOR('',#603,1.);
#603 = DIRECTION('',(0.,0.,1.));
#604 = ORIENTED_EDGE('',*,*,#224,.F.);
#605 = CYLINDRICAL_SURFACE('',#606,6.7);
#606 = AXIS2_PLACEMENT_3D('',#607,#608,#609);
#607 = CARTESIAN_POINT('',(76.,41.,46.));
#608 = DIRECTION('',(-0.,-0.,-1.));
#609 = DIRECTION('',(1.,0.,-0.));
#610 = ADVANCED_FACE('',(#611),#629,.T.);
#611 = FACE_BOUND('',#612,.T.);
#612 = EDGE_LOOP('',(#613,#614,#622,#628));
#613 = ORIENTED_EDGE('',*,*,#599,.T.);
#614 = ORIENTED_EDGE('',*,*,#615,.T.);
#615 = EDGE_CURVE('',#591,#616,#618,.T.);
#616 = VERTEX_POINT('',#617);
#617 = CARTESIAN_POINT('',(-76.,47.7,47.501));
#618 = LINE('',#619,#620);
#619 = CARTESIAN_POINT('',(76.,47.7,47.501));
#620 = VECTOR('',#621,1.);
#621 = DIRECTION('',(-1.,0.,0.));
#622 = ORIENTED_EDGE('',*,*,#623,.F.);
#623 = EDGE_CURVE('',#208,#616,#624,.T.);
#624 = LINE('',#625,#626);
#625 = CARTESIAN_POINT('',(-76.,47.7,46.));
#626 = VECTOR('',#627,1.);
#627 = DIRECTION('',(0.,0.,1.));
#628 = ORIENTED_EDGE('',*,*,#216,.F.);
#629 = PLANE('',#630);
#630 = AXIS2_PLACEMENT_3D('',#631,#632,#633);
#631 = CARTESIAN_POINT('',(76.,47.7,46.));
#632 = DIRECTION('',(0.,-1.,0.));
#633 = DIRECTION('',(-1.,0.,0.));
#634 = ADVANCED_FACE('',(#635),#654,.F.);
#635 = FACE_BOUND('',#636,.T.);
#636 = EDGE_LOOP('',(#637,#638,#647,#653));
#637 = ORIENTED_EDGE('',*,*,#623,.T.);
#638 = ORIENTED_EDGE('',*,*,#639,.T.);
#639 = EDGE_CURVE('',#616,#640,#642,.T.);
#640 = VERTEX_POINT('',#641);
#641 = CARTESIAN_POINT('',(-82.7,41.,47.501));
#642 = CIRCLE('',#643,6.7);
#643 = AXIS2_PLACEMENT_3D('',#644,#645,#646);
#644 = CARTESIAN_POINT('',(-76.,41.,47.501));
#645 = DIRECTION('',(0.,-0.,1.));
#646 = DIRECTION('',(0.,1.,0.));
#647 = ORIENTED_EDGE('',*,*,#648,.F.);
#648 = EDGE_CURVE('',#200,#640,#649,.T.);
#649 = LINE('',#650,#651);
#650 = CARTESIAN_POINT('',(-82.7,41.,46.));
#651 = VECTOR('',#652,1.);
#652 = DIRECTION('',(0.,0.,1.));
#653 = ORIENTED_EDGE('',*,*,#207,.F.);
#654 = CYLINDRICAL_SURFACE('',#655,6.7);
#655 = AXIS2_PLACEMENT_3D('',#656,#657,#658);
#656 = CARTESIAN_POINT('',(-76.,41.,46.));
#657 = DIRECTION('',(-0.,0.,-1.));
#658 = DIRECTION('',(0.,1.,0.));
#659 = ADVANCED_FACE('',(#660),#678,.T.);
#660 = FACE_BOUND('',#661,.T.);
#661 = EDGE_LOOP('',(#662,#663,#671,#677));
#662 = ORIENTED_EDGE('',*,*,#648,.T.);
#663 = ORIENTED_EDGE('',*,*,#664,.T.);
#664 = EDGE_CURVE('',#640,#665,#667,.T.);
#665 = VERTEX_POINT('',#666);
#666 = CARTESIAN_POINT('',(-82.7,-41.,47.501));
#667 = LINE('',#668,#669);
#668 = CARTESIAN_POINT('',(-82.7,41.,47.501));
#669 = VECTOR('',#670,1.);
#670 = DIRECTION('',(0.,-1.,0.));
#671 = ORIENTED_EDGE('',*,*,#672,.F.);
#672 = EDGE_CURVE('',#191,#665,#673,.T.);
#673 = LINE('',#674,#675);
#674 = CARTESIAN_POINT('',(-82.7,-41.,46.));
#675 = VECTOR('',#676,1.);
#676 = DIRECTION('',(0.,0.,1.));
#677 = ORIENTED_EDGE('',*,*,#199,.F.);
#678 = PLANE('',#679);
#679 = AXIS2_PLACEMENT_3D('',#680,#681,#682);
#680 = CARTESIAN_POINT('',(-82.7,41.,46.));
#681 = DIRECTION('',(1.,0.,-0.));
#682 = DIRECTION('',(0.,-1.,0.));
#683 = ADVANCED_FACE('',(#684),#703,.F.);
#684 = FACE_BOUND('',#685,.T.);
#685 = EDGE_LOOP('',(#686,#687,#696,#702));
#686 = ORIENTED_EDGE('',*,*,#672,.T.);
#687 = ORIENTED_EDGE('',*,*,#688,.T.);
#688 = EDGE_CURVE('',#665,#689,#691,.T.);
#689 = VERTEX_POINT('',#690);
#690 = CARTESIAN_POINT('',(-76.,-47.7,47.501));
#691 = CIRCLE('',#692,6.7);
#692 = AXIS2_PLACEMENT_3D('',#693,#694,#695);
#693 = CARTESIAN_POINT('',(-76.,-41.,47.501));
#694 = DIRECTION('',(0.,0.,1.));
#695 = DIRECTION('',(-1.,0.,0.));
#696 = ORIENTED_EDGE('',*,*,#697,.F.);
#697 = EDGE_CURVE('',#183,#689,#698,.T.);
#698 = LINE('',#699,#700);
#699 = CARTESIAN_POINT('',(-76.,-47.7,46.));
#700 = VECTOR('',#701,1.);
#701 = DIRECTION('',(0.,0.,1.));
#702 = ORIENTED_EDGE('',*,*,#190,.F.);
#703 = CYLINDRICAL_SURFACE('',#704,6.7);
#704 = AXIS2_PLACEMENT_3D('',#705,#706,#707);
#705 = CARTESIAN_POINT('',(-76.,-41.,46.));
#706 = DIRECTION('',(-0.,-0.,-1.));
#707 = DIRECTION('',(-1.,0.,0.));
#708 = ADVANCED_FACE('',(#709),#720,.T.);
#709 = FACE_BOUND('',#710,.T.);
#710 = EDGE_LOOP('',(#711,#712,#718,#719));
#711 = ORIENTED_EDGE('',*,*,#697,.T.);
#712 = ORIENTED_EDGE('',*,*,#713,.T.);
#713 = EDGE_CURVE('',#689,#534,#714,.T.);
#714 = LINE('',#715,#716);
#715 = CARTESIAN_POINT('',(-76.,-47.7,47.501));
#716 = VECTOR('',#717,1.);
#717 = DIRECTION('',(1.,0.,0.));
#718 = ORIENTED_EDGE('',*,*,#533,.F.);
#719 = ORIENTED_EDGE('',*,*,#182,.F.);
#720 = PLANE('',#721);
#721 = AXIS2_PLACEMENT_3D('',#722,#723,#724);
#722 = CARTESIAN_POINT('',(-76.,-47.7,46.));
#723 = DIRECTION('',(0.,1.,0.));
#724 = DIRECTION('',(1.,0.,0.));
#725 = ADVANCED_FACE('',(#726),#754,.F.);
#726 = FACE_BOUND('',#727,.F.);
#727 = EDGE_LOOP('',(#728,#736,#745,#752,#753));
#728 = ORIENTED_EDGE('',*,*,#729,.T.);
#729 = EDGE_CURVE('',#294,#730,#732,.T.);
#730 = VERTEX_POINT('',#731);
#731 = CARTESIAN_POINT('',(-76.7,-40.,50.5));
#732 = LINE('',#733,#734);
#733 = CARTESIAN_POINT('',(-78.2,-40.,52.));
#734 = VECTOR('',#735,1.);
#735 = DIRECTION('',(0.707106781187,1.731912112471E-16,-0.707106781187)
  );
#736 = ORIENTED_EDGE('',*,*,#737,.F.);
#737 = EDGE_CURVE('',#738,#730,#740,.T.);
#738 = VERTEX_POINT('',#739);
#739 = CARTESIAN_POINT('',(-73.3,-40.,50.5));
#740 = CIRCLE('',#741,1.7);
#741 = AXIS2_PLACEMENT_3D('',#742,#743,#744);
#742 = CARTESIAN_POINT('',(-75.,-40.,50.5));
#743 = DIRECTION('',(0.,0.,-1.));
#744 = DIRECTION('',(-1.,0.,-0.));
#745 = ORIENTED_EDGE('',*,*,#746,.F.);
#746 = EDGE_CURVE('',#730,#738,#747,.T.);
#747 = CIRCLE('',#748,1.7);
#748 = AXIS2_PLACEMENT_3D('',#749,#750,#751);
#749 = CARTESIAN_POINT('',(-75.,-40.,50.5));
#750 = DIRECTION('',(0.,0.,-1.));
#751 = DIRECTION('',(-1.,0.,-0.));
#752 = ORIENTED_EDGE('',*,*,#729,.F.);
#753 = ORIENTED_EDGE('',*,*,#293,.T.);
#754 = CONICAL_SURFACE('',#755,3.2,0.785398163397);
#755 = AXIS2_PLACEMENT_3D('',#756,#757,#758);
#756 = CARTESIAN_POINT('',(-75.,-40.,52.));
#757 = DIRECTION('',(-0.,-0.,1.));
#758 = DIRECTION('',(-1.,0.,-0.));
#759 = ADVANCED_FACE('',(#760),#779,.F.);
#760 = FACE_BOUND('',#761,.F.);
#761 = EDGE_LOOP('',(#762,#763,#771,#778));
#762 = ORIENTED_EDGE('',*,*,#304,.F.);
#763 = ORIENTED_EDGE('',*,*,#764,.F.);
#764 = EDGE_CURVE('',#765,#305,#767,.T.);
#765 = VERTEX_POINT('',#766);
#766 = CARTESIAN_POINT('',(-38.5,-17.5,50.));
#767 = LINE('',#768,#769);
#768 = CARTESIAN_POINT('',(-38.5,-17.5,50.));
#769 = VECTOR('',#770,1.);
#770 = DIRECTION('',(0.,0.,1.));
#771 = ORIENTED_EDGE('',*,*,#772,.T.);
#772 = EDGE_CURVE('',#765,#765,#773,.T.);
#773 = CIRCLE('',#774,14.);
#774 = AXIS2_PLACEMENT_3D('',#775,#776,#777);
#775 = CARTESIAN_POINT('',(-52.5,-17.5,50.));
#776 = DIRECTION('',(0.,0.,1.));
#777 = DIRECTION('',(1.,0.,-0.));
#778 = ORIENTED_EDGE('',*,*,#764,.T.);
#779 = CYLINDRICAL_SURFACE('',#780,14.);
#780 = AXIS2_PLACEMENT_3D('',#781,#782,#783);
#781 = CARTESIAN_POINT('',(-52.5,-17.5,50.));
#782 = DIRECTION('',(0.,0.,1.));
#783 = DIRECTION('',(1.,0.,-0.));
#784 = ADVANCED_FACE('',(#785),#804,.F.);
#785 = FACE_BOUND('',#786,.F.);
#786 = EDGE_LOOP('',(#787,#788,#796,#803));
#787 = ORIENTED_EDGE('',*,*,#315,.F.);
#788 = ORIENTED_EDGE('',*,*,#789,.F.);
#789 = EDGE_CURVE('',#790,#316,#792,.T.);
#790 = VERTEX_POINT('',#791);
#791 = CARTESIAN_POINT('',(-3.5,-17.5,50.));
#792 = LINE('',#793,#794);
#793 = CARTESIAN_POINT('',(-3.5,-17.5,50.));
#794 = VECTOR('',#795,1.);
#795 = DIRECTION('',(0.,0.,1.));
#796 = ORIENTED_EDGE('',*,*,#797,.T.);
#797 = EDGE_CURVE('',#790,#790,#798,.T.);
#798 = CIRCLE('',#799,14.);
#799 = AXIS2_PLACEMENT_3D('',#800,#801,#802);
#800 = CARTESIAN_POINT('',(-17.5,-17.5,50.));
#801 = DIRECTION('',(0.,0.,1.));
#802 = DIRECTION('',(1.,0.,-0.));
#803 = ORIENTED_EDGE('',*,*,#789,.T.);
#804 = CYLINDRICAL_SURFACE('',#805,14.);
#805 = AXIS2_PLACEMENT_3D('',#806,#807,#808);
#806 = CARTESIAN_POINT('',(-17.5,-17.5,50.));
#807 = DIRECTION('',(0.,0.,1.));
#808 = DIRECTION('',(1.,0.,-0.));
#809 = ADVANCED_FACE('',(#810),#838,.F.);
#810 = FACE_BOUND('',#811,.F.);
#811 = EDGE_LOOP('',(#812,#820,#829,#836,#837));
#812 = ORIENTED_EDGE('',*,*,#813,.T.);
#813 = EDGE_CURVE('',#327,#814,#816,.T.);
#814 = VERTEX_POINT('',#815);
#815 = CARTESIAN_POINT('',(-1.7,-40.,50.5));
#816 = LINE('',#817,#818);
#817 = CARTESIAN_POINT('',(-3.2,-40.,52.));
#818 = VECTOR('',#819,1.);
#819 = DIRECTION('',(0.707106781187,1.731912112471E-16,-0.707106781187)
  );
#820 = ORIENTED_EDGE('',*,*,#821,.F.);
#821 = EDGE_CURVE('',#822,#814,#824,.T.);
#822 = VERTEX_POINT('',#823);
#823 = CARTESIAN_POINT('',(1.7,-40.,50.5));
#824 = CIRCLE('',#825,1.7);
#825 = AXIS2_PLACEMENT_3D('',#826,#827,#828);
#826 = CARTESIAN_POINT('',(0.,-40.,50.5));
#827 = DIRECTION('',(0.,0.,-1.));
#828 = DIRECTION('',(-1.,0.,-0.));
#829 = ORIENTED_EDGE('',*,*,#830,.F.);
#830 = EDGE_CURVE('',#814,#822,#831,.T.);
#831 = CIRCLE('',#832,1.7);
#832 = AXIS2_PLACEMENT_3D('',#833,#834,#835);
#833 = CARTESIAN_POINT('',(0.,-40.,50.5));
#834 = DIRECTION('',(0.,0.,-1.));
#835 = DIRECTION('',(-1.,0.,-0.));
#836 = ORIENTED_EDGE('',*,*,#813,.F.);
#837 = ORIENTED_EDGE('',*,*,#326,.T.);
#838 = CONICAL_SURFACE('',#839,3.2,0.785398163397);
#839 = AXIS2_PLACEMENT_3D('',#840,#841,#842);
#840 = CARTESIAN_POINT('',(0.,-40.,52.));
#841 = DIRECTION('',(-0.,-0.,1.));
#842 = DIRECTION('',(-1.,0.,-0.));
#843 = ADVANCED_FACE('',(#844),#872,.F.);
#844 = FACE_BOUND('',#845,.F.);
#845 = EDGE_LOOP('',(#846,#854,#863,#870,#871));
#846 = ORIENTED_EDGE('',*,*,#847,.T.);
#847 = EDGE_CURVE('',#338,#848,#850,.T.);
#848 = VERTEX_POINT('',#849);
#849 = CARTESIAN_POINT('',(73.3,-40.,50.5));
#850 = LINE('',#851,#852);
#851 = CARTESIAN_POINT('',(71.8,-40.,52.));
#852 = VECTOR('',#853,1.);
#853 = DIRECTION('',(0.707106781187,1.731912112471E-16,-0.707106781187)
  );
#854 = ORIENTED_EDGE('',*,*,#855,.F.);
#855 = EDGE_CURVE('',#856,#848,#858,.T.);
#856 = VERTEX_POINT('',#857);
#857 = CARTESIAN_POINT('',(76.7,-40.,50.5));
#858 = CIRCLE('',#859,1.7);
#859 = AXIS2_PLACEMENT_3D('',#860,#861,#862);
#860 = CARTESIAN_POINT('',(75.,-40.,50.5));
#861 = DIRECTION('',(0.,0.,-1.));
#862 = DIRECTION('',(-1.,0.,-0.));
#863 = ORIENTED_EDGE('',*,*,#864,.F.);
#864 = EDGE_CURVE('',#848,#856,#865,.T.);
#865 = CIRCLE('',#866,1.7);
#866 = AXIS2_PLACEMENT_3D('',#867,#868,#869);
#867 = CARTESIAN_POINT('',(75.,-40.,50.5));
#868 = DIRECTION('',(0.,0.,-1.));
#869 = DIRECTION('',(-1.,0.,-0.));
#870 = ORIENTED_EDGE('',*,*,#847,.F.);
#871 = ORIENTED_EDGE('',*,*,#337,.T.);
#872 = CONICAL_SURFACE('',#873,3.2,0.785398163397);
#873 = AXIS2_PLACEMENT_3D('',#874,#875,#876);
#874 = CARTESIAN_POINT('',(75.,-40.,52.));
#875 = DIRECTION('',(-0.,-0.,1.));
#876 = DIRECTION('',(-1.,0.,-0.));
#877 = ADVANCED_FACE('',(#878),#897,.F.);
#878 = FACE_BOUND('',#879,.F.);
#879 = EDGE_LOOP('',(#880,#881,#889,#896));
#880 = ORIENTED_EDGE('',*,*,#348,.F.);
#881 = ORIENTED_EDGE('',*,*,#882,.F.);
#882 = EDGE_CURVE('',#883,#349,#885,.T.);
#883 = VERTEX_POINT('',#884);
#884 = CARTESIAN_POINT('',(31.5,-17.5,50.));
#885 = LINE('',#886,#887);
#886 = CARTESIAN_POINT('',(31.5,-17.5,50.));
#887 = VECTOR('',#888,1.);
#888 = DIRECTION('',(0.,0.,1.));
#889 = ORIENTED_EDGE('',*,*,#890,.T.);
#890 = EDGE_CURVE('',#883,#883,#891,.T.);
#891 = CIRCLE('',#892,14.);
#892 = AXIS2_PLACEMENT_3D('',#893,#894,#895);
#893 = CARTESIAN_POINT('',(17.5,-17.5,50.));
#894 = DIRECTION('',(0.,0.,1.));
#895 = DIRECTION('',(1.,0.,-0.));
#896 = ORIENTED_EDGE('',*,*,#882,.T.);
#897 = CYLINDRICAL_SURFACE('',#898,14.);
#898 = AXIS2_PLACEMENT_3D('',#899,#900,#901);
#899 = CARTESIAN_POINT('',(17.5,-17.5,50.));
#900 = DIRECTION('',(0.,0.,1.));
#901 = DIRECTION('',(1.,0.,-0.));
#902 = ADVANCED_FACE('',(#903),#922,.F.);
#903 = FACE_BOUND('',#904,.F.);
#904 = EDGE_LOOP('',(#905,#906,#914,#921));
#905 = ORIENTED_EDGE('',*,*,#359,.F.);
#906 = ORIENTED_EDGE('',*,*,#907,.F.);
#907 = EDGE_CURVE('',#908,#360,#910,.T.);
#908 = VERTEX_POINT('',#909);
#909 = CARTESIAN_POINT('',(66.5,-17.5,50.));
#910 = LINE('',#911,#912);
#911 = CARTESIAN_POINT('',(66.5,-17.5,50.));
#912 = VECTOR('',#913,1.);
#913 = DIRECTION('',(0.,0.,1.));
#914 = ORIENTED_EDGE('',*,*,#915,.T.);
#915 = EDGE_CURVE('',#908,#908,#916,.T.);
#916 = CIRCLE('',#917,14.);
#917 = AXIS2_PLACEMENT_3D('',#918,#919,#920);
#918 = CARTESIAN_POINT('',(52.5,-17.5,50.));
#919 = DIRECTION('',(0.,0.,1.));
#920 = DIRECTION('',(1.,0.,-0.));
#921 = ORIENTED_EDGE('',*,*,#907,.T.);
#922 = CYLINDRICAL_SURFACE('',#923,14.);
#923 = AXIS2_PLACEMENT_3D('',#924,#925,#926);
#924 = CARTESIAN_POINT('',(52.5,-17.5,50.));
#925 = DIRECTION('',(0.,0.,1.));
#926 = DIRECTION('',(1.,0.,-0.));
#927 = ADVANCED_FACE('',(#928),#947,.F.);
#928 = FACE_BOUND('',#929,.F.);
#929 = EDGE_LOOP('',(#930,#931,#939,#946));
#930 = ORIENTED_EDGE('',*,*,#370,.F.);
#931 = ORIENTED_EDGE('',*,*,#932,.F.);
#932 = EDGE_CURVE('',#933,#371,#935,.T.);
#933 = VERTEX_POINT('',#934);
#934 = CARTESIAN_POINT('',(-38.5,17.5,50.));
#935 = LINE('',#936,#937);
#936 = CARTESIAN_POINT('',(-38.5,17.5,50.));
#937 = VECTOR('',#938,1.);
#938 = DIRECTION('',(0.,0.,1.));
#939 = ORIENTED_EDGE('',*,*,#940,.T.);
#940 = EDGE_CURVE('',#933,#933,#941,.T.);
#941 = CIRCLE('',#942,14.);
#942 = AXIS2_PLACEMENT_3D('',#943,#944,#945);
#943 = CARTESIAN_POINT('',(-52.5,17.5,50.));
#944 = DIRECTION('',(0.,0.,1.));
#945 = DIRECTION('',(1.,0.,-0.));
#946 = ORIENTED_EDGE('',*,*,#932,.T.);
#947 = CYLINDRICAL_SURFACE('',#948,14.);
#948 = AXIS2_PLACEMENT_3D('',#949,#950,#951);
#949 = CARTESIAN_POINT('',(-52.5,17.5,50.));
#950 = DIRECTION('',(0.,0.,1.));
#951 = DIRECTION('',(1.,0.,-0.));
#952 = ADVANCED_FACE('',(#953),#972,.F.);
#953 = FACE_BOUND('',#954,.F.);
#954 = EDGE_LOOP('',(#955,#956,#964,#971));
#955 = ORIENTED_EDGE('',*,*,#381,.F.);
#956 = ORIENTED_EDGE('',*,*,#957,.F.);
#957 = EDGE_CURVE('',#958,#382,#960,.T.);
#958 = VERTEX_POINT('',#959);
#959 = CARTESIAN_POINT('',(-3.5,17.5,50.));
#960 = LINE('',#961,#962);
#961 = CARTESIAN_POINT('',(-3.5,17.5,50.));
#962 = VECTOR('',#963,1.);
#963 = DIRECTION('',(0.,0.,1.));
#964 = ORIENTED_EDGE('',*,*,#965,.T.);
#965 = EDGE_CURVE('',#958,#958,#966,.T.);
#966 = CIRCLE('',#967,14.);
#967 = AXIS2_PLACEMENT_3D('',#968,#969,#970);
#968 = CARTESIAN_POINT('',(-17.5,17.5,50.));
#969 = DIRECTION('',(0.,0.,1.));
#970 = DIRECTION('',(1.,0.,-0.));
#971 = ORIENTED_EDGE('',*,*,#957,.T.);
#972 = CYLINDRICAL_SURFACE('',#973,14.);
#973 = AXIS2_PLACEMENT_3D('',#974,#975,#976);
#974 = CARTESIAN_POINT('',(-17.5,17.5,50.));
#975 = DIRECTION('',(0.,0.,1.));
#976 = DIRECTION('',(1.,0.,-0.));
#977 = ADVANCED_FACE('',(#978),#1006,.F.);
#978 = FACE_BOUND('',#979,.F.);
#979 = EDGE_LOOP('',(#980,#988,#997,#1004,#1005));
#980 = ORIENTED_EDGE('',*,*,#981,.T.);
#981 = EDGE_CURVE('',#393,#982,#984,.T.);
#982 = VERTEX_POINT('',#983);
#983 = CARTESIAN_POINT('',(-76.7,40.,50.5));
#984 = LINE('',#985,#986);
#985 = CARTESIAN_POINT('',(-78.2,40.,52.));
#986 = VECTOR('',#987,1.);
#987 = DIRECTION('',(0.707106781187,1.731912112471E-16,-0.707106781187)
  );
#988 = ORIENTED_EDGE('',*,*,#989,.F.);
#989 = EDGE_CURVE('',#990,#982,#992,.T.);
#990 = VERTEX_POINT('',#991);
#991 = CARTESIAN_POINT('',(-73.3,40.,50.5));
#992 = CIRCLE('',#993,1.7);
#993 = AXIS2_PLACEMENT_3D('',#994,#995,#996);
#994 = CARTESIAN_POINT('',(-75.,40.,50.5));
#995 = DIRECTION('',(0.,0.,-1.));
#996 = DIRECTION('',(-1.,0.,-0.));
#997 = ORIENTED_EDGE('',*,*,#998,.F.);
#998 = EDGE_CURVE('',#982,#990,#999,.T.);
#999 = CIRCLE('',#1000,1.7);
#1000 = AXIS2_PLACEMENT_3D('',#1001,#1002,#1003);
#1001 = CARTESIAN_POINT('',(-75.,40.,50.5));
#1002 = DIRECTION('',(0.,0.,-1.));
#1003 = DIRECTION('',(-1.,0.,-0.));
#1004 = ORIENTED_EDGE('',*,*,#981,.F.);
#1005 = ORIENTED_EDGE('',*,*,#392,.T.);
#1006 = CONICAL_SURFACE('',#1007,3.2,0.785398163397);
#1007 = AXIS2_PLACEMENT_3D('',#1008,#1009,#1010);
#1008 = CARTESIAN_POINT('',(-75.,40.,52.));
#1009 = DIRECTION('',(-0.,-0.,1.));
#1010 = DIRECTION('',(-1.,0.,-0.));
#1011 = ADVANCED_FACE('',(#1012),#1031,.F.);
#1012 = FACE_BOUND('',#1013,.F.);
#1013 = EDGE_LOOP('',(#1014,#1015,#1023,#1030));
#1014 = ORIENTED_EDGE('',*,*,#403,.F.);
#1015 = ORIENTED_EDGE('',*,*,#1016,.F.);
#1016 = EDGE_CURVE('',#1017,#404,#1019,.T.);
#1017 = VERTEX_POINT('',#1018);
#1018 = CARTESIAN_POINT('',(31.5,17.5,50.));
#1019 = LINE('',#1020,#1021);
#1020 = CARTESIAN_POINT('',(31.5,17.5,50.));
#1021 = VECTOR('',#1022,1.);
#1022 = DIRECTION('',(0.,0.,1.));
#1023 = ORIENTED_EDGE('',*,*,#1024,.T.);
#1024 = EDGE_CURVE('',#1017,#1017,#1025,.T.);
#1025 = CIRCLE('',#1026,14.);
#1026 = AXIS2_PLACEMENT_3D('',#1027,#1028,#1029);
#1027 = CARTESIAN_POINT('',(17.5,17.5,50.));
#1028 = DIRECTION('',(0.,0.,1.));
#1029 = DIRECTION('',(1.,0.,-0.));
#1030 = ORIENTED_EDGE('',*,*,#1016,.T.);
#1031 = CYLINDRICAL_SURFACE('',#1032,14.);
#1032 = AXIS2_PLACEMENT_3D('',#1033,#1034,#1035);
#1033 = CARTESIAN_POINT('',(17.5,17.5,50.));
#1034 = DIRECTION('',(0.,0.,1.));
#1035 = DIRECTION('',(1.,0.,-0.));
#1036 = ADVANCED_FACE('',(#1037),#1056,.F.);
#1037 = FACE_BOUND('',#1038,.F.);
#1038 = EDGE_LOOP('',(#1039,#1040,#1048,#1055));
#1039 = ORIENTED_EDGE('',*,*,#414,.F.);
#1040 = ORIENTED_EDGE('',*,*,#1041,.F.);
#1041 = EDGE_CURVE('',#1042,#415,#1044,.T.);
#1042 = VERTEX_POINT('',#1043);
#1043 = CARTESIAN_POINT('',(66.5,17.5,50.));
#1044 = LINE('',#1045,#1046);
#1045 = CARTESIAN_POINT('',(66.5,17.5,50.));
#1046 = VECTOR('',#1047,1.);
#1047 = DIRECTION('',(0.,0.,1.));
#1048 = ORIENTED_EDGE('',*,*,#1049,.T.);
#1049 = EDGE_CURVE('',#1042,#1042,#1050,.T.);
#1050 = CIRCLE('',#1051,14.);
#1051 = AXIS2_PLACEMENT_3D('',#1052,#1053,#1054);
#1052 = CARTESIAN_POINT('',(52.5,17.5,50.));
#1053 = DIRECTION('',(0.,0.,1.));
#1054 = DIRECTION('',(1.,0.,-0.));
#1055 = ORIENTED_EDGE('',*,*,#1041,.T.);
#1056 = CYLINDRICAL_SURFACE('',#1057,14.);
#1057 = AXIS2_PLACEMENT_3D('',#1058,#1059,#1060);
#1058 = CARTESIAN_POINT('',(52.5,17.5,50.));
#1059 = DIRECTION('',(0.,0.,1.));
#1060 = DIRECTION('',(1.,0.,-0.));
#1061 = ADVANCED_FACE('',(#1062),#1090,.F.);
#1062 = FACE_BOUND('',#1063,.F.);
#1063 = EDGE_LOOP('',(#1064,#1072,#1081,#1088,#1089));
#1064 = ORIENTED_EDGE('',*,*,#1065,.T.);
#1065 = EDGE_CURVE('',#426,#1066,#1068,.T.);
#1066 = VERTEX_POINT('',#1067);
#1067 = CARTESIAN_POINT('',(-1.7,40.,50.5));
#1068 = LINE('',#1069,#1070);
#1069 = CARTESIAN_POINT('',(-3.2,40.,52.));
#1070 = VECTOR('',#1071,1.);
#1071 = DIRECTION('',(0.707106781187,1.731912112471E-16,-0.707106781187)
  );
#1072 = ORIENTED_EDGE('',*,*,#1073,.F.);
#1073 = EDGE_CURVE('',#1074,#1066,#1076,.T.);
#1074 = VERTEX_POINT('',#1075);
#1075 = CARTESIAN_POINT('',(1.7,40.,50.5));
#1076 = CIRCLE('',#1077,1.7);
#1077 = AXIS2_PLACEMENT_3D('',#1078,#1079,#1080);
#1078 = CARTESIAN_POINT('',(0.,40.,50.5));
#1079 = DIRECTION('',(0.,0.,-1.));
#1080 = DIRECTION('',(-1.,0.,-0.));
#1081 = ORIENTED_EDGE('',*,*,#1082,.F.);
#1082 = EDGE_CURVE('',#1066,#1074,#1083,.T.);
#1083 = CIRCLE('',#1084,1.7);
#1084 = AXIS2_PLACEMENT_3D('',#1085,#1086,#1087);
#1085 = CARTESIAN_POINT('',(0.,40.,50.5));
#1086 = DIRECTION('',(0.,0.,-1.));
#1087 = DIRECTION('',(-1.,0.,-0.));
#1088 = ORIENTED_EDGE('',*,*,#1065,.F.);
#1089 = ORIENTED_EDGE('',*,*,#425,.T.);
#1090 = CONICAL_SURFACE('',#1091,3.2,0.785398163397);
#1091 = AXIS2_PLACEMENT_3D('',#1092,#1093,#1094);
#1092 = CARTESIAN_POINT('',(0.,40.,52.));
#1093 = DIRECTION('',(-0.,-0.,1.));
#1094 = DIRECTION('',(-1.,0.,-0.));
#1095 = ADVANCED_FACE('',(#1096),#1124,.F.);
#1096 = FACE_BOUND('',#1097,.F.);
#1097 = EDGE_LOOP('',(#1098,#1106,#1115,#1122,#1123));
#1098 = ORIENTED_EDGE('',*,*,#1099,.T.);
#1099 = EDGE_CURVE('',#437,#1100,#1102,.T.);
#1100 = VERTEX_POINT('',#1101);
#1101 = CARTESIAN_POINT('',(73.3,40.,50.5));
#1102 = LINE('',#1103,#1104);
#1103 = CARTESIAN_POINT('',(71.8,40.,52.));
#1104 = VECTOR('',#1105,1.);
#1105 = DIRECTION('',(0.707106781187,1.731912112471E-16,-0.707106781187)
  );
#1106 = ORIENTED_EDGE('',*,*,#1107,.F.);
#1107 = EDGE_CURVE('',#1108,#1100,#1110,.T.);
#1108 = VERTEX_POINT('',#1109);
#1109 = CARTESIAN_POINT('',(76.7,40.,50.5));
#1110 = CIRCLE('',#1111,1.7);
#1111 = AXIS2_PLACEMENT_3D('',#1112,#1113,#1114);
#1112 = CARTESIAN_POINT('',(75.,40.,50.5));
#1113 = DIRECTION('',(0.,0.,-1.));
#1114 = DIRECTION('',(-1.,0.,-0.));
#1115 = ORIENTED_EDGE('',*,*,#1116,.F.);
#1116 = EDGE_CURVE('',#1100,#1108,#1117,.T.);
#1117 = CIRCLE('',#1118,1.7);
#1118 = AXIS2_PLACEMENT_3D('',#1119,#1120,#1121);
#1119 = CARTESIAN_POINT('',(75.,40.,50.5));
#1120 = DIRECTION('',(0.,0.,-1.));
#1121 = DIRECTION('',(-1.,0.,-0.));
#1122 = ORIENTED_EDGE('',*,*,#1099,.F.);
#1123 = ORIENTED_EDGE('',*,*,#436,.T.);
#1124 = CONICAL_SURFACE('',#1125,3.2,0.785398163397);
#1125 = AXIS2_PLACEMENT_3D('',#1126,#1127,#1128);
#1126 = CARTESIAN_POINT('',(75.,40.,52.));
#1127 = DIRECTION('',(-0.,-0.,1.));
#1128 = DIRECTION('',(-1.,0.,-0.));
#1129 = ADVANCED_FACE('',(#1130,#1140),#1210,.F.);
#1130 = FACE_BOUND('',#1131,.F.);
#1131 = EDGE_LOOP('',(#1132,#1133,#1134,#1135,#1136,#1137,#1138,#1139));
#1132 = ORIENTED_EDGE('',*,*,#541,.T.);
#1133 = ORIENTED_EDGE('',*,*,#566,.T.);
#1134 = ORIENTED_EDGE('',*,*,#590,.T.);
#1135 = ORIENTED_EDGE('',*,*,#615,.T.);
#1136 = ORIENTED_EDGE('',*,*,#639,.T.);
#1137 = ORIENTED_EDGE('',*,*,#664,.T.);
#1138 = ORIENTED_EDGE('',*,*,#688,.T.);
#1139 = ORIENTED_EDGE('',*,*,#713,.T.);
#1140 = FACE_BOUND('',#1141,.F.);
#1141 = EDGE_LOOP('',(#1142,#1152,#1161,#1169,#1178,#1186,#1195,#1203));
#1142 = ORIENTED_EDGE('',*,*,#1143,.T.);
#1143 = EDGE_CURVE('',#1144,#1146,#1148,.T.);
#1144 = VERTEX_POINT('',#1145);
#1145 = CARTESIAN_POINT('',(80.3,41.,47.501));
#1146 = VERTEX_POINT('',#1147);
#1147 = CARTESIAN_POINT('',(80.3,-41.,47.501));
#1148 = LINE('',#1149,#1150);
#1149 = CARTESIAN_POINT('',(80.3,-20.5,47.501));
#1150 = VECTOR('',#1151,1.);
#1151 = DIRECTION('',(0.,-1.,0.));
#1152 = ORIENTED_EDGE('',*,*,#1153,.T.);
#1153 = EDGE_CURVE('',#1146,#1154,#1156,.T.);
#1154 = VERTEX_POINT('',#1155);
#1155 = CARTESIAN_POINT('',(76.,-45.3,47.501));
#1156 = CIRCLE('',#1157,4.3);
#1157 = AXIS2_PLACEMENT_3D('',#1158,#1159,#1160);
#1158 = CARTESIAN_POINT('',(76.,-41.,47.501));
#1159 = DIRECTION('',(-0.,-0.,-1.));
#1160 = DIRECTION('',(0.,-1.,0.));
#1161 = ORIENTED_EDGE('',*,*,#1162,.T.);
#1162 = EDGE_CURVE('',#1154,#1163,#1165,.T.);
#1163 = VERTEX_POINT('',#1164);
#1164 = CARTESIAN_POINT('',(-76.,-45.3,47.501));
#1165 = LINE('',#1166,#1167);
#1166 = CARTESIAN_POINT('',(-38.,-45.3,47.501));
#1167 = VECTOR('',#1168,1.);
#1168 = DIRECTION('',(-1.,0.,0.));
#1169 = ORIENTED_EDGE('',*,*,#1170,.T.);
#1170 = EDGE_CURVE('',#1163,#1171,#1173,.T.);
#1171 = VERTEX_POINT('',#1172);
#1172 = CARTESIAN_POINT('',(-80.3,-41.,47.501));
#1173 = CIRCLE('',#1174,4.3);
#1174 = AXIS2_PLACEMENT_3D('',#1175,#1176,#1177);
#1175 = CARTESIAN_POINT('',(-76.,-41.,47.501));
#1176 = DIRECTION('',(-0.,0.,-1.));
#1177 = DIRECTION('',(-1.,0.,0.));
#1178 = ORIENTED_EDGE('',*,*,#1179,.T.);
#1179 = EDGE_CURVE('',#1171,#1180,#1182,.T.);
#1180 = VERTEX_POINT('',#1181);
#1181 = CARTESIAN_POINT('',(-80.3,41.,47.501));
#1182 = LINE('',#1183,#1184);
#1183 = CARTESIAN_POINT('',(-80.3,20.5,47.501));
#1184 = VECTOR('',#1185,1.);
#1185 = DIRECTION('',(-0.,1.,0.));
#1186 = ORIENTED_EDGE('',*,*,#1187,.T.);
#1187 = EDGE_CURVE('',#1180,#1188,#1190,.T.);
#1188 = VERTEX_POINT('',#1189);
#1189 = CARTESIAN_POINT('',(-76.,45.3,47.501));
#1190 = CIRCLE('',#1191,4.3);
#1191 = AXIS2_PLACEMENT_3D('',#1192,#1193,#1194);
#1192 = CARTESIAN_POINT('',(-76.,41.,47.501));
#1193 = DIRECTION('',(-0.,0.,-1.));
#1194 = DIRECTION('',(0.,1.,0.));
#1195 = ORIENTED_EDGE('',*,*,#1196,.T.);
#1196 = EDGE_CURVE('',#1188,#1197,#1199,.T.);
#1197 = VERTEX_POINT('',#1198);
#1198 = CARTESIAN_POINT('',(76.,45.3,47.501));
#1199 = LINE('',#1200,#1201);
#1200 = CARTESIAN_POINT('',(38.,45.3,47.501));
#1201 = VECTOR('',#1202,1.);
#1202 = DIRECTION('',(1.,0.,-0.));
#1203 = ORIENTED_EDGE('',*,*,#1204,.T.);
#1204 = EDGE_CURVE('',#1197,#1144,#1205,.T.);
#1205 = CIRCLE('',#1206,4.3);
#1206 = AXIS2_PLACEMENT_3D('',#1207,#1208,#1209);
#1207 = CARTESIAN_POINT('',(76.,41.,47.501));
#1208 = DIRECTION('',(0.,-0.,-1.));
#1209 = DIRECTION('',(1.,0.,-0.));
#1210 = PLANE('',#1211);
#1211 = AXIS2_PLACEMENT_3D('',#1212,#1213,#1214);
#1212 = CARTESIAN_POINT('',(-1.78465933097E-15,0.,47.501));
#1213 = DIRECTION('',(0.,0.,1.));
#1214 = DIRECTION('',(1.,0.,-0.));
#1215 = ADVANCED_FACE('',(#1216),#1236,.F.);
#1216 = FACE_BOUND('',#1217,.F.);
#1217 = EDGE_LOOP('',(#1218,#1219,#1227,#1234,#1235));
#1218 = ORIENTED_EDGE('',*,*,#746,.T.);
#1219 = ORIENTED_EDGE('',*,*,#1220,.F.);
#1220 = EDGE_CURVE('',#1221,#738,#1223,.T.);
#1221 = VERTEX_POINT('',#1222);
#1222 = CARTESIAN_POINT('',(-73.3,-40.,46.));
#1223 = LINE('',#1224,#1225);
#1224 = CARTESIAN_POINT('',(-73.3,-40.,45.));
#1225 = VECTOR('',#1226,1.);
#1226 = DIRECTION('',(0.,0.,1.));
#1227 = ORIENTED_EDGE('',*,*,#1228,.T.);
#1228 = EDGE_CURVE('',#1221,#1221,#1229,.T.);
#1229 = CIRCLE('',#1230,1.7);
#1230 = AXIS2_PLACEMENT_3D('',#1231,#1232,#1233);
#1231 = CARTESIAN_POINT('',(-75.,-40.,46.));
#1232 = DIRECTION('',(0.,0.,1.));
#1233 = DIRECTION('',(1.,0.,-0.));
#1234 = ORIENTED_EDGE('',*,*,#1220,.T.);
#1235 = ORIENTED_EDGE('',*,*,#737,.T.);
#1236 = CYLINDRICAL_SURFACE('',#1237,1.7);
#1237 = AXIS2_PLACEMENT_3D('',#1238,#1239,#1240);
#1238 = CARTESIAN_POINT('',(-75.,-40.,45.));
#1239 = DIRECTION('',(0.,0.,1.));
#1240 = DIRECTION('',(1.,0.,-0.));
#1241 = ADVANCED_FACE('',(#1242),#1261,.F.);
#1242 = FACE_BOUND('',#1243,.F.);
#1243 = EDGE_LOOP('',(#1244,#1245,#1253,#1260));
#1244 = ORIENTED_EDGE('',*,*,#772,.F.);
#1245 = ORIENTED_EDGE('',*,*,#1246,.F.);
#1246 = EDGE_CURVE('',#1247,#765,#1249,.T.);
#1247 = VERTEX_POINT('',#1248);
#1248 = CARTESIAN_POINT('',(-40.,-17.5,48.5));
#1249 = LINE('',#1250,#1251);
#1250 = CARTESIAN_POINT('',(-40.,-17.5,48.5));
#1251 = VECTOR('',#1252,1.);
#1252 = DIRECTION('',(0.707106781187,-1.731912112471E-16,0.707106781187)
  );
#1253 = ORIENTED_EDGE('',*,*,#1254,.T.);
#1254 = EDGE_CURVE('',#1247,#1247,#1255,.T.);
#1255 = CIRCLE('',#1256,12.5);
#1256 = AXIS2_PLACEMENT_3D('',#1257,#1258,#1259);
#1257 = CARTESIAN_POINT('',(-52.5,-17.5,48.5));
#1258 = DIRECTION('',(0.,0.,1.));
#1259 = DIRECTION('',(1.,0.,-0.));
#1260 = ORIENTED_EDGE('',*,*,#1246,.T.);
#1261 = CONICAL_SURFACE('',#1262,12.5,0.785398163397);
#1262 = AXIS2_PLACEMENT_3D('',#1263,#1264,#1265);
#1263 = CARTESIAN_POINT('',(-52.5,-17.5,48.5));
#1264 = DIRECTION('',(0.,0.,1.));
#1265 = DIRECTION('',(1.,0.,-0.));
#1266 = ADVANCED_FACE('',(#1267),#1286,.F.);
#1267 = FACE_BOUND('',#1268,.F.);
#1268 = EDGE_LOOP('',(#1269,#1270,#1278,#1285));
#1269 = ORIENTED_EDGE('',*,*,#797,.F.);
#1270 = ORIENTED_EDGE('',*,*,#1271,.F.);
#1271 = EDGE_CURVE('',#1272,#790,#1274,.T.);
#1272 = VERTEX_POINT('',#1273);
#1273 = CARTESIAN_POINT('',(-5.,-17.5,48.5));
#1274 = LINE('',#1275,#1276);
#1275 = CARTESIAN_POINT('',(-5.,-17.5,48.5));
#1276 = VECTOR('',#1277,1.);
#1277 = DIRECTION('',(0.707106781187,-1.731912112471E-16,0.707106781187)
  );
#1278 = ORIENTED_EDGE('',*,*,#1279,.T.);
#1279 = EDGE_CURVE('',#1272,#1272,#1280,.T.);
#1280 = CIRCLE('',#1281,12.5);
#1281 = AXIS2_PLACEMENT_3D('',#1282,#1283,#1284);
#1282 = CARTESIAN_POINT('',(-17.5,-17.5,48.5));
#1283 = DIRECTION('',(0.,0.,1.));
#1284 = DIRECTION('',(1.,0.,-0.));
#1285 = ORIENTED_EDGE('',*,*,#1271,.T.);
#1286 = CONICAL_SURFACE('',#1287,12.5,0.785398163397);
#1287 = AXIS2_PLACEMENT_3D('',#1288,#1289,#1290);
#1288 = CARTESIAN_POINT('',(-17.5,-17.5,48.5));
#1289 = DIRECTION('',(0.,0.,1.));
#1290 = DIRECTION('',(1.,0.,-0.));
#1291 = ADVANCED_FACE('',(#1292),#1312,.F.);
#1292 = FACE_BOUND('',#1293,.F.);
#1293 = EDGE_LOOP('',(#1294,#1295,#1303,#1310,#1311));
#1294 = ORIENTED_EDGE('',*,*,#830,.T.);
#1295 = ORIENTED_EDGE('',*,*,#1296,.F.);
#1296 = EDGE_CURVE('',#1297,#822,#1299,.T.);
#1297 = VERTEX_POINT('',#1298);
#1298 = CARTESIAN_POINT('',(1.7,-40.,46.));
#1299 = LINE('',#1300,#1301);
#1300 = CARTESIAN_POINT('',(1.7,-40.,45.));
#1301 = VECTOR('',#1302,1.);
#1302 = DIRECTION('',(0.,0.,1.));
#1303 = ORIENTED_EDGE('',*,*,#1304,.T.);
#1304 = EDGE_CURVE('',#1297,#1297,#1305,.T.);
#1305 = CIRCLE('',#1306,1.7);
#1306 = AXIS2_PLACEMENT_3D('',#1307,#1308,#1309);
#1307 = CARTESIAN_POINT('',(0.,-40.,46.));
#1308 = DIRECTION('',(0.,0.,1.));
#1309 = DIRECTION('',(1.,0.,-0.));
#1310 = ORIENTED_EDGE('',*,*,#1296,.T.);
#1311 = ORIENTED_EDGE('',*,*,#821,.T.);
#1312 = CYLINDRICAL_SURFACE('',#1313,1.7);
#1313 = AXIS2_PLACEMENT_3D('',#1314,#1315,#1316);
#1314 = CARTESIAN_POINT('',(0.,-40.,45.));
#1315 = DIRECTION('',(0.,0.,1.));
#1316 = DIRECTION('',(1.,0.,-0.));
#1317 = ADVANCED_FACE('',(#1318),#1338,.F.);
#1318 = FACE_BOUND('',#1319,.F.);
#1319 = EDGE_LOOP('',(#1320,#1321,#1329,#1336,#1337));
#1320 = ORIENTED_EDGE('',*,*,#864,.T.);
#1321 = ORIENTED_EDGE('',*,*,#1322,.F.);
#1322 = EDGE_CURVE('',#1323,#856,#1325,.T.);
#1323 = VERTEX_POINT('',#1324);
#1324 = CARTESIAN_POINT('',(76.7,-40.,46.));
#1325 = LINE('',#1326,#1327);
#1326 = CARTESIAN_POINT('',(76.7,-40.,45.));
#1327 = VECTOR('',#1328,1.);
#1328 = DIRECTION('',(0.,0.,1.));
#1329 = ORIENTED_EDGE('',*,*,#1330,.T.);
#1330 = EDGE_CURVE('',#1323,#1323,#1331,.T.);
#1331 = CIRCLE('',#1332,1.7);
#1332 = AXIS2_PLACEMENT_3D('',#1333,#1334,#1335);
#1333 = CARTESIAN_POINT('',(75.,-40.,46.));
#1334 = DIRECTION('',(0.,0.,1.));
#1335 = DIRECTION('',(1.,0.,-0.));
#1336 = ORIENTED_EDGE('',*,*,#1322,.T.);
#1337 = ORIENTED_EDGE('',*,*,#855,.T.);
#1338 = CYLINDRICAL_SURFACE('',#1339,1.7);
#1339 = AXIS2_PLACEMENT_3D('',#1340,#1341,#1342);
#1340 = CARTESIAN_POINT('',(75.,-40.,45.));
#1341 = DIRECTION('',(0.,0.,1.));
#1342 = DIRECTION('',(1.,0.,-0.));
#1343 = ADVANCED_FACE('',(#1344),#1363,.F.);
#1344 = FACE_BOUND('',#1345,.F.);
#1345 = EDGE_LOOP('',(#1346,#1347,#1355,#1362));
#1346 = ORIENTED_EDGE('',*,*,#890,.F.);
#1347 = ORIENTED_EDGE('',*,*,#1348,.F.);
#1348 = EDGE_CURVE('',#1349,#883,#1351,.T.);
#1349 = VERTEX_POINT('',#1350);
#1350 = CARTESIAN_POINT('',(30.,-17.5,48.5));
#1351 = LINE('',#1352,#1353);
#1352 = CARTESIAN_POINT('',(30.,-17.5,48.5));
#1353 = VECTOR('',#1354,1.);
#1354 = DIRECTION('',(0.707106781187,-1.731912112471E-16,0.707106781187)
  );
#1355 = ORIENTED_EDGE('',*,*,#1356,.T.);
#1356 = EDGE_CURVE('',#1349,#1349,#1357,.T.);
#1357 = CIRCLE('',#1358,12.5);
#1358 = AXIS2_PLACEMENT_3D('',#1359,#1360,#1361);
#1359 = CARTESIAN_POINT('',(17.5,-17.5,48.5));
#1360 = DIRECTION('',(0.,0.,1.));
#1361 = DIRECTION('',(1.,0.,-0.));
#1362 = ORIENTED_EDGE('',*,*,#1348,.T.);
#1363 = CONICAL_SURFACE('',#1364,12.5,0.785398163397);
#1364 = AXIS2_PLACEMENT_3D('',#1365,#1366,#1367);
#1365 = CARTESIAN_POINT('',(17.5,-17.5,48.5));
#1366 = DIRECTION('',(0.,0.,1.));
#1367 = DIRECTION('',(1.,0.,-0.));
#1368 = ADVANCED_FACE('',(#1369),#1388,.F.);
#1369 = FACE_BOUND('',#1370,.F.);
#1370 = EDGE_LOOP('',(#1371,#1372,#1380,#1387));
#1371 = ORIENTED_EDGE('',*,*,#915,.F.);
#1372 = ORIENTED_EDGE('',*,*,#1373,.F.);
#1373 = EDGE_CURVE('',#1374,#908,#1376,.T.);
#1374 = VERTEX_POINT('',#1375);
#1375 = CARTESIAN_POINT('',(65.,-17.5,48.5));
#1376 = LINE('',#1377,#1378);
#1377 = CARTESIAN_POINT('',(65.,-17.5,48.5));
#1378 = VECTOR('',#1379,1.);
#1379 = DIRECTION('',(0.707106781187,-1.731912112471E-16,0.707106781187)
  );
#1380 = ORIENTED_EDGE('',*,*,#1381,.T.);
#1381 = EDGE_CURVE('',#1374,#1374,#1382,.T.);
#1382 = CIRCLE('',#1383,12.5);
#1383 = AXIS2_PLACEMENT_3D('',#1384,#1385,#1386);
#1384 = CARTESIAN_POINT('',(52.5,-17.5,48.5));
#1385 = DIRECTION('',(0.,0.,1.));
#1386 = DIRECTION('',(1.,0.,-0.));
#1387 = ORIENTED_EDGE('',*,*,#1373,.T.);
#1388 = CONICAL_SURFACE('',#1389,12.5,0.785398163397);
#1389 = AXIS2_PLACEMENT_3D('',#1390,#1391,#1392);
#1390 = CARTESIAN_POINT('',(52.5,-17.5,48.5));
#1391 = DIRECTION('',(0.,0.,1.));
#1392 = DIRECTION('',(1.,0.,-0.));
#1393 = ADVANCED_FACE('',(#1394),#1413,.F.);
#1394 = FACE_BOUND('',#1395,.F.);
#1395 = EDGE_LOOP('',(#1396,#1397,#1405,#1412));
#1396 = ORIENTED_EDGE('',*,*,#940,.F.);
#1397 = ORIENTED_EDGE('',*,*,#1398,.F.);
#1398 = EDGE_CURVE('',#1399,#933,#1401,.T.);
#1399 = VERTEX_POINT('',#1400);
#1400 = CARTESIAN_POINT('',(-40.,17.5,48.5));
#1401 = LINE('',#1402,#1403);
#1402 = CARTESIAN_POINT('',(-40.,17.5,48.5));
#1403 = VECTOR('',#1404,1.);
#1404 = DIRECTION('',(0.707106781187,-1.731912112471E-16,0.707106781187)
  );
#1405 = ORIENTED_EDGE('',*,*,#1406,.T.);
#1406 = EDGE_CURVE('',#1399,#1399,#1407,.T.);
#1407 = CIRCLE('',#1408,12.5);
#1408 = AXIS2_PLACEMENT_3D('',#1409,#1410,#1411);
#1409 = CARTESIAN_POINT('',(-52.5,17.5,48.5));
#1410 = DIRECTION('',(0.,0.,1.));
#1411 = DIRECTION('',(1.,0.,-0.));
#1412 = ORIENTED_EDGE('',*,*,#1398,.T.);
#1413 = CONICAL_SURFACE('',#1414,12.5,0.785398163397);
#1414 = AXIS2_PLACEMENT_3D('',#1415,#1416,#1417);
#1415 = CARTESIAN_POINT('',(-52.5,17.5,48.5));
#1416 = DIRECTION('',(0.,0.,1.));
#1417 = DIRECTION('',(1.,0.,-0.));
#1418 = ADVANCED_FACE('',(#1419),#1438,.F.);
#1419 = FACE_BOUND('',#1420,.F.);
#1420 = EDGE_LOOP('',(#1421,#1422,#1430,#1437));
#1421 = ORIENTED_EDGE('',*,*,#965,.F.);
#1422 = ORIENTED_EDGE('',*,*,#1423,.F.);
#1423 = EDGE_CURVE('',#1424,#958,#1426,.T.);
#1424 = VERTEX_POINT('',#1425);
#1425 = CARTESIAN_POINT('',(-5.,17.5,48.5));
#1426 = LINE('',#1427,#1428);
#1427 = CARTESIAN_POINT('',(-5.,17.5,48.5));
#1428 = VECTOR('',#1429,1.);
#1429 = DIRECTION('',(0.707106781187,-1.731912112471E-16,0.707106781187)
  );
#1430 = ORIENTED_EDGE('',*,*,#1431,.T.);
#1431 = EDGE_CURVE('',#1424,#1424,#1432,.T.);
#1432 = CIRCLE('',#1433,12.5);
#1433 = AXIS2_PLACEMENT_3D('',#1434,#1435,#1436);
#1434 = CARTESIAN_POINT('',(-17.5,17.5,48.5));
#1435 = DIRECTION('',(0.,0.,1.));
#1436 = DIRECTION('',(1.,0.,-0.));
#1437 = ORIENTED_EDGE('',*,*,#1423,.T.);
#1438 = CONICAL_SURFACE('',#1439,12.5,0.785398163397);
#1439 = AXIS2_PLACEMENT_3D('',#1440,#1441,#1442);
#1440 = CARTESIAN_POINT('',(-17.5,17.5,48.5));
#1441 = DIRECTION('',(0.,0.,1.));
#1442 = DIRECTION('',(1.,0.,-0.));
#1443 = ADVANCED_FACE('',(#1444),#1464,.F.);
#1444 = FACE_BOUND('',#1445,.F.);
#1445 = EDGE_LOOP('',(#1446,#1447,#1455,#1462,#1463));
#1446 = ORIENTED_EDGE('',*,*,#998,.T.);
#1447 = ORIENTED_EDGE('',*,*,#1448,.F.);
#1448 = EDGE_CURVE('',#1449,#990,#1451,.T.);
#1449 = VERTEX_POINT('',#1450);
#1450 = CARTESIAN_POINT('',(-73.3,40.,46.));
#1451 = LINE('',#1452,#1453);
#1452 = CARTESIAN_POINT('',(-73.3,40.,45.));
#1453 = VECTOR('',#1454,1.);
#1454 = DIRECTION('',(0.,0.,1.));
#1455 = ORIENTED_EDGE('',*,*,#1456,.T.);
#1456 = EDGE_CURVE('',#1449,#1449,#1457,.T.);
#1457 = CIRCLE('',#1458,1.7);
#1458 = AXIS2_PLACEMENT_3D('',#1459,#1460,#1461);
#1459 = CARTESIAN_POINT('',(-75.,40.,46.));
#1460 = DIRECTION('',(0.,0.,1.));
#1461 = DIRECTION('',(1.,0.,-0.));
#1462 = ORIENTED_EDGE('',*,*,#1448,.T.);
#1463 = ORIENTED_EDGE('',*,*,#989,.T.);
#1464 = CYLINDRICAL_SURFACE('',#1465,1.7);
#1465 = AXIS2_PLACEMENT_3D('',#1466,#1467,#1468);
#1466 = CARTESIAN_POINT('',(-75.,40.,45.));
#1467 = DIRECTION('',(0.,0.,1.));
#1468 = DIRECTION('',(1.,0.,-0.));
#1469 = ADVANCED_FACE('',(#1470),#1489,.F.);
#1470 = FACE_BOUND('',#1471,.F.);
#1471 = EDGE_LOOP('',(#1472,#1473,#1481,#1488));
#1472 = ORIENTED_EDGE('',*,*,#1024,.F.);
#1473 = ORIENTED_EDGE('',*,*,#1474,.F.);
#1474 = EDGE_CURVE('',#1475,#1017,#1477,.T.);
#1475 = VERTEX_POINT('',#1476);
#1476 = CARTESIAN_POINT('',(30.,17.5,48.5));
#1477 = LINE('',#1478,#1479);
#1478 = CARTESIAN_POINT('',(30.,17.5,48.5));
#1479 = VECTOR('',#1480,1.);
#1480 = DIRECTION('',(0.707106781187,-1.731912112471E-16,0.707106781187)
  );
#1481 = ORIENTED_EDGE('',*,*,#1482,.T.);
#1482 = EDGE_CURVE('',#1475,#1475,#1483,.T.);
#1483 = CIRCLE('',#1484,12.5);
#1484 = AXIS2_PLACEMENT_3D('',#1485,#1486,#1487);
#1485 = CARTESIAN_POINT('',(17.5,17.5,48.5));
#1486 = DIRECTION('',(0.,0.,1.));
#1487 = DIRECTION('',(1.,0.,-0.));
#1488 = ORIENTED_EDGE('',*,*,#1474,.T.);
#1489 = CONICAL_SURFACE('',#1490,12.5,0.785398163397);
#1490 = AXIS2_PLACEMENT_3D('',#1491,#1492,#1493);
#1491 = CARTESIAN_POINT('',(17.5,17.5,48.5));
#1492 = DIRECTION('',(0.,0.,1.));
#1493 = DIRECTION('',(1.,0.,-0.));
#1494 = ADVANCED_FACE('',(#1495),#1514,.F.);
#1495 = FACE_BOUND('',#1496,.F.);
#1496 = EDGE_LOOP('',(#1497,#1498,#1506,#1513));
#1497 = ORIENTED_EDGE('',*,*,#1049,.F.);
#1498 = ORIENTED_EDGE('',*,*,#1499,.F.);
#1499 = EDGE_CURVE('',#1500,#1042,#1502,.T.);
#1500 = VERTEX_POINT('',#1501);
#1501 = CARTESIAN_POINT('',(65.,17.5,48.5));
#1502 = LINE('',#1503,#1504);
#1503 = CARTESIAN_POINT('',(65.,17.5,48.5));
#1504 = VECTOR('',#1505,1.);
#1505 = DIRECTION('',(0.707106781187,-1.731912112471E-16,0.707106781187)
  );
#1506 = ORIENTED_EDGE('',*,*,#1507,.T.);
#1507 = EDGE_CURVE('',#1500,#1500,#1508,.T.);
#1508 = CIRCLE('',#1509,12.5);
#1509 = AXIS2_PLACEMENT_3D('',#1510,#1511,#1512);
#1510 = CARTESIAN_POINT('',(52.5,17.5,48.5));
#1511 = DIRECTION('',(0.,0.,1.));
#1512 = DIRECTION('',(1.,0.,-0.));
#1513 = ORIENTED_EDGE('',*,*,#1499,.T.);
#1514 = CONICAL_SURFACE('',#1515,12.5,0.785398163397);
#1515 = AXIS2_PLACEMENT_3D('',#1516,#1517,#1518);
#1516 = CARTESIAN_POINT('',(52.5,17.5,48.5));
#1517 = DIRECTION('',(0.,0.,1.));
#1518 = DIRECTION('',(1.,0.,-0.));
#1519 = ADVANCED_FACE('',(#1520),#1540,.F.);
#1520 = FACE_BOUND('',#1521,.F.);
#1521 = EDGE_LOOP('',(#1522,#1523,#1531,#1538,#1539));
#1522 = ORIENTED_EDGE('',*,*,#1082,.T.);
#1523 = ORIENTED_EDGE('',*,*,#1524,.F.);
#1524 = EDGE_CURVE('',#1525,#1074,#1527,.T.);
#1525 = VERTEX_POINT('',#1526);
#1526 = CARTESIAN_POINT('',(1.7,40.,46.));
#1527 = LINE('',#1528,#1529);
#1528 = CARTESIAN_POINT('',(1.7,40.,45.));
#1529 = VECTOR('',#1530,1.);
#1530 = DIRECTION('',(0.,0.,1.));
#1531 = ORIENTED_EDGE('',*,*,#1532,.T.);
#1532 = EDGE_CURVE('',#1525,#1525,#1533,.T.);
#1533 = CIRCLE('',#1534,1.7);
#1534 = AXIS2_PLACEMENT_3D('',#1535,#1536,#1537);
#1535 = CARTESIAN_POINT('',(0.,40.,46.));
#1536 = DIRECTION('',(0.,0.,1.));
#1537 = DIRECTION('',(1.,0.,-0.));
#1538 = ORIENTED_EDGE('',*,*,#1524,.T.);
#1539 = ORIENTED_EDGE('',*,*,#1073,.T.);
#1540 = CYLINDRICAL_SURFACE('',#1541,1.7);
#1541 = AXIS2_PLACEMENT_3D('',#1542,#1543,#1544);
#1542 = CARTESIAN_POINT('',(0.,40.,45.));
#1543 = DIRECTION('',(0.,0.,1.));
#1544 = DIRECTION('',(1.,0.,-0.));
#1545 = ADVANCED_FACE('',(#1546),#1566,.F.);
#1546 = FACE_BOUND('',#1547,.F.);
#1547 = EDGE_LOOP('',(#1548,#1549,#1557,#1564,#1565));
#1548 = ORIENTED_EDGE('',*,*,#1116,.T.);
#1549 = ORIENTED_EDGE('',*,*,#1550,.F.);
#1550 = EDGE_CURVE('',#1551,#1108,#1553,.T.);
#1551 = VERTEX_POINT('',#1552);
#1552 = CARTESIAN_POINT('',(76.7,40.,46.));
#1553 = LINE('',#1554,#1555);
#1554 = CARTESIAN_POINT('',(76.7,40.,45.));
#1555 = VECTOR('',#1556,1.);
#1556 = DIRECTION('',(0.,0.,1.));
#1557 = ORIENTED_EDGE('',*,*,#1558,.T.);
#1558 = EDGE_CURVE('',#1551,#1551,#1559,.T.);
#1559 = CIRCLE('',#1560,1.7);
#1560 = AXIS2_PLACEMENT_3D('',#1561,#1562,#1563);
#1561 = CARTESIAN_POINT('',(75.,40.,46.));
#1562 = DIRECTION('',(0.,0.,1.));
#1563 = DIRECTION('',(1.,0.,-0.));
#1564 = ORIENTED_EDGE('',*,*,#1550,.T.);
#1565 = ORIENTED_EDGE('',*,*,#1107,.T.);
#1566 = CYLINDRICAL_SURFACE('',#1567,1.7);
#1567 = AXIS2_PLACEMENT_3D('',#1568,#1569,#1570);
#1568 = CARTESIAN_POINT('',(75.,40.,45.));
#1569 = DIRECTION('',(0.,0.,1.));
#1570 = DIRECTION('',(1.,0.,-0.));
#1571 = ADVANCED_FACE('',(#1572),#1597,.F.);
#1572 = FACE_BOUND('',#1573,.F.);
#1573 = EDGE_LOOP('',(#1574,#1584,#1590,#1591));
#1574 = ORIENTED_EDGE('',*,*,#1575,.T.);
#1575 = EDGE_CURVE('',#1576,#1578,#1580,.T.);
#1576 = VERTEX_POINT('',#1577);
#1577 = CARTESIAN_POINT('',(80.3,41.,46.));
#1578 = VERTEX_POINT('',#1579);
#1579 = CARTESIAN_POINT('',(80.3,-41.,46.));
#1580 = LINE('',#1581,#1582);
#1581 = CARTESIAN_POINT('',(80.3,-20.5,46.));
#1582 = VECTOR('',#1583,1.);
#1583 = DIRECTION('',(0.,-1.,0.));
#1584 = ORIENTED_EDGE('',*,*,#1585,.T.);
#1585 = EDGE_CURVE('',#1578,#1146,#1586,.T.);
#1586 = LINE('',#1587,#1588);
#1587 = CARTESIAN_POINT('',(80.3,-41.,45.));
#1588 = VECTOR('',#1589,1.);
#1589 = DIRECTION('',(0.,0.,1.));
#1590 = ORIENTED_EDGE('',*,*,#1143,.F.);
#1591 = ORIENTED_EDGE('',*,*,#1592,.F.);
#1592 = EDGE_CURVE('',#1576,#1144,#1593,.T.);
#1593 = LINE('',#1594,#1595);
#1594 = CARTESIAN_POINT('',(80.3,41.,45.));
#1595 = VECTOR('',#1596,1.);
#1596 = DIRECTION('',(0.,0.,1.));
#1597 = PLANE('',#1598);
#1598 = AXIS2_PLACEMENT_3D('',#1599,#1600,#1601);
#1599 = CARTESIAN_POINT('',(80.3,-41.,45.));
#1600 = DIRECTION('',(-1.,0.,0.));
#1601 = DIRECTION('',(0.,1.,0.));
#1602 = ADVANCED_FACE('',(#1603),#1622,.T.);
#1603 = FACE_BOUND('',#1604,.F.);
#1604 = EDGE_LOOP('',(#1605,#1614,#1615,#1616));
#1605 = ORIENTED_EDGE('',*,*,#1606,.T.);
#1606 = EDGE_CURVE('',#1607,#1576,#1609,.T.);
#1607 = VERTEX_POINT('',#1608);
#1608 = CARTESIAN_POINT('',(76.,45.3,46.));
#1609 = CIRCLE('',#1610,4.3);
#1610 = AXIS2_PLACEMENT_3D('',#1611,#1612,#1613);
#1611 = CARTESIAN_POINT('',(76.,41.,46.));
#1612 = DIRECTION('',(0.,-0.,-1.));
#1613 = DIRECTION('',(1.,0.,-0.));
#1614 = ORIENTED_EDGE('',*,*,#1592,.T.);
#1615 = ORIENTED_EDGE('',*,*,#1204,.F.);
#1616 = ORIENTED_EDGE('',*,*,#1617,.F.);
#1617 = EDGE_CURVE('',#1607,#1197,#1618,.T.);
#1618 = LINE('',#1619,#1620);
#1619 = CARTESIAN_POINT('',(76.,45.3,45.));
#1620 = VECTOR('',#1621,1.);
#1621 = DIRECTION('',(0.,0.,1.));
#1622 = CYLINDRICAL_SURFACE('',#1623,4.3);
#1623 = AXIS2_PLACEMENT_3D('',#1624,#1625,#1626);
#1624 = CARTESIAN_POINT('',(76.,41.,45.));
#1625 = DIRECTION('',(-0.,-0.,-1.));
#1626 = DIRECTION('',(1.,0.,-0.));
#1627 = ADVANCED_FACE('',(#1628),#1646,.F.);
#1628 = FACE_BOUND('',#1629,.F.);
#1629 = EDGE_LOOP('',(#1630,#1638,#1639,#1640));
#1630 = ORIENTED_EDGE('',*,*,#1631,.T.);
#1631 = EDGE_CURVE('',#1632,#1607,#1634,.T.);
#1632 = VERTEX_POINT('',#1633);
#1633 = CARTESIAN_POINT('',(-76.,45.3,46.));
#1634 = LINE('',#1635,#1636);
#1635 = CARTESIAN_POINT('',(38.,45.3,46.));
#1636 = VECTOR('',#1637,1.);
#1637 = DIRECTION('',(1.,0.,-0.));
#1638 = ORIENTED_EDGE('',*,*,#1617,.T.);
#1639 = ORIENTED_EDGE('',*,*,#1196,.F.);
#1640 = ORIENTED_EDGE('',*,*,#1641,.F.);
#1641 = EDGE_CURVE('',#1632,#1188,#1642,.T.);
#1642 = LINE('',#1643,#1644);
#1643 = CARTESIAN_POINT('',(-76.,45.3,45.));
#1644 = VECTOR('',#1645,1.);
#1645 = DIRECTION('',(0.,0.,1.));
#1646 = PLANE('',#1647);
#1647 = AXIS2_PLACEMENT_3D('',#1648,#1649,#1650);
#1648 = CARTESIAN_POINT('',(76.,45.3,45.));
#1649 = DIRECTION('',(0.,-1.,0.));
#1650 = DIRECTION('',(-1.,0.,0.));
#1651 = ADVANCED_FACE('',(#1652),#1671,.T.);
#1652 = FACE_BOUND('',#1653,.F.);
#1653 = EDGE_LOOP('',(#1654,#1663,#1664,#1665));
#1654 = ORIENTED_EDGE('',*,*,#1655,.T.);
#1655 = EDGE_CURVE('',#1656,#1632,#1658,.T.);
#1656 = VERTEX_POINT('',#1657);
#1657 = CARTESIAN_POINT('',(-80.3,41.,46.));
#1658 = CIRCLE('',#1659,4.3);
#1659 = AXIS2_PLACEMENT_3D('',#1660,#1661,#1662);
#1660 = CARTESIAN_POINT('',(-76.,41.,46.));
#1661 = DIRECTION('',(-0.,0.,-1.));
#1662 = DIRECTION('',(0.,1.,0.));
#1663 = ORIENTED_EDGE('',*,*,#1641,.T.);
#1664 = ORIENTED_EDGE('',*,*,#1187,.F.);
#1665 = ORIENTED_EDGE('',*,*,#1666,.F.);
#1666 = EDGE_CURVE('',#1656,#1180,#1667,.T.);
#1667 = LINE('',#1668,#1669);
#1668 = CARTESIAN_POINT('',(-80.3,41.,45.));
#1669 = VECTOR('',#1670,1.);
#1670 = DIRECTION('',(0.,0.,1.));
#1671 = CYLINDRICAL_SURFACE('',#1672,4.3);
#1672 = AXIS2_PLACEMENT_3D('',#1673,#1674,#1675);
#1673 = CARTESIAN_POINT('',(-76.,41.,45.));
#1674 = DIRECTION('',(-0.,0.,-1.));
#1675 = DIRECTION('',(0.,1.,0.));
#1676 = ADVANCED_FACE('',(#1677),#1695,.F.);
#1677 = FACE_BOUND('',#1678,.F.);
#1678 = EDGE_LOOP('',(#1679,#1687,#1688,#1689));
#1679 = ORIENTED_EDGE('',*,*,#1680,.T.);
#1680 = EDGE_CURVE('',#1681,#1656,#1683,.T.);
#1681 = VERTEX_POINT('',#1682);
#1682 = CARTESIAN_POINT('',(-80.3,-41.,46.));
#1683 = LINE('',#1684,#1685);
#1684 = CARTESIAN_POINT('',(-80.3,20.5,46.));
#1685 = VECTOR('',#1686,1.);
#1686 = DIRECTION('',(-0.,1.,0.));
#1687 = ORIENTED_EDGE('',*,*,#1666,.T.);
#1688 = ORIENTED_EDGE('',*,*,#1179,.F.);
#1689 = ORIENTED_EDGE('',*,*,#1690,.F.);
#1690 = EDGE_CURVE('',#1681,#1171,#1691,.T.);
#1691 = LINE('',#1692,#1693);
#1692 = CARTESIAN_POINT('',(-80.3,-41.,45.));
#1693 = VECTOR('',#1694,1.);
#1694 = DIRECTION('',(0.,0.,1.));
#1695 = PLANE('',#1696);
#1696 = AXIS2_PLACEMENT_3D('',#1697,#1698,#1699);
#1697 = CARTESIAN_POINT('',(-80.3,41.,45.));
#1698 = DIRECTION('',(1.,0.,-0.));
#1699 = DIRECTION('',(0.,-1.,0.));
#1700 = ADVANCED_FACE('',(#1701),#1720,.T.);
#1701 = FACE_BOUND('',#1702,.F.);
#1702 = EDGE_LOOP('',(#1703,#1712,#1713,#1714));
#1703 = ORIENTED_EDGE('',*,*,#1704,.T.);
#1704 = EDGE_CURVE('',#1705,#1681,#1707,.T.);
#1705 = VERTEX_POINT('',#1706);
#1706 = CARTESIAN_POINT('',(-76.,-45.3,46.));
#1707 = CIRCLE('',#1708,4.3);
#1708 = AXIS2_PLACEMENT_3D('',#1709,#1710,#1711);
#1709 = CARTESIAN_POINT('',(-76.,-41.,46.));
#1710 = DIRECTION('',(-0.,0.,-1.));
#1711 = DIRECTION('',(-1.,0.,0.));
#1712 = ORIENTED_EDGE('',*,*,#1690,.T.);
#1713 = ORIENTED_EDGE('',*,*,#1170,.F.);
#1714 = ORIENTED_EDGE('',*,*,#1715,.F.);
#1715 = EDGE_CURVE('',#1705,#1163,#1716,.T.);
#1716 = LINE('',#1717,#1718);
#1717 = CARTESIAN_POINT('',(-76.,-45.3,45.));
#1718 = VECTOR('',#1719,1.);
#1719 = DIRECTION('',(0.,0.,1.));
#1720 = CYLINDRICAL_SURFACE('',#1721,4.3);
#1721 = AXIS2_PLACEMENT_3D('',#1722,#1723,#1724);
#1722 = CARTESIAN_POINT('',(-76.,-41.,45.));
#1723 = DIRECTION('',(-0.,-0.,-1.));
#1724 = DIRECTION('',(-1.,0.,0.));
#1725 = ADVANCED_FACE('',(#1726),#1744,.F.);
#1726 = FACE_BOUND('',#1727,.F.);
#1727 = EDGE_LOOP('',(#1728,#1736,#1737,#1738));
#1728 = ORIENTED_EDGE('',*,*,#1729,.T.);
#1729 = EDGE_CURVE('',#1730,#1705,#1732,.T.);
#1730 = VERTEX_POINT('',#1731);
#1731 = CARTESIAN_POINT('',(76.,-45.3,46.));
#1732 = LINE('',#1733,#1734);
#1733 = CARTESIAN_POINT('',(-38.,-45.3,46.));
#1734 = VECTOR('',#1735,1.);
#1735 = DIRECTION('',(-1.,0.,0.));
#1736 = ORIENTED_EDGE('',*,*,#1715,.T.);
#1737 = ORIENTED_EDGE('',*,*,#1162,.F.);
#1738 = ORIENTED_EDGE('',*,*,#1739,.F.);
#1739 = EDGE_CURVE('',#1730,#1154,#1740,.T.);
#1740 = LINE('',#1741,#1742);
#1741 = CARTESIAN_POINT('',(76.,-45.3,45.));
#1742 = VECTOR('',#1743,1.);
#1743 = DIRECTION('',(0.,0.,1.));
#1744 = PLANE('',#1745);
#1745 = AXIS2_PLACEMENT_3D('',#1746,#1747,#1748);
#1746 = CARTESIAN_POINT('',(-76.,-45.3,45.));
#1747 = DIRECTION('',(0.,1.,0.));
#1748 = DIRECTION('',(1.,0.,0.));
#1749 = ADVANCED_FACE('',(#1750),#1762,.T.);
#1750 = FACE_BOUND('',#1751,.F.);
#1751 = EDGE_LOOP('',(#1752,#1759,#1760,#1761));
#1752 = ORIENTED_EDGE('',*,*,#1753,.T.);
#1753 = EDGE_CURVE('',#1578,#1730,#1754,.T.);
#1754 = CIRCLE('',#1755,4.3);
#1755 = AXIS2_PLACEMENT_3D('',#1756,#1757,#1758);
#1756 = CARTESIAN_POINT('',(76.,-41.,46.));
#1757 = DIRECTION('',(-0.,-0.,-1.));
#1758 = DIRECTION('',(0.,-1.,0.));
#1759 = ORIENTED_EDGE('',*,*,#1739,.T.);
#1760 = ORIENTED_EDGE('',*,*,#1153,.F.);
#1761 = ORIENTED_EDGE('',*,*,#1585,.F.);
#1762 = CYLINDRICAL_SURFACE('',#1763,4.3);
#1763 = AXIS2_PLACEMENT_3D('',#1764,#1765,#1766);
#1764 = CARTESIAN_POINT('',(76.,-41.,45.));
#1765 = DIRECTION('',(-0.,-0.,-1.));
#1766 = DIRECTION('',(0.,-1.,0.));
#1767 = ADVANCED_FACE('',(#1768,#1778,#1781,#1817,#1828,#1839,#1842,
    #1878,#1881,#1892,#1903,#1939,#1950,#1961,#1964,#2000,#2011,#2047,
    #2058,#2061,#2097),#2100,.F.);
#1768 = FACE_BOUND('',#1769,.F.);
#1769 = EDGE_LOOP('',(#1770,#1771,#1772,#1773,#1774,#1775,#1776,#1777));
#1770 = ORIENTED_EDGE('',*,*,#1575,.F.);
#1771 = ORIENTED_EDGE('',*,*,#1606,.F.);
#1772 = ORIENTED_EDGE('',*,*,#1631,.F.);
#1773 = ORIENTED_EDGE('',*,*,#1655,.F.);
#1774 = ORIENTED_EDGE('',*,*,#1680,.F.);
#1775 = ORIENTED_EDGE('',*,*,#1704,.F.);
#1776 = ORIENTED_EDGE('',*,*,#1729,.F.);
#1777 = ORIENTED_EDGE('',*,*,#1753,.F.);
#1778 = FACE_BOUND('',#1779,.F.);
#1779 = EDGE_LOOP('',(#1780));
#1780 = ORIENTED_EDGE('',*,*,#1228,.F.);
#1781 = FACE_BOUND('',#1782,.F.);
#1782 = EDGE_LOOP('',(#1783,#1793,#1802,#1810));
#1783 = ORIENTED_EDGE('',*,*,#1784,.F.);
#1784 = EDGE_CURVE('',#1785,#1787,#1789,.T.);
#1785 = VERTEX_POINT('',#1786);
#1786 = CARTESIAN_POINT('',(-72.43875030502,-43.7,46.));
#1787 = VERTEX_POINT('',#1788);
#1788 = CARTESIAN_POINT('',(-2.561249694973,-43.7,46.));
#1789 = LINE('',#1790,#1791);
#1790 = CARTESIAN_POINT('',(-76.,-43.7,46.));
#1791 = VECTOR('',#1792,1.);
#1792 = DIRECTION('',(1.,0.,0.));
#1793 = ORIENTED_EDGE('',*,*,#1794,.T.);
#1794 = EDGE_CURVE('',#1785,#1795,#1797,.T.);
#1795 = VERTEX_POINT('',#1796);
#1796 = CARTESIAN_POINT('',(-70.8334666688,-41.7,46.));
#1797 = CIRCLE('',#1798,4.5);
#1798 = AXIS2_PLACEMENT_3D('',#1799,#1800,#1801);
#1799 = CARTESIAN_POINT('',(-75.,-40.,46.));
#1800 = DIRECTION('',(0.,0.,1.));
#1801 = DIRECTION('',(1.,0.,-0.));
#1802 = ORIENTED_EDGE('',*,*,#1803,.F.);
#1803 = EDGE_CURVE('',#1804,#1795,#1806,.T.);
#1804 = VERTEX_POINT('',#1805);
#1805 = CARTESIAN_POINT('',(-4.1665333312,-41.7,46.));
#1806 = LINE('',#1807,#1808);
#1807 = CARTESIAN_POINT('',(-38.,-41.7,46.));
#1808 = VECTOR('',#1809,1.);
#1809 = DIRECTION('',(-1.,0.,0.));
#1810 = ORIENTED_EDGE('',*,*,#1811,.T.);
#1811 = EDGE_CURVE('',#1804,#1787,#1812,.T.);
#1812 = CIRCLE('',#1813,4.5);
#1813 = AXIS2_PLACEMENT_3D('',#1814,#1815,#1816);
#1814 = CARTESIAN_POINT('',(0.,-40.,46.));
#1815 = DIRECTION('',(0.,0.,1.));
#1816 = DIRECTION('',(1.,0.,-0.));
#1817 = FACE_BOUND('',#1818,.F.);
#1818 = EDGE_LOOP('',(#1819));
#1819 = ORIENTED_EDGE('',*,*,#1820,.F.);
#1820 = EDGE_CURVE('',#1821,#1821,#1823,.T.);
#1821 = VERTEX_POINT('',#1822);
#1822 = CARTESIAN_POINT('',(-40.,-17.5,46.));
#1823 = CIRCLE('',#1824,12.5);
#1824 = AXIS2_PLACEMENT_3D('',#1825,#1826,#1827);
#1825 = CARTESIAN_POINT('',(-52.5,-17.5,46.));
#1826 = DIRECTION('',(0.,0.,1.));
#1827 = DIRECTION('',(1.,0.,-0.));
#1828 = FACE_BOUND('',#1829,.F.);
#1829 = EDGE_LOOP('',(#1830));
#1830 = ORIENTED_EDGE('',*,*,#1831,.F.);
#1831 = EDGE_CURVE('',#1832,#1832,#1834,.T.);
#1832 = VERTEX_POINT('',#1833);
#1833 = CARTESIAN_POINT('',(-5.,-17.5,46.));
#1834 = CIRCLE('',#1835,12.5);
#1835 = AXIS2_PLACEMENT_3D('',#1836,#1837,#1838);
#1836 = CARTESIAN_POINT('',(-17.5,-17.5,46.));
#1837 = DIRECTION('',(0.,0.,1.));
#1838 = DIRECTION('',(1.,0.,-0.));
#1839 = FACE_BOUND('',#1840,.F.);
#1840 = EDGE_LOOP('',(#1841));
#1841 = ORIENTED_EDGE('',*,*,#1304,.F.);
#1842 = FACE_BOUND('',#1843,.F.);
#1843 = EDGE_LOOP('',(#1844,#1854,#1863,#1871));
#1844 = ORIENTED_EDGE('',*,*,#1845,.F.);
#1845 = EDGE_CURVE('',#1846,#1848,#1850,.T.);
#1846 = VERTEX_POINT('',#1847);
#1847 = CARTESIAN_POINT('',(2.561249694973,-43.7,46.));
#1848 = VERTEX_POINT('',#1849);
#1849 = CARTESIAN_POINT('',(72.438750305027,-43.7,46.));
#1850 = LINE('',#1851,#1852);
#1851 = CARTESIAN_POINT('',(-76.,-43.7,46.));
#1852 = VECTOR('',#1853,1.);
#1853 = DIRECTION('',(1.,0.,0.));
#1854 = ORIENTED_EDGE('',*,*,#1855,.T.);
#1855 = EDGE_CURVE('',#1846,#1856,#1858,.T.);
#1856 = VERTEX_POINT('',#1857);
#1857 = CARTESIAN_POINT('',(4.1665333312,-41.7,46.));
#1858 = CIRCLE('',#1859,4.5);
#1859 = AXIS2_PLACEMENT_3D('',#1860,#1861,#1862);
#1860 = CARTESIAN_POINT('',(0.,-40.,46.));
#1861 = DIRECTION('',(0.,0.,1.));
#1862 = DIRECTION('',(1.,0.,-0.));
#1863 = ORIENTED_EDGE('',*,*,#1864,.F.);
#1864 = EDGE_CURVE('',#1865,#1856,#1867,.T.);
#1865 = VERTEX_POINT('',#1866);
#1866 = CARTESIAN_POINT('',(70.8334666688,-41.7,46.));
#1867 = LINE('',#1868,#1869);
#1868 = CARTESIAN_POINT('',(-38.,-41.7,46.));
#1869 = VECTOR('',#1870,1.);
#1870 = DIRECTION('',(-1.,0.,0.));
#1871 = ORIENTED_EDGE('',*,*,#1872,.T.);
#1872 = EDGE_CURVE('',#1865,#1848,#1873,.T.);
#1873 = CIRCLE('',#1874,4.5);
#1874 = AXIS2_PLACEMENT_3D('',#1875,#1876,#1877);
#1875 = CARTESIAN_POINT('',(75.,-40.,46.));
#1876 = DIRECTION('',(0.,0.,1.));
#1877 = DIRECTION('',(1.,0.,-0.));
#1878 = FACE_BOUND('',#1879,.F.);
#1879 = EDGE_LOOP('',(#1880));
#1880 = ORIENTED_EDGE('',*,*,#1330,.F.);
#1881 = FACE_BOUND('',#1882,.F.);
#1882 = EDGE_LOOP('',(#1883));
#1883 = ORIENTED_EDGE('',*,*,#1884,.F.);
#1884 = EDGE_CURVE('',#1885,#1885,#1887,.T.);
#1885 = VERTEX_POINT('',#1886);
#1886 = CARTESIAN_POINT('',(30.,-17.5,46.));
#1887 = CIRCLE('',#1888,12.5);
#1888 = AXIS2_PLACEMENT_3D('',#1889,#1890,#1891);
#1889 = CARTESIAN_POINT('',(17.5,-17.5,46.));
#1890 = DIRECTION('',(0.,0.,1.));
#1891 = DIRECTION('',(1.,0.,-0.));
#1892 = FACE_BOUND('',#1893,.F.);
#1893 = EDGE_LOOP('',(#1894));
#1894 = ORIENTED_EDGE('',*,*,#1895,.F.);
#1895 = EDGE_CURVE('',#1896,#1896,#1898,.T.);
#1896 = VERTEX_POINT('',#1897);
#1897 = CARTESIAN_POINT('',(65.,-17.5,46.));
#1898 = CIRCLE('',#1899,12.5);
#1899 = AXIS2_PLACEMENT_3D('',#1900,#1901,#1902);
#1900 = CARTESIAN_POINT('',(52.5,-17.5,46.));
#1901 = DIRECTION('',(0.,0.,1.));
#1902 = DIRECTION('',(1.,0.,-0.));
#1903 = FACE_BOUND('',#1904,.F.);
#1904 = EDGE_LOOP('',(#1905,#1915,#1924,#1932));
#1905 = ORIENTED_EDGE('',*,*,#1906,.F.);
#1906 = EDGE_CURVE('',#1907,#1909,#1911,.T.);
#1907 = VERTEX_POINT('',#1908);
#1908 = CARTESIAN_POINT('',(-78.7,37.438750305027,46.));
#1909 = VERTEX_POINT('',#1910);
#1910 = CARTESIAN_POINT('',(-78.7,-37.43875030502,46.));
#1911 = LINE('',#1912,#1913);
#1912 = CARTESIAN_POINT('',(-78.7,41.,46.));
#1913 = VECTOR('',#1914,1.);
#1914 = DIRECTION('',(0.,-1.,0.));
#1915 = ORIENTED_EDGE('',*,*,#1916,.T.);
#1916 = EDGE_CURVE('',#1907,#1917,#1919,.T.);
#1917 = VERTEX_POINT('',#1918);
#1918 = CARTESIAN_POINT('',(-76.7,35.8334666688,46.));
#1919 = CIRCLE('',#1920,4.5);
#1920 = AXIS2_PLACEMENT_3D('',#1921,#1922,#1923);
#1921 = CARTESIAN_POINT('',(-75.,40.,46.));
#1922 = DIRECTION('',(0.,0.,1.));
#1923 = DIRECTION('',(1.,0.,-0.));
#1924 = ORIENTED_EDGE('',*,*,#1925,.F.);
#1925 = EDGE_CURVE('',#1926,#1917,#1928,.T.);
#1926 = VERTEX_POINT('',#1927);
#1927 = CARTESIAN_POINT('',(-76.7,-35.8334666688,46.));
#1928 = LINE('',#1929,#1930);
#1929 = CARTESIAN_POINT('',(-76.7,20.5,46.));
#1930 = VECTOR('',#1931,1.);
#1931 = DIRECTION('',(-0.,1.,0.));
#1932 = ORIENTED_EDGE('',*,*,#1933,.T.);
#1933 = EDGE_CURVE('',#1926,#1909,#1934,.T.);
#1934 = CIRCLE('',#1935,4.5);
#1935 = AXIS2_PLACEMENT_3D('',#1936,#1937,#1938);
#1936 = CARTESIAN_POINT('',(-75.,-40.,46.));
#1937 = DIRECTION('',(0.,0.,1.));
#1938 = DIRECTION('',(1.,0.,-0.));
#1939 = FACE_BOUND('',#1940,.F.);
#1940 = EDGE_LOOP('',(#1941));
#1941 = ORIENTED_EDGE('',*,*,#1942,.F.);
#1942 = EDGE_CURVE('',#1943,#1943,#1945,.T.);
#1943 = VERTEX_POINT('',#1944);
#1944 = CARTESIAN_POINT('',(-40.,17.5,46.));
#1945 = CIRCLE('',#1946,12.5);
#1946 = AXIS2_PLACEMENT_3D('',#1947,#1948,#1949);
#1947 = CARTESIAN_POINT('',(-52.5,17.5,46.));
#1948 = DIRECTION('',(0.,0.,1.));
#1949 = DIRECTION('',(1.,0.,-0.));
#1950 = FACE_BOUND('',#1951,.F.);
#1951 = EDGE_LOOP('',(#1952));
#1952 = ORIENTED_EDGE('',*,*,#1953,.F.);
#1953 = EDGE_CURVE('',#1954,#1954,#1956,.T.);
#1954 = VERTEX_POINT('',#1955);
#1955 = CARTESIAN_POINT('',(-5.,17.5,46.));
#1956 = CIRCLE('',#1957,12.5);
#1957 = AXIS2_PLACEMENT_3D('',#1958,#1959,#1960);
#1958 = CARTESIAN_POINT('',(-17.5,17.5,46.));
#1959 = DIRECTION('',(0.,0.,1.));
#1960 = DIRECTION('',(1.,0.,-0.));
#1961 = FACE_BOUND('',#1962,.F.);
#1962 = EDGE_LOOP('',(#1963));
#1963 = ORIENTED_EDGE('',*,*,#1456,.F.);
#1964 = FACE_BOUND('',#1965,.F.);
#1965 = EDGE_LOOP('',(#1966,#1976,#1985,#1993));
#1966 = ORIENTED_EDGE('',*,*,#1967,.F.);
#1967 = EDGE_CURVE('',#1968,#1970,#1972,.T.);
#1968 = VERTEX_POINT('',#1969);
#1969 = CARTESIAN_POINT('',(-2.561249694973,43.7,46.));
#1970 = VERTEX_POINT('',#1971);
#1971 = CARTESIAN_POINT('',(-72.43875030502,43.7,46.));
#1972 = LINE('',#1973,#1974);
#1973 = CARTESIAN_POINT('',(76.,43.7,46.));
#1974 = VECTOR('',#1975,1.);
#1975 = DIRECTION('',(-1.,0.,0.));
#1976 = ORIENTED_EDGE('',*,*,#1977,.T.);
#1977 = EDGE_CURVE('',#1968,#1978,#1980,.T.);
#1978 = VERTEX_POINT('',#1979);
#1979 = CARTESIAN_POINT('',(-4.1665333312,41.7,46.));
#1980 = CIRCLE('',#1981,4.5);
#1981 = AXIS2_PLACEMENT_3D('',#1982,#1983,#1984);
#1982 = CARTESIAN_POINT('',(0.,40.,46.));
#1983 = DIRECTION('',(0.,0.,1.));
#1984 = DIRECTION('',(1.,0.,-0.));
#1985 = ORIENTED_EDGE('',*,*,#1986,.F.);
#1986 = EDGE_CURVE('',#1987,#1978,#1989,.T.);
#1987 = VERTEX_POINT('',#1988);
#1988 = CARTESIAN_POINT('',(-70.8334666688,41.7,46.));
#1989 = LINE('',#1990,#1991);
#1990 = CARTESIAN_POINT('',(38.,41.7,46.));
#1991 = VECTOR('',#1992,1.);
#1992 = DIRECTION('',(1.,0.,-0.));
#1993 = ORIENTED_EDGE('',*,*,#1994,.T.);
#1994 = EDGE_CURVE('',#1987,#1970,#1995,.T.);
#1995 = CIRCLE('',#1996,4.5);
#1996 = AXIS2_PLACEMENT_3D('',#1997,#1998,#1999);
#1997 = CARTESIAN_POINT('',(-75.,40.,46.));
#1998 = DIRECTION('',(0.,0.,1.));
#1999 = DIRECTION('',(1.,0.,-0.));
#2000 = FACE_BOUND('',#2001,.F.);
#2001 = EDGE_LOOP('',(#2002));
#2002 = ORIENTED_EDGE('',*,*,#2003,.F.);
#2003 = EDGE_CURVE('',#2004,#2004,#2006,.T.);
#2004 = VERTEX_POINT('',#2005);
#2005 = CARTESIAN_POINT('',(30.,17.5,46.));
#2006 = CIRCLE('',#2007,12.5);
#2007 = AXIS2_PLACEMENT_3D('',#2008,#2009,#2010);
#2008 = CARTESIAN_POINT('',(17.5,17.5,46.));
#2009 = DIRECTION('',(0.,0.,1.));
#2010 = DIRECTION('',(1.,0.,-0.));
#2011 = FACE_BOUND('',#2012,.F.);
#2012 = EDGE_LOOP('',(#2013,#2023,#2032,#2040));
#2013 = ORIENTED_EDGE('',*,*,#2014,.F.);
#2014 = EDGE_CURVE('',#2015,#2017,#2019,.T.);
#2015 = VERTEX_POINT('',#2016);
#2016 = CARTESIAN_POINT('',(78.7,-37.43875030502,46.));
#2017 = VERTEX_POINT('',#2018);
#2018 = CARTESIAN_POINT('',(78.7,37.438750305027,46.));
#2019 = LINE('',#2020,#2021);
#2020 = CARTESIAN_POINT('',(78.7,-41.,46.));
#2021 = VECTOR('',#2022,1.);
#2022 = DIRECTION('',(0.,1.,0.));
#2023 = ORIENTED_EDGE('',*,*,#2024,.T.);
#2024 = EDGE_CURVE('',#2015,#2025,#2027,.T.);
#2025 = VERTEX_POINT('',#2026);
#2026 = CARTESIAN_POINT('',(76.7,-35.8334666688,46.));
#2027 = CIRCLE('',#2028,4.5);
#2028 = AXIS2_PLACEMENT_3D('',#2029,#2030,#2031);
#2029 = CARTESIAN_POINT('',(75.,-40.,46.));
#2030 = DIRECTION('',(0.,0.,1.));
#2031 = DIRECTION('',(1.,0.,-0.));
#2032 = ORIENTED_EDGE('',*,*,#2033,.F.);
#2033 = EDGE_CURVE('',#2034,#2025,#2036,.T.);
#2034 = VERTEX_POINT('',#2035);
#2035 = CARTESIAN_POINT('',(76.7,35.8334666688,46.));
#2036 = LINE('',#2037,#2038);
#2037 = CARTESIAN_POINT('',(76.7,-20.5,46.));
#2038 = VECTOR('',#2039,1.);
#2039 = DIRECTION('',(0.,-1.,0.));
#2040 = ORIENTED_EDGE('',*,*,#2041,.T.);
#2041 = EDGE_CURVE('',#2034,#2017,#2042,.T.);
#2042 = CIRCLE('',#2043,4.5);
#2043 = AXIS2_PLACEMENT_3D('',#2044,#2045,#2046);
#2044 = CARTESIAN_POINT('',(75.,40.,46.));
#2045 = DIRECTION('',(0.,0.,1.));
#2046 = DIRECTION('',(1.,0.,-0.));
#2047 = FACE_BOUND('',#2048,.F.);
#2048 = EDGE_LOOP('',(#2049));
#2049 = ORIENTED_EDGE('',*,*,#2050,.F.);
#2050 = EDGE_CURVE('',#2051,#2051,#2053,.T.);
#2051 = VERTEX_POINT('',#2052);
#2052 = CARTESIAN_POINT('',(65.,17.5,46.));
#2053 = CIRCLE('',#2054,12.5);
#2054 = AXIS2_PLACEMENT_3D('',#2055,#2056,#2057);
#2055 = CARTESIAN_POINT('',(52.5,17.5,46.));
#2056 = DIRECTION('',(0.,0.,1.));
#2057 = DIRECTION('',(1.,0.,-0.));
#2058 = FACE_BOUND('',#2059,.F.);
#2059 = EDGE_LOOP('',(#2060));
#2060 = ORIENTED_EDGE('',*,*,#1532,.F.);
#2061 = FACE_BOUND('',#2062,.F.);
#2062 = EDGE_LOOP('',(#2063,#2073,#2082,#2090));
#2063 = ORIENTED_EDGE('',*,*,#2064,.F.);
#2064 = EDGE_CURVE('',#2065,#2067,#2069,.T.);
#2065 = VERTEX_POINT('',#2066);
#2066 = CARTESIAN_POINT('',(72.438750305027,43.7,46.));
#2067 = VERTEX_POINT('',#2068);
#2068 = CARTESIAN_POINT('',(2.561249694973,43.7,46.));
#2069 = LINE('',#2070,#2071);
#2070 = CARTESIAN_POINT('',(76.,43.7,46.));
#2071 = VECTOR('',#2072,1.);
#2072 = DIRECTION('',(-1.,0.,0.));
#2073 = ORIENTED_EDGE('',*,*,#2074,.T.);
#2074 = EDGE_CURVE('',#2065,#2075,#2077,.T.);
#2075 = VERTEX_POINT('',#2076);
#2076 = CARTESIAN_POINT('',(70.8334666688,41.7,46.));
#2077 = CIRCLE('',#2078,4.5);
#2078 = AXIS2_PLACEMENT_3D('',#2079,#2080,#2081);
#2079 = CARTESIAN_POINT('',(75.,40.,46.));
#2080 = DIRECTION('',(0.,0.,1.));
#2081 = DIRECTION('',(1.,0.,-0.));
#2082 = ORIENTED_EDGE('',*,*,#2083,.F.);
#2083 = EDGE_CURVE('',#2084,#2075,#2086,.T.);
#2084 = VERTEX_POINT('',#2085);
#2085 = CARTESIAN_POINT('',(4.1665333312,41.7,46.));
#2086 = LINE('',#2087,#2088);
#2087 = CARTESIAN_POINT('',(38.,41.7,46.));
#2088 = VECTOR('',#2089,1.);
#2089 = DIRECTION('',(1.,0.,-0.));
#2090 = ORIENTED_EDGE('',*,*,#2091,.T.);
#2091 = EDGE_CURVE('',#2084,#2067,#2092,.T.);
#2092 = CIRCLE('',#2093,4.5);
#2093 = AXIS2_PLACEMENT_3D('',#2094,#2095,#2096);
#2094 = CARTESIAN_POINT('',(0.,40.,46.));
#2095 = DIRECTION('',(0.,0.,1.));
#2096 = DIRECTION('',(1.,0.,-0.));
#2097 = FACE_BOUND('',#2098,.F.);
#2098 = EDGE_LOOP('',(#2099));
#2099 = ORIENTED_EDGE('',*,*,#1558,.F.);
#2100 = PLANE('',#2101);
#2101 = AXIS2_PLACEMENT_3D('',#2102,#2103,#2104);
#2102 = CARTESIAN_POINT('',(0.,0.,46.));
#2103 = DIRECTION('',(0.,0.,1.));
#2104 = DIRECTION('',(1.,0.,-0.));
#2105 = ADVANCED_FACE('',(#2106),#2117,.F.);
#2106 = FACE_BOUND('',#2107,.F.);
#2107 = EDGE_LOOP('',(#2108,#2109,#2115,#2116));
#2108 = ORIENTED_EDGE('',*,*,#1254,.F.);
#2109 = ORIENTED_EDGE('',*,*,#2110,.F.);
#2110 = EDGE_CURVE('',#1821,#1247,#2111,.T.);
#2111 = LINE('',#2112,#2113);
#2112 = CARTESIAN_POINT('',(-40.,-17.5,45.));
#2113 = VECTOR('',#2114,1.);
#2114 = DIRECTION('',(0.,0.,1.));
#2115 = ORIENTED_EDGE('',*,*,#1820,.T.);
#2116 = ORIENTED_EDGE('',*,*,#2110,.T.);
#2117 = CYLINDRICAL_SURFACE('',#2118,12.5);
#2118 = AXIS2_PLACEMENT_3D('',#2119,#2120,#2121);
#2119 = CARTESIAN_POINT('',(-52.5,-17.5,45.));
#2120 = DIRECTION('',(0.,0.,1.));
#2121 = DIRECTION('',(1.,0.,-0.));
#2122 = ADVANCED_FACE('',(#2123),#2134,.F.);
#2123 = FACE_BOUND('',#2124,.F.);
#2124 = EDGE_LOOP('',(#2125,#2126,#2132,#2133));
#2125 = ORIENTED_EDGE('',*,*,#1279,.F.);
#2126 = ORIENTED_EDGE('',*,*,#2127,.F.);
#2127 = EDGE_CURVE('',#1832,#1272,#2128,.T.);
#2128 = LINE('',#2129,#2130);
#2129 = CARTESIAN_POINT('',(-5.,-17.5,45.));
#2130 = VECTOR('',#2131,1.);
#2131 = DIRECTION('',(0.,0.,1.));
#2132 = ORIENTED_EDGE('',*,*,#1831,.T.);
#2133 = ORIENTED_EDGE('',*,*,#2127,.T.);
#2134 = CYLINDRICAL_SURFACE('',#2135,12.5);
#2135 = AXIS2_PLACEMENT_3D('',#2136,#2137,#2138);
#2136 = CARTESIAN_POINT('',(-17.5,-17.5,45.));
#2137 = DIRECTION('',(0.,0.,1.));
#2138 = DIRECTION('',(1.,0.,-0.));
#2139 = ADVANCED_FACE('',(#2140),#2151,.F.);
#2140 = FACE_BOUND('',#2141,.F.);
#2141 = EDGE_LOOP('',(#2142,#2143,#2149,#2150));
#2142 = ORIENTED_EDGE('',*,*,#1356,.F.);
#2143 = ORIENTED_EDGE('',*,*,#2144,.F.);
#2144 = EDGE_CURVE('',#1885,#1349,#2145,.T.);
#2145 = LINE('',#2146,#2147);
#2146 = CARTESIAN_POINT('',(30.,-17.5,45.));
#2147 = VECTOR('',#2148,1.);
#2148 = DIRECTION('',(0.,0.,1.));
#2149 = ORIENTED_EDGE('',*,*,#1884,.T.);
#2150 = ORIENTED_EDGE('',*,*,#2144,.T.);
#2151 = CYLINDRICAL_SURFACE('',#2152,12.5);
#2152 = AXIS2_PLACEMENT_3D('',#2153,#2154,#2155);
#2153 = CARTESIAN_POINT('',(17.5,-17.5,45.));
#2154 = DIRECTION('',(0.,0.,1.));
#2155 = DIRECTION('',(1.,0.,-0.));
#2156 = ADVANCED_FACE('',(#2157),#2168,.F.);
#2157 = FACE_BOUND('',#2158,.F.);
#2158 = EDGE_LOOP('',(#2159,#2160,#2166,#2167));
#2159 = ORIENTED_EDGE('',*,*,#1381,.F.);
#2160 = ORIENTED_EDGE('',*,*,#2161,.F.);
#2161 = EDGE_CURVE('',#1896,#1374,#2162,.T.);
#2162 = LINE('',#2163,#2164);
#2163 = CARTESIAN_POINT('',(65.,-17.5,45.));
#2164 = VECTOR('',#2165,1.);
#2165 = DIRECTION('',(0.,0.,1.));
#2166 = ORIENTED_EDGE('',*,*,#1895,.T.);
#2167 = ORIENTED_EDGE('',*,*,#2161,.T.);
#2168 = CYLINDRICAL_SURFACE('',#2169,12.5);
#2169 = AXIS2_PLACEMENT_3D('',#2170,#2171,#2172);
#2170 = CARTESIAN_POINT('',(52.5,-17.5,45.));
#2171 = DIRECTION('',(0.,0.,1.));
#2172 = DIRECTION('',(1.,0.,-0.));
#2173 = ADVANCED_FACE('',(#2174),#2185,.F.);
#2174 = FACE_BOUND('',#2175,.F.);
#2175 = EDGE_LOOP('',(#2176,#2177,#2183,#2184));
#2176 = ORIENTED_EDGE('',*,*,#1406,.F.);
#2177 = ORIENTED_EDGE('',*,*,#2178,.F.);
#2178 = EDGE_CURVE('',#1943,#1399,#2179,.T.);
#2179 = LINE('',#2180,#2181);
#2180 = CARTESIAN_POINT('',(-40.,17.5,45.));
#2181 = VECTOR('',#2182,1.);
#2182 = DIRECTION('',(0.,0.,1.));
#2183 = ORIENTED_EDGE('',*,*,#1942,.T.);
#2184 = ORIENTED_EDGE('',*,*,#2178,.T.);
#2185 = CYLINDRICAL_SURFACE('',#2186,12.5);
#2186 = AXIS2_PLACEMENT_3D('',#2187,#2188,#2189);
#2187 = CARTESIAN_POINT('',(-52.5,17.5,45.));
#2188 = DIRECTION('',(0.,0.,1.));
#2189 = DIRECTION('',(1.,0.,-0.));
#2190 = ADVANCED_FACE('',(#2191),#2202,.F.);
#2191 = FACE_BOUND('',#2192,.F.);
#2192 = EDGE_LOOP('',(#2193,#2194,#2200,#2201));
#2193 = ORIENTED_EDGE('',*,*,#1431,.F.);
#2194 = ORIENTED_EDGE('',*,*,#2195,.F.);
#2195 = EDGE_CURVE('',#1954,#1424,#2196,.T.);
#2196 = LINE('',#2197,#2198);
#2197 = CARTESIAN_POINT('',(-5.,17.5,45.));
#2198 = VECTOR('',#2199,1.);
#2199 = DIRECTION('',(0.,0.,1.));
#2200 = ORIENTED_EDGE('',*,*,#1953,.T.);
#2201 = ORIENTED_EDGE('',*,*,#2195,.T.);
#2202 = CYLINDRICAL_SURFACE('',#2203,12.5);
#2203 = AXIS2_PLACEMENT_3D('',#2204,#2205,#2206);
#2204 = CARTESIAN_POINT('',(-17.5,17.5,45.));
#2205 = DIRECTION('',(0.,0.,1.));
#2206 = DIRECTION('',(1.,0.,-0.));
#2207 = ADVANCED_FACE('',(#2208),#2219,.F.);
#2208 = FACE_BOUND('',#2209,.F.);
#2209 = EDGE_LOOP('',(#2210,#2211,#2217,#2218));
#2210 = ORIENTED_EDGE('',*,*,#1482,.F.);
#2211 = ORIENTED_EDGE('',*,*,#2212,.F.);
#2212 = EDGE_CURVE('',#2004,#1475,#2213,.T.);
#2213 = LINE('',#2214,#2215);
#2214 = CARTESIAN_POINT('',(30.,17.5,45.));
#2215 = VECTOR('',#2216,1.);
#2216 = DIRECTION('',(0.,0.,1.));
#2217 = ORIENTED_EDGE('',*,*,#2003,.T.);
#2218 = ORIENTED_EDGE('',*,*,#2212,.T.);
#2219 = CYLINDRICAL_SURFACE('',#2220,12.5);
#2220 = AXIS2_PLACEMENT_3D('',#2221,#2222,#2223);
#2221 = CARTESIAN_POINT('',(17.5,17.5,45.));
#2222 = DIRECTION('',(0.,0.,1.));
#2223 = DIRECTION('',(1.,0.,-0.));
#2224 = ADVANCED_FACE('',(#2225),#2236,.F.);
#2225 = FACE_BOUND('',#2226,.F.);
#2226 = EDGE_LOOP('',(#2227,#2228,#2234,#2235));
#2227 = ORIENTED_EDGE('',*,*,#1507,.F.);
#2228 = ORIENTED_EDGE('',*,*,#2229,.F.);
#2229 = EDGE_CURVE('',#2051,#1500,#2230,.T.);
#2230 = LINE('',#2231,#2232);
#2231 = CARTESIAN_POINT('',(65.,17.5,45.));
#2232 = VECTOR('',#2233,1.);
#2233 = DIRECTION('',(0.,0.,1.));
#2234 = ORIENTED_EDGE('',*,*,#2050,.T.);
#2235 = ORIENTED_EDGE('',*,*,#2229,.T.);
#2236 = CYLINDRICAL_SURFACE('',#2237,12.5);
#2237 = AXIS2_PLACEMENT_3D('',#2238,#2239,#2240);
#2238 = CARTESIAN_POINT('',(52.5,17.5,45.));
#2239 = DIRECTION('',(0.,0.,1.));
#2240 = DIRECTION('',(1.,0.,-0.));
#2241 = ADVANCED_FACE('',(#2242),#2267,.F.);
#2242 = FACE_BOUND('',#2243,.F.);
#2243 = EDGE_LOOP('',(#2244,#2254,#2260,#2261));
#2244 = ORIENTED_EDGE('',*,*,#2245,.F.);
#2245 = EDGE_CURVE('',#2246,#2248,#2250,.T.);
#2246 = VERTEX_POINT('',#2247);
#2247 = CARTESIAN_POINT('',(-72.43875030502,-43.7,44.));
#2248 = VERTEX_POINT('',#2249);
#2249 = CARTESIAN_POINT('',(-2.561249694973,-43.7,44.));
#2250 = LINE('',#2251,#2252);
#2251 = CARTESIAN_POINT('',(-76.,-43.7,44.));
#2252 = VECTOR('',#2253,1.);
#2253 = DIRECTION('',(1.,0.,0.));
#2254 = ORIENTED_EDGE('',*,*,#2255,.T.);
#2255 = EDGE_CURVE('',#2246,#1785,#2256,.T.);
#2256 = LINE('',#2257,#2258);
#2257 = CARTESIAN_POINT('',(-72.43875030502,-43.7,43.));
#2258 = VECTOR('',#2259,1.);
#2259 = DIRECTION('',(0.,0.,1.));
#2260 = ORIENTED_EDGE('',*,*,#1784,.T.);
#2261 = ORIENTED_EDGE('',*,*,#2262,.F.);
#2262 = EDGE_CURVE('',#2248,#1787,#2263,.T.);
#2263 = LINE('',#2264,#2265);
#2264 = CARTESIAN_POINT('',(-2.561249694973,-43.7,43.));
#2265 = VECTOR('',#2266,1.);
#2266 = DIRECTION('',(0.,0.,1.));
#2267 = PLANE('',#2268);
#2268 = AXIS2_PLACEMENT_3D('',#2269,#2270,#2271);
#2269 = CARTESIAN_POINT('',(-76.,-43.7,44.));
#2270 = DIRECTION('',(0.,1.,0.));
#2271 = DIRECTION('',(1.,0.,0.));
#2272 = ADVANCED_FACE('',(#2273),#2292,.F.);
#2273 = FACE_BOUND('',#2274,.F.);
#2274 = EDGE_LOOP('',(#2275,#2276,#2285,#2291));
#2275 = ORIENTED_EDGE('',*,*,#2255,.F.);
#2276 = ORIENTED_EDGE('',*,*,#2277,.T.);
#2277 = EDGE_CURVE('',#2246,#2278,#2280,.T.);
#2278 = VERTEX_POINT('',#2279);
#2279 = CARTESIAN_POINT('',(-70.8334666688,-41.7,44.));
#2280 = CIRCLE('',#2281,4.5);
#2281 = AXIS2_PLACEMENT_3D('',#2282,#2283,#2284);
#2282 = CARTESIAN_POINT('',(-75.,-40.,44.));
#2283 = DIRECTION('',(0.,0.,1.));
#2284 = DIRECTION('',(1.,0.,-0.));
#2285 = ORIENTED_EDGE('',*,*,#2286,.T.);
#2286 = EDGE_CURVE('',#2278,#1795,#2287,.T.);
#2287 = LINE('',#2288,#2289);
#2288 = CARTESIAN_POINT('',(-70.8334666688,-41.7,43.));
#2289 = VECTOR('',#2290,1.);
#2290 = DIRECTION('',(0.,0.,1.));
#2291 = ORIENTED_EDGE('',*,*,#1794,.F.);
#2292 = CYLINDRICAL_SURFACE('',#2293,4.5);
#2293 = AXIS2_PLACEMENT_3D('',#2294,#2295,#2296);
#2294 = CARTESIAN_POINT('',(-75.,-40.,43.));
#2295 = DIRECTION('',(0.,0.,1.));
#2296 = DIRECTION('',(1.,0.,-0.));
#2297 = ADVANCED_FACE('',(#2298),#2317,.F.);
#2298 = FACE_BOUND('',#2299,.F.);
#2299 = EDGE_LOOP('',(#2300,#2309,#2310,#2311));
#2300 = ORIENTED_EDGE('',*,*,#2301,.T.);
#2301 = EDGE_CURVE('',#2302,#2248,#2304,.T.);
#2302 = VERTEX_POINT('',#2303);
#2303 = CARTESIAN_POINT('',(-4.1665333312,-41.7,44.));
#2304 = CIRCLE('',#2305,4.5);
#2305 = AXIS2_PLACEMENT_3D('',#2306,#2307,#2308);
#2306 = CARTESIAN_POINT('',(0.,-40.,44.));
#2307 = DIRECTION('',(0.,0.,1.));
#2308 = DIRECTION('',(1.,0.,-0.));
#2309 = ORIENTED_EDGE('',*,*,#2262,.T.);
#2310 = ORIENTED_EDGE('',*,*,#1811,.F.);
#2311 = ORIENTED_EDGE('',*,*,#2312,.F.);
#2312 = EDGE_CURVE('',#2302,#1804,#2313,.T.);
#2313 = LINE('',#2314,#2315);
#2314 = CARTESIAN_POINT('',(-4.1665333312,-41.7,43.));
#2315 = VECTOR('',#2316,1.);
#2316 = DIRECTION('',(0.,0.,1.));
#2317 = CYLINDRICAL_SURFACE('',#2318,4.5);
#2318 = AXIS2_PLACEMENT_3D('',#2319,#2320,#2321);
#2319 = CARTESIAN_POINT('',(0.,-40.,43.));
#2320 = DIRECTION('',(0.,0.,1.));
#2321 = DIRECTION('',(1.,0.,-0.));
#2322 = ADVANCED_FACE('',(#2323),#2334,.T.);
#2323 = FACE_BOUND('',#2324,.T.);
#2324 = EDGE_LOOP('',(#2325,#2326,#2332,#2333));
#2325 = ORIENTED_EDGE('',*,*,#2312,.F.);
#2326 = ORIENTED_EDGE('',*,*,#2327,.T.);
#2327 = EDGE_CURVE('',#2302,#2278,#2328,.T.);
#2328 = LINE('',#2329,#2330);
#2329 = CARTESIAN_POINT('',(-38.,-41.7,44.));
#2330 = VECTOR('',#2331,1.);
#2331 = DIRECTION('',(-1.,0.,0.));
#2332 = ORIENTED_EDGE('',*,*,#2286,.T.);
#2333 = ORIENTED_EDGE('',*,*,#1803,.F.);
#2334 = PLANE('',#2335);
#2335 = AXIS2_PLACEMENT_3D('',#2336,#2337,#2338);
#2336 = CARTESIAN_POINT('',(-76.,-41.7,43.));
#2337 = DIRECTION('',(0.,1.,0.));
#2338 = DIRECTION('',(1.,0.,0.));
#2339 = ADVANCED_FACE('',(#2340),#2365,.F.);
#2340 = FACE_BOUND('',#2341,.F.);
#2341 = EDGE_LOOP('',(#2342,#2352,#2358,#2359));
#2342 = ORIENTED_EDGE('',*,*,#2343,.F.);
#2343 = EDGE_CURVE('',#2344,#2346,#2348,.T.);
#2344 = VERTEX_POINT('',#2345);
#2345 = CARTESIAN_POINT('',(2.561249694973,-43.7,44.));
#2346 = VERTEX_POINT('',#2347);
#2347 = CARTESIAN_POINT('',(72.438750305027,-43.7,44.));
#2348 = LINE('',#2349,#2350);
#2349 = CARTESIAN_POINT('',(-76.,-43.7,44.));
#2350 = VECTOR('',#2351,1.);
#2351 = DIRECTION('',(1.,0.,0.));
#2352 = ORIENTED_EDGE('',*,*,#2353,.T.);
#2353 = EDGE_CURVE('',#2344,#1846,#2354,.T.);
#2354 = LINE('',#2355,#2356);
#2355 = CARTESIAN_POINT('',(2.561249694973,-43.7,43.));
#2356 = VECTOR('',#2357,1.);
#2357 = DIRECTION('',(0.,0.,1.));
#2358 = ORIENTED_EDGE('',*,*,#1845,.T.);
#2359 = ORIENTED_EDGE('',*,*,#2360,.F.);
#2360 = EDGE_CURVE('',#2346,#1848,#2361,.T.);
#2361 = LINE('',#2362,#2363);
#2362 = CARTESIAN_POINT('',(72.438750305027,-43.7,43.));
#2363 = VECTOR('',#2364,1.);
#2364 = DIRECTION('',(0.,0.,1.));
#2365 = PLANE('',#2366);
#2366 = AXIS2_PLACEMENT_3D('',#2367,#2368,#2369);
#2367 = CARTESIAN_POINT('',(-76.,-43.7,44.));
#2368 = DIRECTION('',(0.,1.,0.));
#2369 = DIRECTION('',(1.,0.,0.));
#2370 = ADVANCED_FACE('',(#2371),#2390,.F.);
#2371 = FACE_BOUND('',#2372,.F.);
#2372 = EDGE_LOOP('',(#2373,#2374,#2383,#2389));
#2373 = ORIENTED_EDGE('',*,*,#2353,.F.);
#2374 = ORIENTED_EDGE('',*,*,#2375,.T.);
#2375 = EDGE_CURVE('',#2344,#2376,#2378,.T.);
#2376 = VERTEX_POINT('',#2377);
#2377 = CARTESIAN_POINT('',(4.1665333312,-41.7,44.));
#2378 = CIRCLE('',#2379,4.5);
#2379 = AXIS2_PLACEMENT_3D('',#2380,#2381,#2382);
#2380 = CARTESIAN_POINT('',(0.,-40.,44.));
#2381 = DIRECTION('',(0.,0.,1.));
#2382 = DIRECTION('',(1.,0.,-0.));
#2383 = ORIENTED_EDGE('',*,*,#2384,.T.);
#2384 = EDGE_CURVE('',#2376,#1856,#2385,.T.);
#2385 = LINE('',#2386,#2387);
#2386 = CARTESIAN_POINT('',(4.1665333312,-41.7,43.));
#2387 = VECTOR('',#2388,1.);
#2388 = DIRECTION('',(0.,0.,1.));
#2389 = ORIENTED_EDGE('',*,*,#1855,.F.);
#2390 = CYLINDRICAL_SURFACE('',#2391,4.5);
#2391 = AXIS2_PLACEMENT_3D('',#2392,#2393,#2394);
#2392 = CARTESIAN_POINT('',(0.,-40.,43.));
#2393 = DIRECTION('',(0.,0.,1.));
#2394 = DIRECTION('',(1.,0.,-0.));
#2395 = ADVANCED_FACE('',(#2396),#2415,.F.);
#2396 = FACE_BOUND('',#2397,.F.);
#2397 = EDGE_LOOP('',(#2398,#2407,#2408,#2409));
#2398 = ORIENTED_EDGE('',*,*,#2399,.T.);
#2399 = EDGE_CURVE('',#2400,#2346,#2402,.T.);
#2400 = VERTEX_POINT('',#2401);
#2401 = CARTESIAN_POINT('',(70.8334666688,-41.7,44.));
#2402 = CIRCLE('',#2403,4.5);
#2403 = AXIS2_PLACEMENT_3D('',#2404,#2405,#2406);
#2404 = CARTESIAN_POINT('',(75.,-40.,44.));
#2405 = DIRECTION('',(0.,0.,1.));
#2406 = DIRECTION('',(1.,0.,-0.));
#2407 = ORIENTED_EDGE('',*,*,#2360,.T.);
#2408 = ORIENTED_EDGE('',*,*,#1872,.F.);
#2409 = ORIENTED_EDGE('',*,*,#2410,.F.);
#2410 = EDGE_CURVE('',#2400,#1865,#2411,.T.);
#2411 = LINE('',#2412,#2413);
#2412 = CARTESIAN_POINT('',(70.8334666688,-41.7,43.));
#2413 = VECTOR('',#2414,1.);
#2414 = DIRECTION('',(0.,0.,1.));
#2415 = CYLINDRICAL_SURFACE('',#2416,4.5);
#2416 = AXIS2_PLACEMENT_3D('',#2417,#2418,#2419);
#2417 = CARTESIAN_POINT('',(75.,-40.,43.));
#2418 = DIRECTION('',(0.,0.,1.));
#2419 = DIRECTION('',(1.,0.,-0.));
#2420 = ADVANCED_FACE('',(#2421),#2432,.T.);
#2421 = FACE_BOUND('',#2422,.T.);
#2422 = EDGE_LOOP('',(#2423,#2424,#2430,#2431));
#2423 = ORIENTED_EDGE('',*,*,#2410,.F.);
#2424 = ORIENTED_EDGE('',*,*,#2425,.T.);
#2425 = EDGE_CURVE('',#2400,#2376,#2426,.T.);
#2426 = LINE('',#2427,#2428);
#2427 = CARTESIAN_POINT('',(-38.,-41.7,44.));
#2428 = VECTOR('',#2429,1.);
#2429 = DIRECTION('',(-1.,0.,0.));
#2430 = ORIENTED_EDGE('',*,*,#2384,.T.);
#2431 = ORIENTED_EDGE('',*,*,#1864,.F.);
#2432 = PLANE('',#2433);
#2433 = AXIS2_PLACEMENT_3D('',#2434,#2435,#2436);
#2434 = CARTESIAN_POINT('',(-76.,-41.7,43.));
#2435 = DIRECTION('',(0.,1.,0.));
#2436 = DIRECTION('',(1.,0.,0.));
#2437 = ADVANCED_FACE('',(#2438),#2463,.F.);
#2438 = FACE_BOUND('',#2439,.F.);
#2439 = EDGE_LOOP('',(#2440,#2450,#2456,#2457));
#2440 = ORIENTED_EDGE('',*,*,#2441,.F.);
#2441 = EDGE_CURVE('',#2442,#2444,#2446,.T.);
#2442 = VERTEX_POINT('',#2443);
#2443 = CARTESIAN_POINT('',(-78.7,37.438750305027,44.));
#2444 = VERTEX_POINT('',#2445);
#2445 = CARTESIAN_POINT('',(-78.7,-37.43875030502,44.));
#2446 = LINE('',#2447,#2448);
#2447 = CARTESIAN_POINT('',(-78.7,41.,44.));
#2448 = VECTOR('',#2449,1.);
#2449 = DIRECTION('',(0.,-1.,0.));
#2450 = ORIENTED_EDGE('',*,*,#2451,.T.);
#2451 = EDGE_CURVE('',#2442,#1907,#2452,.T.);
#2452 = LINE('',#2453,#2454);
#2453 = CARTESIAN_POINT('',(-78.7,37.438750305027,43.));
#2454 = VECTOR('',#2455,1.);
#2455 = DIRECTION('',(0.,0.,1.));
#2456 = ORIENTED_EDGE('',*,*,#1906,.T.);
#2457 = ORIENTED_EDGE('',*,*,#2458,.F.);
#2458 = EDGE_CURVE('',#2444,#1909,#2459,.T.);
#2459 = LINE('',#2460,#2461);
#2460 = CARTESIAN_POINT('',(-78.7,-37.43875030502,43.));
#2461 = VECTOR('',#2462,1.);
#2462 = DIRECTION('',(0.,0.,1.));
#2463 = PLANE('',#2464);
#2464 = AXIS2_PLACEMENT_3D('',#2465,#2466,#2467);
#2465 = CARTESIAN_POINT('',(-78.7,41.,44.));
#2466 = DIRECTION('',(1.,0.,-0.));
#2467 = DIRECTION('',(0.,-1.,0.));
#2468 = ADVANCED_FACE('',(#2469),#2488,.F.);
#2469 = FACE_BOUND('',#2470,.F.);
#2470 = EDGE_LOOP('',(#2471,#2472,#2481,#2487));
#2471 = ORIENTED_EDGE('',*,*,#2451,.F.);
#2472 = ORIENTED_EDGE('',*,*,#2473,.T.);
#2473 = EDGE_CURVE('',#2442,#2474,#2476,.T.);
#2474 = VERTEX_POINT('',#2475);
#2475 = CARTESIAN_POINT('',(-76.7,35.8334666688,44.));
#2476 = CIRCLE('',#2477,4.5);
#2477 = AXIS2_PLACEMENT_3D('',#2478,#2479,#2480);
#2478 = CARTESIAN_POINT('',(-75.,40.,44.));
#2479 = DIRECTION('',(0.,0.,1.));
#2480 = DIRECTION('',(1.,0.,-0.));
#2481 = ORIENTED_EDGE('',*,*,#2482,.T.);
#2482 = EDGE_CURVE('',#2474,#1917,#2483,.T.);
#2483 = LINE('',#2484,#2485);
#2484 = CARTESIAN_POINT('',(-76.7,35.8334666688,43.));
#2485 = VECTOR('',#2486,1.);
#2486 = DIRECTION('',(0.,0.,1.));
#2487 = ORIENTED_EDGE('',*,*,#1916,.F.);
#2488 = CYLINDRICAL_SURFACE('',#2489,4.5);
#2489 = AXIS2_PLACEMENT_3D('',#2490,#2491,#2492);
#2490 = CARTESIAN_POINT('',(-75.,40.,43.));
#2491 = DIRECTION('',(0.,0.,1.));
#2492 = DIRECTION('',(1.,0.,-0.));
#2493 = ADVANCED_FACE('',(#2494),#2513,.F.);
#2494 = FACE_BOUND('',#2495,.F.);
#2495 = EDGE_LOOP('',(#2496,#2504,#2511,#2512));
#2496 = ORIENTED_EDGE('',*,*,#2497,.F.);
#2497 = EDGE_CURVE('',#2498,#1926,#2500,.T.);
#2498 = VERTEX_POINT('',#2499);
#2499 = CARTESIAN_POINT('',(-76.7,-35.8334666688,44.));
#2500 = LINE('',#2501,#2502);
#2501 = CARTESIAN_POINT('',(-76.7,-35.8334666688,43.));
#2502 = VECTOR('',#2503,1.);
#2503 = DIRECTION('',(0.,0.,1.));
#2504 = ORIENTED_EDGE('',*,*,#2505,.T.);
#2505 = EDGE_CURVE('',#2498,#2444,#2506,.T.);
#2506 = CIRCLE('',#2507,4.5);
#2507 = AXIS2_PLACEMENT_3D('',#2508,#2509,#2510);
#2508 = CARTESIAN_POINT('',(-75.,-40.,44.));
#2509 = DIRECTION('',(0.,0.,1.));
#2510 = DIRECTION('',(1.,0.,-0.));
#2511 = ORIENTED_EDGE('',*,*,#2458,.T.);
#2512 = ORIENTED_EDGE('',*,*,#1933,.F.);
#2513 = CYLINDRICAL_SURFACE('',#2514,4.5);
#2514 = AXIS2_PLACEMENT_3D('',#2515,#2516,#2517);
#2515 = CARTESIAN_POINT('',(-75.,-40.,43.));
#2516 = DIRECTION('',(0.,0.,1.));
#2517 = DIRECTION('',(1.,0.,-0.));
#2518 = ADVANCED_FACE('',(#2519),#2530,.T.);
#2519 = FACE_BOUND('',#2520,.T.);
#2520 = EDGE_LOOP('',(#2521,#2522,#2528,#2529));
#2521 = ORIENTED_EDGE('',*,*,#2497,.F.);
#2522 = ORIENTED_EDGE('',*,*,#2523,.T.);
#2523 = EDGE_CURVE('',#2498,#2474,#2524,.T.);
#2524 = LINE('',#2525,#2526);
#2525 = CARTESIAN_POINT('',(-76.7,20.5,44.));
#2526 = VECTOR('',#2527,1.);
#2527 = DIRECTION('',(-0.,1.,0.));
#2528 = ORIENTED_EDGE('',*,*,#2482,.T.);
#2529 = ORIENTED_EDGE('',*,*,#1925,.F.);
#2530 = PLANE('',#2531);
#2531 = AXIS2_PLACEMENT_3D('',#2532,#2533,#2534);
#2532 = CARTESIAN_POINT('',(-76.7,41.,43.));
#2533 = DIRECTION('',(1.,0.,-0.));
#2534 = DIRECTION('',(0.,-1.,0.));
#2535 = ADVANCED_FACE('',(#2536),#2561,.F.);
#2536 = FACE_BOUND('',#2537,.F.);
#2537 = EDGE_LOOP('',(#2538,#2548,#2554,#2555));
#2538 = ORIENTED_EDGE('',*,*,#2539,.F.);
#2539 = EDGE_CURVE('',#2540,#2542,#2544,.T.);
#2540 = VERTEX_POINT('',#2541);
#2541 = CARTESIAN_POINT('',(-2.561249694973,43.7,44.));
#2542 = VERTEX_POINT('',#2543);
#2543 = CARTESIAN_POINT('',(-72.43875030502,43.7,44.));
#2544 = LINE('',#2545,#2546);
#2545 = CARTESIAN_POINT('',(76.,43.7,44.));
#2546 = VECTOR('',#2547,1.);
#2547 = DIRECTION('',(-1.,0.,0.));
#2548 = ORIENTED_EDGE('',*,*,#2549,.T.);
#2549 = EDGE_CURVE('',#2540,#1968,#2550,.T.);
#2550 = LINE('',#2551,#2552);
#2551 = CARTESIAN_POINT('',(-2.561249694973,43.7,43.));
#2552 = VECTOR('',#2553,1.);
#2553 = DIRECTION('',(0.,0.,1.));
#2554 = ORIENTED_EDGE('',*,*,#1967,.T.);
#2555 = ORIENTED_EDGE('',*,*,#2556,.F.);
#2556 = EDGE_CURVE('',#2542,#1970,#2557,.T.);
#2557 = LINE('',#2558,#2559);
#2558 = CARTESIAN_POINT('',(-72.43875030502,43.7,43.));
#2559 = VECTOR('',#2560,1.);
#2560 = DIRECTION('',(0.,0.,1.));
#2561 = PLANE('',#2562);
#2562 = AXIS2_PLACEMENT_3D('',#2563,#2564,#2565);
#2563 = CARTESIAN_POINT('',(76.,43.7,44.));
#2564 = DIRECTION('',(0.,-1.,0.));
#2565 = DIRECTION('',(-1.,0.,0.));
#2566 = ADVANCED_FACE('',(#2567),#2586,.F.);
#2567 = FACE_BOUND('',#2568,.F.);
#2568 = EDGE_LOOP('',(#2569,#2570,#2579,#2585));
#2569 = ORIENTED_EDGE('',*,*,#2549,.F.);
#2570 = ORIENTED_EDGE('',*,*,#2571,.T.);
#2571 = EDGE_CURVE('',#2540,#2572,#2574,.T.);
#2572 = VERTEX_POINT('',#2573);
#2573 = CARTESIAN_POINT('',(-4.1665333312,41.7,44.));
#2574 = CIRCLE('',#2575,4.5);
#2575 = AXIS2_PLACEMENT_3D('',#2576,#2577,#2578);
#2576 = CARTESIAN_POINT('',(0.,40.,44.));
#2577 = DIRECTION('',(0.,0.,1.));
#2578 = DIRECTION('',(1.,0.,-0.));
#2579 = ORIENTED_EDGE('',*,*,#2580,.T.);
#2580 = EDGE_CURVE('',#2572,#1978,#2581,.T.);
#2581 = LINE('',#2582,#2583);
#2582 = CARTESIAN_POINT('',(-4.1665333312,41.7,43.));
#2583 = VECTOR('',#2584,1.);
#2584 = DIRECTION('',(0.,0.,1.));
#2585 = ORIENTED_EDGE('',*,*,#1977,.F.);
#2586 = CYLINDRICAL_SURFACE('',#2587,4.5);
#2587 = AXIS2_PLACEMENT_3D('',#2588,#2589,#2590);
#2588 = CARTESIAN_POINT('',(0.,40.,43.));
#2589 = DIRECTION('',(0.,0.,1.));
#2590 = DIRECTION('',(1.,0.,-0.));
#2591 = ADVANCED_FACE('',(#2592),#2611,.F.);
#2592 = FACE_BOUND('',#2593,.F.);
#2593 = EDGE_LOOP('',(#2594,#2602,#2609,#2610));
#2594 = ORIENTED_EDGE('',*,*,#2595,.F.);
#2595 = EDGE_CURVE('',#2596,#1987,#2598,.T.);
#2596 = VERTEX_POINT('',#2597);
#2597 = CARTESIAN_POINT('',(-70.8334666688,41.7,44.));
#2598 = LINE('',#2599,#2600);
#2599 = CARTESIAN_POINT('',(-70.8334666688,41.7,43.));
#2600 = VECTOR('',#2601,1.);
#2601 = DIRECTION('',(0.,0.,1.));
#2602 = ORIENTED_EDGE('',*,*,#2603,.T.);
#2603 = EDGE_CURVE('',#2596,#2542,#2604,.T.);
#2604 = CIRCLE('',#2605,4.5);
#2605 = AXIS2_PLACEMENT_3D('',#2606,#2607,#2608);
#2606 = CARTESIAN_POINT('',(-75.,40.,44.));
#2607 = DIRECTION('',(0.,0.,1.));
#2608 = DIRECTION('',(1.,0.,-0.));
#2609 = ORIENTED_EDGE('',*,*,#2556,.T.);
#2610 = ORIENTED_EDGE('',*,*,#1994,.F.);
#2611 = CYLINDRICAL_SURFACE('',#2612,4.5);
#2612 = AXIS2_PLACEMENT_3D('',#2613,#2614,#2615);
#2613 = CARTESIAN_POINT('',(-75.,40.,43.));
#2614 = DIRECTION('',(0.,0.,1.));
#2615 = DIRECTION('',(1.,0.,-0.));
#2616 = ADVANCED_FACE('',(#2617),#2628,.T.);
#2617 = FACE_BOUND('',#2618,.T.);
#2618 = EDGE_LOOP('',(#2619,#2620,#2626,#2627));
#2619 = ORIENTED_EDGE('',*,*,#2595,.F.);
#2620 = ORIENTED_EDGE('',*,*,#2621,.T.);
#2621 = EDGE_CURVE('',#2596,#2572,#2622,.T.);
#2622 = LINE('',#2623,#2624);
#2623 = CARTESIAN_POINT('',(38.,41.7,44.));
#2624 = VECTOR('',#2625,1.);
#2625 = DIRECTION('',(1.,0.,-0.));
#2626 = ORIENTED_EDGE('',*,*,#2580,.T.);
#2627 = ORIENTED_EDGE('',*,*,#1986,.F.);
#2628 = PLANE('',#2629);
#2629 = AXIS2_PLACEMENT_3D('',#2630,#2631,#2632);
#2630 = CARTESIAN_POINT('',(76.,41.7,43.));
#2631 = DIRECTION('',(0.,-1.,0.));
#2632 = DIRECTION('',(-1.,0.,0.));
#2633 = ADVANCED_FACE('',(#2634),#2659,.F.);
#2634 = FACE_BOUND('',#2635,.F.);
#2635 = EDGE_LOOP('',(#2636,#2646,#2652,#2653));
#2636 = ORIENTED_EDGE('',*,*,#2637,.F.);
#2637 = EDGE_CURVE('',#2638,#2640,#2642,.T.);
#2638 = VERTEX_POINT('',#2639);
#2639 = CARTESIAN_POINT('',(78.7,-37.43875030502,44.));
#2640 = VERTEX_POINT('',#2641);
#2641 = CARTESIAN_POINT('',(78.7,37.438750305027,44.));
#2642 = LINE('',#2643,#2644);
#2643 = CARTESIAN_POINT('',(78.7,-41.,44.));
#2644 = VECTOR('',#2645,1.);
#2645 = DIRECTION('',(0.,1.,0.));
#2646 = ORIENTED_EDGE('',*,*,#2647,.T.);
#2647 = EDGE_CURVE('',#2638,#2015,#2648,.T.);
#2648 = LINE('',#2649,#2650);
#2649 = CARTESIAN_POINT('',(78.7,-37.43875030502,43.));
#2650 = VECTOR('',#2651,1.);
#2651 = DIRECTION('',(0.,0.,1.));
#2652 = ORIENTED_EDGE('',*,*,#2014,.T.);
#2653 = ORIENTED_EDGE('',*,*,#2654,.F.);
#2654 = EDGE_CURVE('',#2640,#2017,#2655,.T.);
#2655 = LINE('',#2656,#2657);
#2656 = CARTESIAN_POINT('',(78.7,37.438750305027,43.));
#2657 = VECTOR('',#2658,1.);
#2658 = DIRECTION('',(0.,0.,1.));
#2659 = PLANE('',#2660);
#2660 = AXIS2_PLACEMENT_3D('',#2661,#2662,#2663);
#2661 = CARTESIAN_POINT('',(78.7,-41.,44.));
#2662 = DIRECTION('',(-1.,0.,0.));
#2663 = DIRECTION('',(0.,1.,0.));
#2664 = ADVANCED_FACE('',(#2665),#2684,.F.);
#2665 = FACE_BOUND('',#2666,.F.);
#2666 = EDGE_LOOP('',(#2667,#2668,#2677,#2683));
#2667 = ORIENTED_EDGE('',*,*,#2647,.F.);
#2668 = ORIENTED_EDGE('',*,*,#2669,.T.);
#2669 = EDGE_CURVE('',#2638,#2670,#2672,.T.);
#2670 = VERTEX_POINT('',#2671);
#2671 = CARTESIAN_POINT('',(76.7,-35.8334666688,44.));
#2672 = CIRCLE('',#2673,4.5);
#2673 = AXIS2_PLACEMENT_3D('',#2674,#2675,#2676);
#2674 = CARTESIAN_POINT('',(75.,-40.,44.));
#2675 = DIRECTION('',(0.,0.,1.));
#2676 = DIRECTION('',(1.,0.,-0.));
#2677 = ORIENTED_EDGE('',*,*,#2678,.T.);
#2678 = EDGE_CURVE('',#2670,#2025,#2679,.T.);
#2679 = LINE('',#2680,#2681);
#2680 = CARTESIAN_POINT('',(76.7,-35.8334666688,43.));
#2681 = VECTOR('',#2682,1.);
#2682 = DIRECTION('',(0.,0.,1.));
#2683 = ORIENTED_EDGE('',*,*,#2024,.F.);
#2684 = CYLINDRICAL_SURFACE('',#2685,4.5);
#2685 = AXIS2_PLACEMENT_3D('',#2686,#2687,#2688);
#2686 = CARTESIAN_POINT('',(75.,-40.,43.));
#2687 = DIRECTION('',(0.,0.,1.));
#2688 = DIRECTION('',(1.,0.,-0.));
#2689 = ADVANCED_FACE('',(#2690),#2709,.F.);
#2690 = FACE_BOUND('',#2691,.F.);
#2691 = EDGE_LOOP('',(#2692,#2701,#2702,#2703));
#2692 = ORIENTED_EDGE('',*,*,#2693,.T.);
#2693 = EDGE_CURVE('',#2694,#2640,#2696,.T.);
#2694 = VERTEX_POINT('',#2695);
#2695 = CARTESIAN_POINT('',(76.7,35.8334666688,44.));
#2696 = CIRCLE('',#2697,4.5);
#2697 = AXIS2_PLACEMENT_3D('',#2698,#2699,#2700);
#2698 = CARTESIAN_POINT('',(75.,40.,44.));
#2699 = DIRECTION('',(0.,0.,1.));
#2700 = DIRECTION('',(1.,0.,-0.));
#2701 = ORIENTED_EDGE('',*,*,#2654,.T.);
#2702 = ORIENTED_EDGE('',*,*,#2041,.F.);
#2703 = ORIENTED_EDGE('',*,*,#2704,.F.);
#2704 = EDGE_CURVE('',#2694,#2034,#2705,.T.);
#2705 = LINE('',#2706,#2707);
#2706 = CARTESIAN_POINT('',(76.7,35.8334666688,43.));
#2707 = VECTOR('',#2708,1.);
#2708 = DIRECTION('',(0.,0.,1.));
#2709 = CYLINDRICAL_SURFACE('',#2710,4.5);
#2710 = AXIS2_PLACEMENT_3D('',#2711,#2712,#2713);
#2711 = CARTESIAN_POINT('',(75.,40.,43.));
#2712 = DIRECTION('',(0.,0.,1.));
#2713 = DIRECTION('',(1.,0.,-0.));
#2714 = ADVANCED_FACE('',(#2715),#2726,.T.);
#2715 = FACE_BOUND('',#2716,.T.);
#2716 = EDGE_LOOP('',(#2717,#2718,#2724,#2725));
#2717 = ORIENTED_EDGE('',*,*,#2704,.F.);
#2718 = ORIENTED_EDGE('',*,*,#2719,.T.);
#2719 = EDGE_CURVE('',#2694,#2670,#2720,.T.);
#2720 = LINE('',#2721,#2722);
#2721 = CARTESIAN_POINT('',(76.7,-20.5,44.));
#2722 = VECTOR('',#2723,1.);
#2723 = DIRECTION('',(0.,-1.,0.));
#2724 = ORIENTED_EDGE('',*,*,#2678,.T.);
#2725 = ORIENTED_EDGE('',*,*,#2033,.F.);
#2726 = PLANE('',#2727);
#2727 = AXIS2_PLACEMENT_3D('',#2728,#2729,#2730);
#2728 = CARTESIAN_POINT('',(76.7,-41.,43.));
#2729 = DIRECTION('',(-1.,0.,0.));
#2730 = DIRECTION('',(0.,1.,0.));
#2731 = ADVANCED_FACE('',(#2732),#2757,.F.);
#2732 = FACE_BOUND('',#2733,.F.);
#2733 = EDGE_LOOP('',(#2734,#2744,#2750,#2751));
#2734 = ORIENTED_EDGE('',*,*,#2735,.F.);
#2735 = EDGE_CURVE('',#2736,#2738,#2740,.T.);
#2736 = VERTEX_POINT('',#2737);
#2737 = CARTESIAN_POINT('',(72.438750305027,43.7,44.));
#2738 = VERTEX_POINT('',#2739);
#2739 = CARTESIAN_POINT('',(2.561249694973,43.7,44.));
#2740 = LINE('',#2741,#2742);
#2741 = CARTESIAN_POINT('',(76.,43.7,44.));
#2742 = VECTOR('',#2743,1.);
#2743 = DIRECTION('',(-1.,0.,0.));
#2744 = ORIENTED_EDGE('',*,*,#2745,.T.);
#2745 = EDGE_CURVE('',#2736,#2065,#2746,.T.);
#2746 = LINE('',#2747,#2748);
#2747 = CARTESIAN_POINT('',(72.438750305027,43.7,43.));
#2748 = VECTOR('',#2749,1.);
#2749 = DIRECTION('',(0.,0.,1.));
#2750 = ORIENTED_EDGE('',*,*,#2064,.T.);
#2751 = ORIENTED_EDGE('',*,*,#2752,.F.);
#2752 = EDGE_CURVE('',#2738,#2067,#2753,.T.);
#2753 = LINE('',#2754,#2755);
#2754 = CARTESIAN_POINT('',(2.561249694973,43.7,43.));
#2755 = VECTOR('',#2756,1.);
#2756 = DIRECTION('',(0.,0.,1.));
#2757 = PLANE('',#2758);
#2758 = AXIS2_PLACEMENT_3D('',#2759,#2760,#2761);
#2759 = CARTESIAN_POINT('',(76.,43.7,44.));
#2760 = DIRECTION('',(0.,-1.,0.));
#2761 = DIRECTION('',(-1.,0.,0.));
#2762 = ADVANCED_FACE('',(#2763),#2782,.F.);
#2763 = FACE_BOUND('',#2764,.F.);
#2764 = EDGE_LOOP('',(#2765,#2766,#2775,#2781));
#2765 = ORIENTED_EDGE('',*,*,#2745,.F.);
#2766 = ORIENTED_EDGE('',*,*,#2767,.T.);
#2767 = EDGE_CURVE('',#2736,#2768,#2770,.T.);
#2768 = VERTEX_POINT('',#2769);
#2769 = CARTESIAN_POINT('',(70.8334666688,41.7,44.));
#2770 = CIRCLE('',#2771,4.5);
#2771 = AXIS2_PLACEMENT_3D('',#2772,#2773,#2774);
#2772 = CARTESIAN_POINT('',(75.,40.,44.));
#2773 = DIRECTION('',(0.,0.,1.));
#2774 = DIRECTION('',(1.,0.,-0.));
#2775 = ORIENTED_EDGE('',*,*,#2776,.T.);
#2776 = EDGE_CURVE('',#2768,#2075,#2777,.T.);
#2777 = LINE('',#2778,#2779);
#2778 = CARTESIAN_POINT('',(70.8334666688,41.7,43.));
#2779 = VECTOR('',#2780,1.);
#2780 = DIRECTION('',(0.,0.,1.));
#2781 = ORIENTED_EDGE('',*,*,#2074,.F.);
#2782 = CYLINDRICAL_SURFACE('',#2783,4.5);
#2783 = AXIS2_PLACEMENT_3D('',#2784,#2785,#2786);
#2784 = CARTESIAN_POINT('',(75.,40.,43.));
#2785 = DIRECTION('',(0.,0.,1.));
#2786 = DIRECTION('',(1.,0.,-0.));
#2787 = ADVANCED_FACE('',(#2788),#2807,.F.);
#2788 = FACE_BOUND('',#2789,.F.);
#2789 = EDGE_LOOP('',(#2790,#2798,#2805,#2806));
#2790 = ORIENTED_EDGE('',*,*,#2791,.F.);
#2791 = EDGE_CURVE('',#2792,#2084,#2794,.T.);
#2792 = VERTEX_POINT('',#2793);
#2793 = CARTESIAN_POINT('',(4.1665333312,41.7,44.));
#2794 = LINE('',#2795,#2796);
#2795 = CARTESIAN_POINT('',(4.1665333312,41.7,43.));
#2796 = VECTOR('',#2797,1.);
#2797 = DIRECTION('',(0.,0.,1.));
#2798 = ORIENTED_EDGE('',*,*,#2799,.T.);
#2799 = EDGE_CURVE('',#2792,#2738,#2800,.T.);
#2800 = CIRCLE('',#2801,4.5);
#2801 = AXIS2_PLACEMENT_3D('',#2802,#2803,#2804);
#2802 = CARTESIAN_POINT('',(0.,40.,44.));
#2803 = DIRECTION('',(0.,0.,1.));
#2804 = DIRECTION('',(1.,0.,-0.));
#2805 = ORIENTED_EDGE('',*,*,#2752,.T.);
#2806 = ORIENTED_EDGE('',*,*,#2091,.F.);
#2807 = CYLINDRICAL_SURFACE('',#2808,4.5);
#2808 = AXIS2_PLACEMENT_3D('',#2809,#2810,#2811);
#2809 = CARTESIAN_POINT('',(0.,40.,43.));
#2810 = DIRECTION('',(0.,0.,1.));
#2811 = DIRECTION('',(1.,0.,-0.));
#2812 = ADVANCED_FACE('',(#2813),#2824,.T.);
#2813 = FACE_BOUND('',#2814,.T.);
#2814 = EDGE_LOOP('',(#2815,#2816,#2822,#2823));
#2815 = ORIENTED_EDGE('',*,*,#2791,.F.);
#2816 = ORIENTED_EDGE('',*,*,#2817,.T.);
#2817 = EDGE_CURVE('',#2792,#2768,#2818,.T.);
#2818 = LINE('',#2819,#2820);
#2819 = CARTESIAN_POINT('',(38.,41.7,44.));
#2820 = VECTOR('',#2821,1.);
#2821 = DIRECTION('',(1.,0.,-0.));
#2822 = ORIENTED_EDGE('',*,*,#2776,.T.);
#2823 = ORIENTED_EDGE('',*,*,#2083,.F.);
#2824 = PLANE('',#2825);
#2825 = AXIS2_PLACEMENT_3D('',#2826,#2827,#2828);
#2826 = CARTESIAN_POINT('',(76.,41.7,43.));
#2827 = DIRECTION('',(0.,-1.,0.));
#2828 = DIRECTION('',(-1.,0.,0.));
#2829 = ADVANCED_FACE('',(#2830),#2836,.F.);
#2830 = FACE_BOUND('',#2831,.F.);
#2831 = EDGE_LOOP('',(#2832,#2833,#2834,#2835));
#2832 = ORIENTED_EDGE('',*,*,#2277,.F.);
#2833 = ORIENTED_EDGE('',*,*,#2245,.T.);
#2834 = ORIENTED_EDGE('',*,*,#2301,.F.);
#2835 = ORIENTED_EDGE('',*,*,#2327,.T.);
#2836 = PLANE('',#2837);
#2837 = AXIS2_PLACEMENT_3D('',#2838,#2839,#2840);
#2838 = CARTESIAN_POINT('',(-1.876130816936E-15,-1.876130816936E-15,44.)
  );
#2839 = DIRECTION('',(0.,0.,1.));
#2840 = DIRECTION('',(1.,0.,-0.));
#2841 = ADVANCED_FACE('',(#2842),#2848,.F.);
#2842 = FACE_BOUND('',#2843,.F.);
#2843 = EDGE_LOOP('',(#2844,#2845,#2846,#2847));
#2844 = ORIENTED_EDGE('',*,*,#2375,.F.);
#2845 = ORIENTED_EDGE('',*,*,#2343,.T.);
#2846 = ORIENTED_EDGE('',*,*,#2399,.F.);
#2847 = ORIENTED_EDGE('',*,*,#2425,.T.);
#2848 = PLANE('',#2849);
#2849 = AXIS2_PLACEMENT_3D('',#2850,#2851,#2852);
#2850 = CARTESIAN_POINT('',(-1.876130816936E-15,-1.876130816936E-15,44.)
  );
#2851 = DIRECTION('',(0.,0.,1.));
#2852 = DIRECTION('',(1.,0.,-0.));
#2853 = ADVANCED_FACE('',(#2854),#2860,.F.);
#2854 = FACE_BOUND('',#2855,.F.);
#2855 = EDGE_LOOP('',(#2856,#2857,#2858,#2859));
#2856 = ORIENTED_EDGE('',*,*,#2473,.F.);
#2857 = ORIENTED_EDGE('',*,*,#2441,.T.);
#2858 = ORIENTED_EDGE('',*,*,#2505,.F.);
#2859 = ORIENTED_EDGE('',*,*,#2523,.T.);
#2860 = PLANE('',#2861);
#2861 = AXIS2_PLACEMENT_3D('',#2862,#2863,#2864);
#2862 = CARTESIAN_POINT('',(-1.876130816936E-15,-1.876130816936E-15,44.)
  );
#2863 = DIRECTION('',(0.,0.,1.));
#2864 = DIRECTION('',(1.,0.,-0.));
#2865 = ADVANCED_FACE('',(#2866),#2872,.F.);
#2866 = FACE_BOUND('',#2867,.F.);
#2867 = EDGE_LOOP('',(#2868,#2869,#2870,#2871));
#2868 = ORIENTED_EDGE('',*,*,#2571,.F.);
#2869 = ORIENTED_EDGE('',*,*,#2539,.T.);
#2870 = ORIENTED_EDGE('',*,*,#2603,.F.);
#2871 = ORIENTED_EDGE('',*,*,#2621,.T.);
#2872 = PLANE('',#2873);
#2873 = AXIS2_PLACEMENT_3D('',#2874,#2875,#2876);
#2874 = CARTESIAN_POINT('',(-1.876130816936E-15,-1.876130816936E-15,44.)
  );
#2875 = DIRECTION('',(0.,0.,1.));
#2876 = DIRECTION('',(1.,0.,-0.));
#2877 = ADVANCED_FACE('',(#2878),#2884,.F.);
#2878 = FACE_BOUND('',#2879,.F.);
#2879 = EDGE_LOOP('',(#2880,#2881,#2882,#2883));
#2880 = ORIENTED_EDGE('',*,*,#2669,.F.);
#2881 = ORIENTED_EDGE('',*,*,#2637,.T.);
#2882 = ORIENTED_EDGE('',*,*,#2693,.F.);
#2883 = ORIENTED_EDGE('',*,*,#2719,.T.);
#2884 = PLANE('',#2885);
#2885 = AXIS2_PLACEMENT_3D('',#2886,#2887,#2888);
#2886 = CARTESIAN_POINT('',(-1.876130816936E-15,-1.876130816936E-15,44.)
  );
#2887 = DIRECTION('',(0.,0.,1.));
#2888 = DIRECTION('',(1.,0.,-0.));
#2889 = ADVANCED_FACE('',(#2890),#2896,.F.);
#2890 = FACE_BOUND('',#2891,.F.);
#2891 = EDGE_LOOP('',(#2892,#2893,#2894,#2895));
#2892 = ORIENTED_EDGE('',*,*,#2767,.F.);
#2893 = ORIENTED_EDGE('',*,*,#2735,.T.);
#2894 = ORIENTED_EDGE('',*,*,#2799,.F.);
#2895 = ORIENTED_EDGE('',*,*,#2817,.T.);
#2896 = PLANE('',#2897);
#2897 = AXIS2_PLACEMENT_3D('',#2898,#2899,#2900);
#2898 = CARTESIAN_POINT('',(-1.876130816936E-15,-1.876130816936E-15,44.)
  );
#2899 = DIRECTION('',(0.,0.,1.));
#2900 = DIRECTION('',(1.,0.,-0.));
#2901 = ( GEOMETRIC_REPRESENTATION_CONTEXT(3) 
GLOBAL_UNCERTAINTY_ASSIGNED_CONTEXT((#2905)) 
GLOBAL_UNIT_ASSIGNED_CONTEXT((#2902,#2903,#2904)) REPRESENTATION_CONTEXT
('Context #1','3D Context with UNIT and UNCERTAINTY') );
#2902 = ( LENGTH_UNIT() NAMED_UNIT(*) SI_UNIT(.MILLI.,.METRE.) );
#2903 = ( NAMED_UNIT(*) PLANE_ANGLE_UNIT() SI_UNIT($,.RADIAN.) );
#2904 = ( NAMED_UNIT(*) SI_UNIT($,.STERADIAN.) SOLID_ANGLE_UNIT() );
#2905 = UNCERTAINTY_MEASURE_WITH_UNIT(LENGTH_MEASURE(1.E-07),#2902,
  'distance_accuracy_value','confusion accuracy');
#2906 = PRODUCT_RELATED_PRODUCT_CATEGORY('part',$,(#7));
ENDSEC;
END-ISO-10303-21;
