ISO-10303-21;
HEADER;
FILE_DESCRIPTION(('FreeCAD Model'),'2;1');
FILE_NAME('Open CASCADE Shape Model','2026-09-20T22:45:40',('FreeCAD'),(
    'FreeCAD'),'Open CASCADE STEP processor 7.8','FreeCAD','Unknown');
FILE_SCHEMA(('AUTOMOTIVE_DESIGN { 1 0 10303 214 1 1 1 1 }'));
ENDSEC;
DATA;
#1 = APPLICATION_PROTOCOL_DEFINITION('international standard',
  'automotive_design',2000,#2);
#2 = APPLICATION_CONTEXT(
  'core data for automotive mechanical design processes');
#3 = SHAPE_DEFINITION_REPRESENTATION(#4,#10);
#4 = PRODUCT_DEFINITION_SHAPE('','',#5);
#5 = PRODUCT_DEFINITION('design','',#6,#9);
#6 = PRODUCT_DEFINITION_FORMATION('','',#7);
#7 = PRODUCT('Open CASCADE STEP translator 7.8 2',
  'Open CASCADE STEP translator 7.8 2','',(#8));
#8 = PRODUCT_CONTEXT('',#2,'mechanical');
#9 = PRODUCT_DEFINITION_CONTEXT('part definition',#2,'design');
#10 = ADVANCED_BREP_SHAPE_REPRESENTATION('',(#11,#15),#2711);
#11 = AXIS2_PLACEMENT_3D('',#12,#13,#14);
#12 = CARTESIAN_POINT('',(0.,0.,0.));
#13 = DIRECTION('',(0.,0.,1.));
#14 = DIRECTION('',(1.,0.,-0.));
#15 = MANIFOLD_SOLID_BREP('',#16);
#16 = CLOSED_SHELL('',(#17,#59,#90,#121,#611,#839,#856,#873,#890,#907,
    #919,#953,#984,#1008,#1032,#1050,#1081,#1106,#1131,#1148,#1173,#1198
    ,#1232,#1263,#1288,#1313,#1330,#1364,#1395,#1420,#1444,#1461,#1486,
    #1511,#1536,#1561,#1592,#1617,#1641,#1658,#1692,#1723,#1748,#1773,
    #1790,#1815,#1840,#1874,#1905,#1930,#1955,#1972,#2003,#2027,#2052,
    #2069,#2103,#2121,#2146,#2171,#2189,#2207,#2232,#2257,#2282,#2307,
    #2332,#2357,#2375,#2400,#2425,#2443,#2461,#2473,#2485,#2502,#2519,
    #2531,#2543,#2560,#2577,#2594,#2611,#2623,#2635,#2652,#2669,#2681,
    #2693,#2702));
#17 = ADVANCED_FACE('',(#18),#54,.T.);
#18 = FACE_BOUND('',#19,.F.);
#19 = EDGE_LOOP('',(#20,#30,#39,#47));
#20 = ORIENTED_EDGE('',*,*,#21,.T.);
#21 = EDGE_CURVE('',#22,#24,#26,.T.);
#22 = VERTEX_POINT('',#23);
#23 = CARTESIAN_POINT('',(76.,-51.,48.));
#24 = VERTEX_POINT('',#25);
#25 = CARTESIAN_POINT('',(76.,-51.,51.5));
#26 = LINE('',#27,#28);
#27 = CARTESIAN_POINT('',(76.,-51.,48.));
#28 = VECTOR('',#29,1.);
#29 = DIRECTION('',(0.,0.,1.));
#30 = ORIENTED_EDGE('',*,*,#31,.T.);
#31 = EDGE_CURVE('',#24,#32,#34,.T.);
#32 = VERTEX_POINT('',#33);
#33 = CARTESIAN_POINT('',(81.,-46.,51.5));
#34 = CIRCLE('',#35,5.);
#35 = AXIS2_PLACEMENT_3D('',#36,#37,#38);
#36 = CARTESIAN_POINT('',(76.,-46.,51.5));
#37 = DIRECTION('',(0.,0.,1.));
#38 = DIRECTION('',(0.,-1.,0.));
#39 = ORIENTED_EDGE('',*,*,#40,.F.);
#40 = EDGE_CURVE('',#41,#32,#43,.T.);
#41 = VERTEX_POINT('',#42);
#42 = CARTESIAN_POINT('',(81.,-46.,48.));
#43 = LINE('',#44,#45);
#44 = CARTESIAN_POINT('',(81.,-46.,48.));
#45 = VECTOR('',#46,1.);
#46 = DIRECTION('',(0.,0.,1.));
#47 = ORIENTED_EDGE('',*,*,#48,.F.);
#48 = EDGE_CURVE('',#22,#41,#49,.T.);
#49 = CIRCLE('',#50,5.);
#50 = AXIS2_PLACEMENT_3D('',#51,#52,#53);
#51 = CARTESIAN_POINT('',(76.,-46.,48.));
#52 = DIRECTION('',(0.,0.,1.));
#53 = DIRECTION('',(0.,-1.,0.));
#54 = CYLINDRICAL_SURFACE('',#55,5.);
#55 = AXIS2_PLACEMENT_3D('',#56,#57,#58);
#56 = CARTESIAN_POINT('',(76.,-46.,48.));
#57 = DIRECTION('',(-0.,-0.,-1.));
#58 = DIRECTION('',(0.,-1.,0.));
#59 = ADVANCED_FACE('',(#60),#85,.F.);
#60 = FACE_BOUND('',#61,.F.);
#61 = EDGE_LOOP('',(#62,#72,#78,#79));
#62 = ORIENTED_EDGE('',*,*,#63,.T.);
#63 = EDGE_CURVE('',#64,#66,#68,.T.);
#64 = VERTEX_POINT('',#65);
#65 = CARTESIAN_POINT('',(-76.,-51.,48.));
#66 = VERTEX_POINT('',#67);
#67 = CARTESIAN_POINT('',(-76.,-51.,51.5));
#68 = LINE('',#69,#70);
#69 = CARTESIAN_POINT('',(-76.,-51.,48.));
#70 = VECTOR('',#71,1.);
#71 = DIRECTION('',(0.,0.,1.));
#72 = ORIENTED_EDGE('',*,*,#73,.T.);
#73 = EDGE_CURVE('',#66,#24,#74,.T.);
#74 = LINE('',#75,#76);
#75 = CARTESIAN_POINT('',(-76.,-51.,51.5));
#76 = VECTOR('',#77,1.);
#77 = DIRECTION('',(1.,0.,0.));
#78 = ORIENTED_EDGE('',*,*,#21,.F.);
#79 = ORIENTED_EDGE('',*,*,#80,.F.);
#80 = EDGE_CURVE('',#64,#22,#81,.T.);
#81 = LINE('',#82,#83);
#82 = CARTESIAN_POINT('',(-76.,-51.,48.));
#83 = VECTOR('',#84,1.);
#84 = DIRECTION('',(1.,0.,0.));
#85 = PLANE('',#86);
#86 = AXIS2_PLACEMENT_3D('',#87,#88,#89);
#87 = CARTESIAN_POINT('',(-76.,-51.,48.));
#88 = DIRECTION('',(0.,1.,0.));
#89 = DIRECTION('',(1.,0.,0.));
#90 = ADVANCED_FACE('',(#91),#116,.F.);
#91 = FACE_BOUND('',#92,.F.);
#92 = EDGE_LOOP('',(#93,#94,#102,#110));
#93 = ORIENTED_EDGE('',*,*,#40,.T.);
#94 = ORIENTED_EDGE('',*,*,#95,.T.);
#95 = EDGE_CURVE('',#32,#96,#98,.T.);
#96 = VERTEX_POINT('',#97);
#97 = CARTESIAN_POINT('',(81.,46.,51.5));
#98 = LINE('',#99,#100);
#99 = CARTESIAN_POINT('',(81.,-46.,51.5));
#100 = VECTOR('',#101,1.);
#101 = DIRECTION('',(0.,1.,0.));
#102 = ORIENTED_EDGE('',*,*,#103,.F.);
#103 = EDGE_CURVE('',#104,#96,#106,.T.);
#104 = VERTEX_POINT('',#105);
#105 = CARTESIAN_POINT('',(81.,46.,48.));
#106 = LINE('',#107,#108);
#107 = CARTESIAN_POINT('',(81.,46.,48.));
#108 = VECTOR('',#109,1.);
#109 = DIRECTION('',(0.,0.,1.));
#110 = ORIENTED_EDGE('',*,*,#111,.F.);
#111 = EDGE_CURVE('',#41,#104,#112,.T.);
#112 = LINE('',#113,#114);
#113 = CARTESIAN_POINT('',(81.,-46.,48.));
#114 = VECTOR('',#115,1.);
#115 = DIRECTION('',(0.,1.,0.));
#116 = PLANE('',#117);
#117 = AXIS2_PLACEMENT_3D('',#118,#119,#120);
#118 = CARTESIAN_POINT('',(81.,-46.,48.));
#119 = DIRECTION('',(-1.,0.,0.));
#120 = DIRECTION('',(0.,1.,0.));
#121 = ADVANCED_FACE('',(#122,#168,#179,#214,#250,#261,#272,#283,#319,
    #330,#365,#376,#387,#398,#409,#444,#455,#491,#502,#513,#524,#560,
    #595),#606,.F.);
#122 = FACE_BOUND('',#123,.F.);
#123 = EDGE_LOOP('',(#124,#125,#126,#135,#143,#152,#160,#167));
#124 = ORIENTED_EDGE('',*,*,#48,.T.);
#125 = ORIENTED_EDGE('',*,*,#111,.T.);
#126 = ORIENTED_EDGE('',*,*,#127,.T.);
#127 = EDGE_CURVE('',#104,#128,#130,.T.);
#128 = VERTEX_POINT('',#129);
#129 = CARTESIAN_POINT('',(76.,51.,48.));
#130 = CIRCLE('',#131,5.);
#131 = AXIS2_PLACEMENT_3D('',#132,#133,#134);
#132 = CARTESIAN_POINT('',(76.,46.,48.));
#133 = DIRECTION('',(0.,0.,1.));
#134 = DIRECTION('',(1.,0.,-0.));
#135 = ORIENTED_EDGE('',*,*,#136,.T.);
#136 = EDGE_CURVE('',#128,#137,#139,.T.);
#137 = VERTEX_POINT('',#138);
#138 = CARTESIAN_POINT('',(-76.,51.,48.));
#139 = LINE('',#140,#141);
#140 = CARTESIAN_POINT('',(76.,51.,48.));
#141 = VECTOR('',#142,1.);
#142 = DIRECTION('',(-1.,0.,0.));
#143 = ORIENTED_EDGE('',*,*,#144,.T.);
#144 = EDGE_CURVE('',#137,#145,#147,.T.);
#145 = VERTEX_POINT('',#146);
#146 = CARTESIAN_POINT('',(-81.,46.,48.));
#147 = CIRCLE('',#148,5.);
#148 = AXIS2_PLACEMENT_3D('',#149,#150,#151);
#149 = CARTESIAN_POINT('',(-76.,46.,48.));
#150 = DIRECTION('',(0.,-0.,1.));
#151 = DIRECTION('',(0.,1.,0.));
#152 = ORIENTED_EDGE('',*,*,#153,.T.);
#153 = EDGE_CURVE('',#145,#154,#156,.T.);
#154 = VERTEX_POINT('',#155);
#155 = CARTESIAN_POINT('',(-81.,-46.,48.));
#156 = LINE('',#157,#158);
#157 = CARTESIAN_POINT('',(-81.,46.,48.));
#158 = VECTOR('',#159,1.);
#159 = DIRECTION('',(0.,-1.,0.));
#160 = ORIENTED_EDGE('',*,*,#161,.T.);
#161 = EDGE_CURVE('',#154,#64,#162,.T.);
#162 = CIRCLE('',#163,5.);
#163 = AXIS2_PLACEMENT_3D('',#164,#165,#166);
#164 = CARTESIAN_POINT('',(-76.,-46.,48.));
#165 = DIRECTION('',(0.,0.,1.));
#166 = DIRECTION('',(-1.,0.,0.));
#167 = ORIENTED_EDGE('',*,*,#80,.T.);
#168 = FACE_BOUND('',#169,.F.);
#169 = EDGE_LOOP('',(#170));
#170 = ORIENTED_EDGE('',*,*,#171,.F.);
#171 = EDGE_CURVE('',#172,#172,#174,.T.);
#172 = VERTEX_POINT('',#173);
#173 = CARTESIAN_POINT('',(-74.3,-46.,48.));
#174 = CIRCLE('',#175,1.7);
#175 = AXIS2_PLACEMENT_3D('',#176,#177,#178);
#176 = CARTESIAN_POINT('',(-76.,-46.,48.));
#177 = DIRECTION('',(0.,0.,1.));
#178 = DIRECTION('',(1.,0.,-0.));
#179 = FACE_BOUND('',#180,.F.);
#180 = EDGE_LOOP('',(#181,#191,#199,#208));
#181 = ORIENTED_EDGE('',*,*,#182,.F.);
#182 = EDGE_CURVE('',#183,#185,#187,.T.);
#183 = VERTEX_POINT('',#184);
#184 = CARTESIAN_POINT('',(-76.7,-25.255,48.));
#185 = VERTEX_POINT('',#186);
#186 = CARTESIAN_POINT('',(-78.7,-25.255,48.));
#187 = LINE('',#188,#189);
#188 = CARTESIAN_POINT('',(-44.5,-25.255,48.));
#189 = VECTOR('',#190,1.);
#190 = DIRECTION('',(-1.,-0.,0.));
#191 = ORIENTED_EDGE('',*,*,#192,.F.);
#192 = EDGE_CURVE('',#193,#183,#195,.T.);
#193 = VERTEX_POINT('',#194);
#194 = CARTESIAN_POINT('',(-76.7,-41.55477784582,48.));
#195 = LINE('',#196,#197);
#196 = CARTESIAN_POINT('',(-76.7,23.,48.));
#197 = VECTOR('',#198,1.);
#198 = DIRECTION('',(-0.,1.,0.));
#199 = ORIENTED_EDGE('',*,*,#200,.T.);
#200 = EDGE_CURVE('',#193,#201,#203,.T.);
#201 = VERTEX_POINT('',#202);
#202 = CARTESIAN_POINT('',(-78.7,-42.4,48.));
#203 = CIRCLE('',#204,4.5);
#204 = AXIS2_PLACEMENT_3D('',#205,#206,#207);
#205 = CARTESIAN_POINT('',(-76.,-46.,48.));
#206 = DIRECTION('',(0.,0.,1.));
#207 = DIRECTION('',(1.,0.,-0.));
#208 = ORIENTED_EDGE('',*,*,#209,.F.);
#209 = EDGE_CURVE('',#185,#201,#210,.T.);
#210 = LINE('',#211,#212);
#211 = CARTESIAN_POINT('',(-78.7,46.,48.));
#212 = VECTOR('',#213,1.);
#213 = DIRECTION('',(0.,-1.,0.));
#214 = FACE_BOUND('',#215,.F.);
#215 = EDGE_LOOP('',(#216,#226,#235,#243));
#216 = ORIENTED_EDGE('',*,*,#217,.F.);
#217 = EDGE_CURVE('',#218,#220,#222,.T.);
#218 = VERTEX_POINT('',#219);
#219 = CARTESIAN_POINT('',(-72.4,-48.7,48.));
#220 = VERTEX_POINT('',#221);
#221 = CARTESIAN_POINT('',(-3.6,-48.7,48.));
#222 = LINE('',#223,#224);
#223 = CARTESIAN_POINT('',(-76.,-48.7,48.));
#224 = VECTOR('',#225,1.);
#225 = DIRECTION('',(1.,0.,0.));
#226 = ORIENTED_EDGE('',*,*,#227,.T.);
#227 = EDGE_CURVE('',#218,#228,#230,.T.);
#228 = VERTEX_POINT('',#229);
#229 = CARTESIAN_POINT('',(-71.55477784582,-46.7,48.));
#230 = CIRCLE('',#231,4.5);
#231 = AXIS2_PLACEMENT_3D('',#232,#233,#234);
#232 = CARTESIAN_POINT('',(-76.,-46.,48.));
#233 = DIRECTION('',(0.,0.,1.));
#234 = DIRECTION('',(1.,0.,-0.));
#235 = ORIENTED_EDGE('',*,*,#236,.F.);
#236 = EDGE_CURVE('',#237,#228,#239,.T.);
#237 = VERTEX_POINT('',#238);
#238 = CARTESIAN_POINT('',(-4.445222154179,-46.7,48.));
#239 = LINE('',#240,#241);
#240 = CARTESIAN_POINT('',(-38.,-46.7,48.));
#241 = VECTOR('',#242,1.);
#242 = DIRECTION('',(-1.,0.,0.));
#243 = ORIENTED_EDGE('',*,*,#244,.T.);
#244 = EDGE_CURVE('',#237,#220,#245,.T.);
#245 = CIRCLE('',#246,4.5);
#246 = AXIS2_PLACEMENT_3D('',#247,#248,#249);
#247 = CARTESIAN_POINT('',(0.,-46.,48.));
#248 = DIRECTION('',(0.,0.,1.));
#249 = DIRECTION('',(1.,0.,-0.));
#250 = FACE_BOUND('',#251,.F.);
#251 = EDGE_LOOP('',(#252));
#252 = ORIENTED_EDGE('',*,*,#253,.F.);
#253 = EDGE_CURVE('',#254,#254,#256,.T.);
#254 = VERTEX_POINT('',#255);
#255 = CARTESIAN_POINT('',(-40.,-17.5,48.));
#256 = CIRCLE('',#257,12.5);
#257 = AXIS2_PLACEMENT_3D('',#258,#259,#260);
#258 = CARTESIAN_POINT('',(-52.5,-17.5,48.));
#259 = DIRECTION('',(0.,0.,1.));
#260 = DIRECTION('',(1.,0.,-0.));
#261 = FACE_BOUND('',#262,.F.);
#262 = EDGE_LOOP('',(#263));
#263 = ORIENTED_EDGE('',*,*,#264,.F.);
#264 = EDGE_CURVE('',#265,#265,#267,.T.);
#265 = VERTEX_POINT('',#266);
#266 = CARTESIAN_POINT('',(-5.,-17.5,48.));
#267 = CIRCLE('',#268,12.5);
#268 = AXIS2_PLACEMENT_3D('',#269,#270,#271);
#269 = CARTESIAN_POINT('',(-17.5,-17.5,48.));
#270 = DIRECTION('',(0.,0.,1.));
#271 = DIRECTION('',(1.,0.,-0.));
#272 = FACE_BOUND('',#273,.F.);
#273 = EDGE_LOOP('',(#274));
#274 = ORIENTED_EDGE('',*,*,#275,.F.);
#275 = EDGE_CURVE('',#276,#276,#278,.T.);
#276 = VERTEX_POINT('',#277);
#277 = CARTESIAN_POINT('',(1.7,-46.,48.));
#278 = CIRCLE('',#279,1.7);
#279 = AXIS2_PLACEMENT_3D('',#280,#281,#282);
#280 = CARTESIAN_POINT('',(0.,-46.,48.));
#281 = DIRECTION('',(0.,0.,1.));
#282 = DIRECTION('',(1.,0.,-0.));
#283 = FACE_BOUND('',#284,.F.);
#284 = EDGE_LOOP('',(#285,#295,#304,#312));
#285 = ORIENTED_EDGE('',*,*,#286,.F.);
#286 = EDGE_CURVE('',#287,#289,#291,.T.);
#287 = VERTEX_POINT('',#288);
#288 = CARTESIAN_POINT('',(3.6,-48.7,48.));
#289 = VERTEX_POINT('',#290);
#290 = CARTESIAN_POINT('',(72.4,-48.7,48.));
#291 = LINE('',#292,#293);
#292 = CARTESIAN_POINT('',(-76.,-48.7,48.));
#293 = VECTOR('',#294,1.);
#294 = DIRECTION('',(1.,0.,0.));
#295 = ORIENTED_EDGE('',*,*,#296,.T.);
#296 = EDGE_CURVE('',#287,#297,#299,.T.);
#297 = VERTEX_POINT('',#298);
#298 = CARTESIAN_POINT('',(4.445222154179,-46.7,48.));
#299 = CIRCLE('',#300,4.5);
#300 = AXIS2_PLACEMENT_3D('',#301,#302,#303);
#301 = CARTESIAN_POINT('',(0.,-46.,48.));
#302 = DIRECTION('',(0.,0.,1.));
#303 = DIRECTION('',(1.,0.,-0.));
#304 = ORIENTED_EDGE('',*,*,#305,.F.);
#305 = EDGE_CURVE('',#306,#297,#308,.T.);
#306 = VERTEX_POINT('',#307);
#307 = CARTESIAN_POINT('',(71.554777845821,-46.7,48.));
#308 = LINE('',#309,#310);
#309 = CARTESIAN_POINT('',(-38.,-46.7,48.));
#310 = VECTOR('',#311,1.);
#311 = DIRECTION('',(-1.,0.,0.));
#312 = ORIENTED_EDGE('',*,*,#313,.T.);
#313 = EDGE_CURVE('',#306,#289,#314,.T.);
#314 = CIRCLE('',#315,4.5);
#315 = AXIS2_PLACEMENT_3D('',#316,#317,#318);
#316 = CARTESIAN_POINT('',(76.,-46.,48.));
#317 = DIRECTION('',(0.,0.,1.));
#318 = DIRECTION('',(1.,0.,-0.));
#319 = FACE_BOUND('',#320,.F.);
#320 = EDGE_LOOP('',(#321));
#321 = ORIENTED_EDGE('',*,*,#322,.F.);
#322 = EDGE_CURVE('',#323,#323,#325,.T.);
#323 = VERTEX_POINT('',#324);
#324 = CARTESIAN_POINT('',(77.7,-46.,48.));
#325 = CIRCLE('',#326,1.7);
#326 = AXIS2_PLACEMENT_3D('',#327,#328,#329);
#327 = CARTESIAN_POINT('',(76.,-46.,48.));
#328 = DIRECTION('',(0.,0.,1.));
#329 = DIRECTION('',(1.,0.,-0.));
#330 = FACE_BOUND('',#331,.F.);
#331 = EDGE_LOOP('',(#332,#342,#351,#359));
#332 = ORIENTED_EDGE('',*,*,#333,.F.);
#333 = EDGE_CURVE('',#334,#336,#338,.T.);
#334 = VERTEX_POINT('',#335);
#335 = CARTESIAN_POINT('',(78.7,-42.4,48.));
#336 = VERTEX_POINT('',#337);
#337 = CARTESIAN_POINT('',(78.7,-25.255,48.));
#338 = LINE('',#339,#340);
#339 = CARTESIAN_POINT('',(78.7,-46.,48.));
#340 = VECTOR('',#341,1.);
#341 = DIRECTION('',(0.,1.,0.));
#342 = ORIENTED_EDGE('',*,*,#343,.T.);
#343 = EDGE_CURVE('',#334,#344,#346,.T.);
#344 = VERTEX_POINT('',#345);
#345 = CARTESIAN_POINT('',(76.7,-41.55477784582,48.));
#346 = CIRCLE('',#347,4.5);
#347 = AXIS2_PLACEMENT_3D('',#348,#349,#350);
#348 = CARTESIAN_POINT('',(76.,-46.,48.));
#349 = DIRECTION('',(0.,0.,1.));
#350 = DIRECTION('',(1.,0.,-0.));
#351 = ORIENTED_EDGE('',*,*,#352,.F.);
#352 = EDGE_CURVE('',#353,#344,#355,.T.);
#353 = VERTEX_POINT('',#354);
#354 = CARTESIAN_POINT('',(76.7,-25.255,48.));
#355 = LINE('',#356,#357);
#356 = CARTESIAN_POINT('',(76.7,-23.,48.));
#357 = VECTOR('',#358,1.);
#358 = DIRECTION('',(0.,-1.,0.));
#359 = ORIENTED_EDGE('',*,*,#360,.F.);
#360 = EDGE_CURVE('',#336,#353,#361,.T.);
#361 = LINE('',#362,#363);
#362 = CARTESIAN_POINT('',(38.35,-25.255,48.));
#363 = VECTOR('',#364,1.);
#364 = DIRECTION('',(-1.,-0.,0.));
#365 = FACE_BOUND('',#366,.F.);
#366 = EDGE_LOOP('',(#367));
#367 = ORIENTED_EDGE('',*,*,#368,.F.);
#368 = EDGE_CURVE('',#369,#369,#371,.T.);
#369 = VERTEX_POINT('',#370);
#370 = CARTESIAN_POINT('',(30.,-17.5,48.));
#371 = CIRCLE('',#372,12.5);
#372 = AXIS2_PLACEMENT_3D('',#373,#374,#375);
#373 = CARTESIAN_POINT('',(17.5,-17.5,48.));
#374 = DIRECTION('',(0.,0.,1.));
#375 = DIRECTION('',(1.,0.,-0.));
#376 = FACE_BOUND('',#377,.F.);
#377 = EDGE_LOOP('',(#378));
#378 = ORIENTED_EDGE('',*,*,#379,.F.);
#379 = EDGE_CURVE('',#380,#380,#382,.T.);
#380 = VERTEX_POINT('',#381);
#381 = CARTESIAN_POINT('',(65.,-17.5,48.));
#382 = CIRCLE('',#383,12.5);
#383 = AXIS2_PLACEMENT_3D('',#384,#385,#386);
#384 = CARTESIAN_POINT('',(52.5,-17.5,48.));
#385 = DIRECTION('',(0.,0.,1.));
#386 = DIRECTION('',(1.,0.,-0.));
#387 = FACE_BOUND('',#388,.F.);
#388 = EDGE_LOOP('',(#389));
#389 = ORIENTED_EDGE('',*,*,#390,.F.);
#390 = EDGE_CURVE('',#391,#391,#393,.T.);
#391 = VERTEX_POINT('',#392);
#392 = CARTESIAN_POINT('',(-40.,17.5,48.));
#393 = CIRCLE('',#394,12.5);
#394 = AXIS2_PLACEMENT_3D('',#395,#396,#397);
#395 = CARTESIAN_POINT('',(-52.5,17.5,48.));
#396 = DIRECTION('',(0.,0.,1.));
#397 = DIRECTION('',(1.,0.,-0.));
#398 = FACE_BOUND('',#399,.F.);
#399 = EDGE_LOOP('',(#400));
#400 = ORIENTED_EDGE('',*,*,#401,.F.);
#401 = EDGE_CURVE('',#402,#402,#404,.T.);
#402 = VERTEX_POINT('',#403);
#403 = CARTESIAN_POINT('',(-5.,17.5,48.));
#404 = CIRCLE('',#405,12.5);
#405 = AXIS2_PLACEMENT_3D('',#406,#407,#408);
#406 = CARTESIAN_POINT('',(-17.5,17.5,48.));
#407 = DIRECTION('',(0.,0.,1.));
#408 = DIRECTION('',(1.,0.,-0.));
#409 = FACE_BOUND('',#410,.F.);
#410 = EDGE_LOOP('',(#411,#421,#430,#438));
#411 = ORIENTED_EDGE('',*,*,#412,.F.);
#412 = EDGE_CURVE('',#413,#415,#417,.T.);
#413 = VERTEX_POINT('',#414);
#414 = CARTESIAN_POINT('',(-78.7,42.4,48.));
#415 = VERTEX_POINT('',#416);
#416 = CARTESIAN_POINT('',(-78.7,25.255,48.));
#417 = LINE('',#418,#419);
#418 = CARTESIAN_POINT('',(-78.7,46.,48.));
#419 = VECTOR('',#420,1.);
#420 = DIRECTION('',(0.,-1.,0.));
#421 = ORIENTED_EDGE('',*,*,#422,.T.);
#422 = EDGE_CURVE('',#413,#423,#425,.T.);
#423 = VERTEX_POINT('',#424);
#424 = CARTESIAN_POINT('',(-76.7,41.554777845821,48.));
#425 = CIRCLE('',#426,4.5);
#426 = AXIS2_PLACEMENT_3D('',#427,#428,#429);
#427 = CARTESIAN_POINT('',(-76.,46.,48.));
#428 = DIRECTION('',(0.,0.,1.));
#429 = DIRECTION('',(1.,0.,-0.));
#430 = ORIENTED_EDGE('',*,*,#431,.F.);
#431 = EDGE_CURVE('',#432,#423,#434,.T.);
#432 = VERTEX_POINT('',#433);
#433 = CARTESIAN_POINT('',(-76.7,25.255,48.));
#434 = LINE('',#435,#436);
#435 = CARTESIAN_POINT('',(-76.7,23.,48.));
#436 = VECTOR('',#437,1.);
#437 = DIRECTION('',(-0.,1.,0.));
#438 = ORIENTED_EDGE('',*,*,#439,.T.);
#439 = EDGE_CURVE('',#432,#415,#440,.T.);
#440 = LINE('',#441,#442);
#441 = CARTESIAN_POINT('',(-44.5,25.255,48.));
#442 = VECTOR('',#443,1.);
#443 = DIRECTION('',(-1.,-0.,0.));
#444 = FACE_BOUND('',#445,.F.);
#445 = EDGE_LOOP('',(#446));
#446 = ORIENTED_EDGE('',*,*,#447,.F.);
#447 = EDGE_CURVE('',#448,#448,#450,.T.);
#448 = VERTEX_POINT('',#449);
#449 = CARTESIAN_POINT('',(-74.3,46.,48.));
#450 = CIRCLE('',#451,1.7);
#451 = AXIS2_PLACEMENT_3D('',#452,#453,#454);
#452 = CARTESIAN_POINT('',(-76.,46.,48.));
#453 = DIRECTION('',(0.,0.,1.));
#454 = DIRECTION('',(1.,0.,-0.));
#455 = FACE_BOUND('',#456,.F.);
#456 = EDGE_LOOP('',(#457,#467,#476,#484));
#457 = ORIENTED_EDGE('',*,*,#458,.F.);
#458 = EDGE_CURVE('',#459,#461,#463,.T.);
#459 = VERTEX_POINT('',#460);
#460 = CARTESIAN_POINT('',(-3.6,48.7,48.));
#461 = VERTEX_POINT('',#462);
#462 = CARTESIAN_POINT('',(-72.4,48.7,48.));
#463 = LINE('',#464,#465);
#464 = CARTESIAN_POINT('',(76.,48.7,48.));
#465 = VECTOR('',#466,1.);
#466 = DIRECTION('',(-1.,0.,0.));
#467 = ORIENTED_EDGE('',*,*,#468,.T.);
#468 = EDGE_CURVE('',#459,#469,#471,.T.);
#469 = VERTEX_POINT('',#470);
#470 = CARTESIAN_POINT('',(-4.445222154179,46.7,48.));
#471 = CIRCLE('',#472,4.5);
#472 = AXIS2_PLACEMENT_3D('',#473,#474,#475);
#473 = CARTESIAN_POINT('',(0.,46.,48.));
#474 = DIRECTION('',(0.,0.,1.));
#475 = DIRECTION('',(1.,0.,-0.));
#476 = ORIENTED_EDGE('',*,*,#477,.F.);
#477 = EDGE_CURVE('',#478,#469,#480,.T.);
#478 = VERTEX_POINT('',#479);
#479 = CARTESIAN_POINT('',(-71.55477784582,46.7,48.));
#480 = LINE('',#481,#482);
#481 = CARTESIAN_POINT('',(38.,46.7,48.));
#482 = VECTOR('',#483,1.);
#483 = DIRECTION('',(1.,0.,-0.));
#484 = ORIENTED_EDGE('',*,*,#485,.T.);
#485 = EDGE_CURVE('',#478,#461,#486,.T.);
#486 = CIRCLE('',#487,4.5);
#487 = AXIS2_PLACEMENT_3D('',#488,#489,#490);
#488 = CARTESIAN_POINT('',(-76.,46.,48.));
#489 = DIRECTION('',(0.,0.,1.));
#490 = DIRECTION('',(1.,0.,-0.));
#491 = FACE_BOUND('',#492,.F.);
#492 = EDGE_LOOP('',(#493));
#493 = ORIENTED_EDGE('',*,*,#494,.F.);
#494 = EDGE_CURVE('',#495,#495,#497,.T.);
#495 = VERTEX_POINT('',#496);
#496 = CARTESIAN_POINT('',(30.,17.5,48.));
#497 = CIRCLE('',#498,12.5);
#498 = AXIS2_PLACEMENT_3D('',#499,#500,#501);
#499 = CARTESIAN_POINT('',(17.5,17.5,48.));
#500 = DIRECTION('',(0.,0.,1.));
#501 = DIRECTION('',(1.,0.,-0.));
#502 = FACE_BOUND('',#503,.F.);
#503 = EDGE_LOOP('',(#504));
#504 = ORIENTED_EDGE('',*,*,#505,.F.);
#505 = EDGE_CURVE('',#506,#506,#508,.T.);
#506 = VERTEX_POINT('',#507);
#507 = CARTESIAN_POINT('',(65.,17.5,48.));
#508 = CIRCLE('',#509,12.5);
#509 = AXIS2_PLACEMENT_3D('',#510,#511,#512);
#510 = CARTESIAN_POINT('',(52.5,17.5,48.));
#511 = DIRECTION('',(0.,0.,1.));
#512 = DIRECTION('',(1.,0.,-0.));
#513 = FACE_BOUND('',#514,.F.);
#514 = EDGE_LOOP('',(#515));
#515 = ORIENTED_EDGE('',*,*,#516,.F.);
#516 = EDGE_CURVE('',#517,#517,#519,.T.);
#517 = VERTEX_POINT('',#518);
#518 = CARTESIAN_POINT('',(1.7,46.,48.));
#519 = CIRCLE('',#520,1.7);
#520 = AXIS2_PLACEMENT_3D('',#521,#522,#523);
#521 = CARTESIAN_POINT('',(0.,46.,48.));
#522 = DIRECTION('',(0.,0.,1.));
#523 = DIRECTION('',(1.,0.,-0.));
#524 = FACE_BOUND('',#525,.F.);
#525 = EDGE_LOOP('',(#526,#536,#545,#553));
#526 = ORIENTED_EDGE('',*,*,#527,.F.);
#527 = EDGE_CURVE('',#528,#530,#532,.T.);
#528 = VERTEX_POINT('',#529);
#529 = CARTESIAN_POINT('',(72.4,48.7,48.));
#530 = VERTEX_POINT('',#531);
#531 = CARTESIAN_POINT('',(3.6,48.7,48.));
#532 = LINE('',#533,#534);
#533 = CARTESIAN_POINT('',(76.,48.7,48.));
#534 = VECTOR('',#535,1.);
#535 = DIRECTION('',(-1.,0.,0.));
#536 = ORIENTED_EDGE('',*,*,#537,.T.);
#537 = EDGE_CURVE('',#528,#538,#540,.T.);
#538 = VERTEX_POINT('',#539);
#539 = CARTESIAN_POINT('',(71.554777845821,46.7,48.));
#540 = CIRCLE('',#541,4.5);
#541 = AXIS2_PLACEMENT_3D('',#542,#543,#544);
#542 = CARTESIAN_POINT('',(76.,46.,48.));
#543 = DIRECTION('',(0.,0.,1.));
#544 = DIRECTION('',(1.,0.,-0.));
#545 = ORIENTED_EDGE('',*,*,#546,.F.);
#546 = EDGE_CURVE('',#547,#538,#549,.T.);
#547 = VERTEX_POINT('',#548);
#548 = CARTESIAN_POINT('',(4.445222154179,46.7,48.));
#549 = LINE('',#550,#551);
#550 = CARTESIAN_POINT('',(38.,46.7,48.));
#551 = VECTOR('',#552,1.);
#552 = DIRECTION('',(1.,0.,-0.));
#553 = ORIENTED_EDGE('',*,*,#554,.T.);
#554 = EDGE_CURVE('',#547,#530,#555,.T.);
#555 = CIRCLE('',#556,4.5);
#556 = AXIS2_PLACEMENT_3D('',#557,#558,#559);
#557 = CARTESIAN_POINT('',(0.,46.,48.));
#558 = DIRECTION('',(0.,0.,1.));
#559 = DIRECTION('',(1.,0.,-0.));
#560 = FACE_BOUND('',#561,.F.);
#561 = EDGE_LOOP('',(#562,#572,#580,#588));
#562 = ORIENTED_EDGE('',*,*,#563,.F.);
#563 = EDGE_CURVE('',#564,#566,#568,.T.);
#564 = VERTEX_POINT('',#565);
#565 = CARTESIAN_POINT('',(78.7,25.255,48.));
#566 = VERTEX_POINT('',#567);
#567 = CARTESIAN_POINT('',(78.7,42.4,48.));
#568 = LINE('',#569,#570);
#569 = CARTESIAN_POINT('',(78.7,-46.,48.));
#570 = VECTOR('',#571,1.);
#571 = DIRECTION('',(0.,1.,0.));
#572 = ORIENTED_EDGE('',*,*,#573,.T.);
#573 = EDGE_CURVE('',#564,#574,#576,.T.);
#574 = VERTEX_POINT('',#575);
#575 = CARTESIAN_POINT('',(76.7,25.255,48.));
#576 = LINE('',#577,#578);
#577 = CARTESIAN_POINT('',(38.35,25.255,48.));
#578 = VECTOR('',#579,1.);
#579 = DIRECTION('',(-1.,-0.,0.));
#580 = ORIENTED_EDGE('',*,*,#581,.F.);
#581 = EDGE_CURVE('',#582,#574,#584,.T.);
#582 = VERTEX_POINT('',#583);
#583 = CARTESIAN_POINT('',(76.7,41.554777845821,48.));
#584 = LINE('',#585,#586);
#585 = CARTESIAN_POINT('',(76.7,-23.,48.));
#586 = VECTOR('',#587,1.);
#587 = DIRECTION('',(0.,-1.,0.));
#588 = ORIENTED_EDGE('',*,*,#589,.T.);
#589 = EDGE_CURVE('',#582,#566,#590,.T.);
#590 = CIRCLE('',#591,4.5);
#591 = AXIS2_PLACEMENT_3D('',#592,#593,#594);
#592 = CARTESIAN_POINT('',(76.,46.,48.));
#593 = DIRECTION('',(0.,0.,1.));
#594 = DIRECTION('',(1.,0.,-0.));
#595 = FACE_BOUND('',#596,.F.);
#596 = EDGE_LOOP('',(#597));
#597 = ORIENTED_EDGE('',*,*,#598,.F.);
#598 = EDGE_CURVE('',#599,#599,#601,.T.);
#599 = VERTEX_POINT('',#600);
#600 = CARTESIAN_POINT('',(77.7,46.,48.));
#601 = CIRCLE('',#602,1.7);
#602 = AXIS2_PLACEMENT_3D('',#603,#604,#605);
#603 = CARTESIAN_POINT('',(76.,46.,48.));
#604 = DIRECTION('',(0.,0.,1.));
#605 = DIRECTION('',(1.,0.,-0.));
#606 = PLANE('',#607);
#607 = AXIS2_PLACEMENT_3D('',#608,#609,#610);
#608 = CARTESIAN_POINT('',(-3.504402982607E-15,1.752201491304E-15,48.));
#609 = DIRECTION('',(0.,0.,1.));
#610 = DIRECTION('',(1.,0.,-0.));
#611 = ADVANCED_FACE('',(#612,#658,#669,#680,#691,#702,#713,#724,#735,
    #746,#757,#768,#779,#790,#801,#812,#823),#834,.T.);
#612 = FACE_BOUND('',#613,.T.);
#613 = EDGE_LOOP('',(#614,#615,#616,#625,#633,#642,#650,#657));
#614 = ORIENTED_EDGE('',*,*,#31,.T.);
#615 = ORIENTED_EDGE('',*,*,#95,.T.);
#616 = ORIENTED_EDGE('',*,*,#617,.T.);
#617 = EDGE_CURVE('',#96,#618,#620,.T.);
#618 = VERTEX_POINT('',#619);
#619 = CARTESIAN_POINT('',(76.,51.,51.5));
#620 = CIRCLE('',#621,5.);
#621 = AXIS2_PLACEMENT_3D('',#622,#623,#624);
#622 = CARTESIAN_POINT('',(76.,46.,51.5));
#623 = DIRECTION('',(0.,0.,1.));
#624 = DIRECTION('',(1.,0.,-0.));
#625 = ORIENTED_EDGE('',*,*,#626,.T.);
#626 = EDGE_CURVE('',#618,#627,#629,.T.);
#627 = VERTEX_POINT('',#628);
#628 = CARTESIAN_POINT('',(-76.,51.,51.5));
#629 = LINE('',#630,#631);
#630 = CARTESIAN_POINT('',(76.,51.,51.5));
#631 = VECTOR('',#632,1.);
#632 = DIRECTION('',(-1.,0.,0.));
#633 = ORIENTED_EDGE('',*,*,#634,.T.);
#634 = EDGE_CURVE('',#627,#635,#637,.T.);
#635 = VERTEX_POINT('',#636);
#636 = CARTESIAN_POINT('',(-81.,46.,51.5));
#637 = CIRCLE('',#638,5.);
#638 = AXIS2_PLACEMENT_3D('',#639,#640,#641);
#639 = CARTESIAN_POINT('',(-76.,46.,51.5));
#640 = DIRECTION('',(0.,-0.,1.));
#641 = DIRECTION('',(0.,1.,0.));
#642 = ORIENTED_EDGE('',*,*,#643,.T.);
#643 = EDGE_CURVE('',#635,#644,#646,.T.);
#644 = VERTEX_POINT('',#645);
#645 = CARTESIAN_POINT('',(-81.,-46.,51.5));
#646 = LINE('',#647,#648);
#647 = CARTESIAN_POINT('',(-81.,46.,51.5));
#648 = VECTOR('',#649,1.);
#649 = DIRECTION('',(0.,-1.,0.));
#650 = ORIENTED_EDGE('',*,*,#651,.T.);
#651 = EDGE_CURVE('',#644,#66,#652,.T.);
#652 = CIRCLE('',#653,5.);
#653 = AXIS2_PLACEMENT_3D('',#654,#655,#656);
#654 = CARTESIAN_POINT('',(-76.,-46.,51.5));
#655 = DIRECTION('',(0.,0.,1.));
#656 = DIRECTION('',(-1.,0.,0.));
#657 = ORIENTED_EDGE('',*,*,#73,.T.);
#658 = FACE_BOUND('',#659,.T.);
#659 = EDGE_LOOP('',(#660));
#660 = ORIENTED_EDGE('',*,*,#661,.T.);
#661 = EDGE_CURVE('',#662,#662,#664,.T.);
#662 = VERTEX_POINT('',#663);
#663 = CARTESIAN_POINT('',(-79.2,-46.,51.5));
#664 = CIRCLE('',#665,3.2);
#665 = AXIS2_PLACEMENT_3D('',#666,#667,#668);
#666 = CARTESIAN_POINT('',(-76.,-46.,51.5));
#667 = DIRECTION('',(0.,0.,-1.));
#668 = DIRECTION('',(-1.,0.,-0.));
#669 = FACE_BOUND('',#670,.T.);
#670 = EDGE_LOOP('',(#671));
#671 = ORIENTED_EDGE('',*,*,#672,.F.);
#672 = EDGE_CURVE('',#673,#673,#675,.T.);
#673 = VERTEX_POINT('',#674);
#674 = CARTESIAN_POINT('',(-38.4,-17.5,51.5));
#675 = CIRCLE('',#676,14.1);
#676 = AXIS2_PLACEMENT_3D('',#677,#678,#679);
#677 = CARTESIAN_POINT('',(-52.5,-17.5,51.5));
#678 = DIRECTION('',(0.,0.,1.));
#679 = DIRECTION('',(1.,0.,-0.));
#680 = FACE_BOUND('',#681,.T.);
#681 = EDGE_LOOP('',(#682));
#682 = ORIENTED_EDGE('',*,*,#683,.F.);
#683 = EDGE_CURVE('',#684,#684,#686,.T.);
#684 = VERTEX_POINT('',#685);
#685 = CARTESIAN_POINT('',(-3.4,-17.5,51.5));
#686 = CIRCLE('',#687,14.1);
#687 = AXIS2_PLACEMENT_3D('',#688,#689,#690);
#688 = CARTESIAN_POINT('',(-17.5,-17.5,51.5));
#689 = DIRECTION('',(0.,0.,1.));
#690 = DIRECTION('',(1.,0.,-0.));
#691 = FACE_BOUND('',#692,.T.);
#692 = EDGE_LOOP('',(#693));
#693 = ORIENTED_EDGE('',*,*,#694,.T.);
#694 = EDGE_CURVE('',#695,#695,#697,.T.);
#695 = VERTEX_POINT('',#696);
#696 = CARTESIAN_POINT('',(-3.2,-46.,51.5));
#697 = CIRCLE('',#698,3.2);
#698 = AXIS2_PLACEMENT_3D('',#699,#700,#701);
#699 = CARTESIAN_POINT('',(0.,-46.,51.5));
#700 = DIRECTION('',(0.,0.,-1.));
#701 = DIRECTION('',(-1.,0.,-0.));
#702 = FACE_BOUND('',#703,.T.);
#703 = EDGE_LOOP('',(#704));
#704 = ORIENTED_EDGE('',*,*,#705,.T.);
#705 = EDGE_CURVE('',#706,#706,#708,.T.);
#706 = VERTEX_POINT('',#707);
#707 = CARTESIAN_POINT('',(72.8,-46.,51.5));
#708 = CIRCLE('',#709,3.2);
#709 = AXIS2_PLACEMENT_3D('',#710,#711,#712);
#710 = CARTESIAN_POINT('',(76.,-46.,51.5));
#711 = DIRECTION('',(0.,0.,-1.));
#712 = DIRECTION('',(-1.,0.,-0.));
#713 = FACE_BOUND('',#714,.T.);
#714 = EDGE_LOOP('',(#715));
#715 = ORIENTED_EDGE('',*,*,#716,.F.);
#716 = EDGE_CURVE('',#717,#717,#719,.T.);
#717 = VERTEX_POINT('',#718);
#718 = CARTESIAN_POINT('',(31.6,-17.5,51.5));
#719 = CIRCLE('',#720,14.1);
#720 = AXIS2_PLACEMENT_3D('',#721,#722,#723);
#721 = CARTESIAN_POINT('',(17.5,-17.5,51.5));
#722 = DIRECTION('',(0.,0.,1.));
#723 = DIRECTION('',(1.,0.,-0.));
#724 = FACE_BOUND('',#725,.T.);
#725 = EDGE_LOOP('',(#726));
#726 = ORIENTED_EDGE('',*,*,#727,.F.);
#727 = EDGE_CURVE('',#728,#728,#730,.T.);
#728 = VERTEX_POINT('',#729);
#729 = CARTESIAN_POINT('',(66.6,-17.5,51.5));
#730 = CIRCLE('',#731,14.1);
#731 = AXIS2_PLACEMENT_3D('',#732,#733,#734);
#732 = CARTESIAN_POINT('',(52.5,-17.5,51.5));
#733 = DIRECTION('',(0.,0.,1.));
#734 = DIRECTION('',(1.,0.,-0.));
#735 = FACE_BOUND('',#736,.T.);
#736 = EDGE_LOOP('',(#737));
#737 = ORIENTED_EDGE('',*,*,#738,.F.);
#738 = EDGE_CURVE('',#739,#739,#741,.T.);
#739 = VERTEX_POINT('',#740);
#740 = CARTESIAN_POINT('',(-62.92081528017,5.479184719829,51.5));
#741 = CIRCLE('',#742,1.6);
#742 = AXIS2_PLACEMENT_3D('',#743,#744,#745);
#743 = CARTESIAN_POINT('',(-64.52081528017,5.479184719829,51.5));
#744 = DIRECTION('',(0.,0.,1.));
#745 = DIRECTION('',(1.,0.,-0.));
#746 = FACE_BOUND('',#747,.T.);
#747 = EDGE_LOOP('',(#748));
#748 = ORIENTED_EDGE('',*,*,#749,.F.);
#749 = EDGE_CURVE('',#750,#750,#752,.T.);
#750 = VERTEX_POINT('',#751);
#751 = CARTESIAN_POINT('',(-38.4,17.5,51.5));
#752 = CIRCLE('',#753,14.1);
#753 = AXIS2_PLACEMENT_3D('',#754,#755,#756);
#754 = CARTESIAN_POINT('',(-52.5,17.5,51.5));
#755 = DIRECTION('',(0.,0.,1.));
#756 = DIRECTION('',(1.,0.,-0.));
#757 = FACE_BOUND('',#758,.T.);
#758 = EDGE_LOOP('',(#759));
#759 = ORIENTED_EDGE('',*,*,#760,.F.);
#760 = EDGE_CURVE('',#761,#761,#763,.T.);
#761 = VERTEX_POINT('',#762);
#762 = CARTESIAN_POINT('',(-3.4,17.5,51.5));
#763 = CIRCLE('',#764,14.1);
#764 = AXIS2_PLACEMENT_3D('',#765,#766,#767);
#765 = CARTESIAN_POINT('',(-17.5,17.5,51.5));
#766 = DIRECTION('',(0.,0.,1.));
#767 = DIRECTION('',(1.,0.,-0.));
#768 = FACE_BOUND('',#769,.T.);
#769 = EDGE_LOOP('',(#770));
#770 = ORIENTED_EDGE('',*,*,#771,.F.);
#771 = EDGE_CURVE('',#772,#772,#774,.T.);
#772 = VERTEX_POINT('',#773);
#773 = CARTESIAN_POINT('',(-38.87918471982,29.520815280171,51.5));
#774 = CIRCLE('',#775,1.6);
#775 = AXIS2_PLACEMENT_3D('',#776,#777,#778);
#776 = CARTESIAN_POINT('',(-40.47918471982,29.520815280171,51.5));
#777 = DIRECTION('',(0.,0.,1.));
#778 = DIRECTION('',(1.,0.,-0.));
#779 = FACE_BOUND('',#780,.T.);
#780 = EDGE_LOOP('',(#781));
#781 = ORIENTED_EDGE('',*,*,#782,.T.);
#782 = EDGE_CURVE('',#783,#783,#785,.T.);
#783 = VERTEX_POINT('',#784);
#784 = CARTESIAN_POINT('',(-79.2,46.,51.5));
#785 = CIRCLE('',#786,3.2);
#786 = AXIS2_PLACEMENT_3D('',#787,#788,#789);
#787 = CARTESIAN_POINT('',(-76.,46.,51.5));
#788 = DIRECTION('',(0.,0.,-1.));
#789 = DIRECTION('',(-1.,0.,-0.));
#790 = FACE_BOUND('',#791,.T.);
#791 = EDGE_LOOP('',(#792));
#792 = ORIENTED_EDGE('',*,*,#793,.F.);
#793 = EDGE_CURVE('',#794,#794,#796,.T.);
#794 = VERTEX_POINT('',#795);
#795 = CARTESIAN_POINT('',(31.6,17.5,51.5));
#796 = CIRCLE('',#797,14.1);
#797 = AXIS2_PLACEMENT_3D('',#798,#799,#800);
#798 = CARTESIAN_POINT('',(17.5,17.5,51.5));
#799 = DIRECTION('',(0.,0.,1.));
#800 = DIRECTION('',(1.,0.,-0.));
#801 = FACE_BOUND('',#802,.T.);
#802 = EDGE_LOOP('',(#803));
#803 = ORIENTED_EDGE('',*,*,#804,.F.);
#804 = EDGE_CURVE('',#805,#805,#807,.T.);
#805 = VERTEX_POINT('',#806);
#806 = CARTESIAN_POINT('',(66.6,17.5,51.5));
#807 = CIRCLE('',#808,14.1);
#808 = AXIS2_PLACEMENT_3D('',#809,#810,#811);
#809 = CARTESIAN_POINT('',(52.5,17.5,51.5));
#810 = DIRECTION('',(0.,0.,1.));
#811 = DIRECTION('',(1.,0.,-0.));
#812 = FACE_BOUND('',#813,.T.);
#813 = EDGE_LOOP('',(#814));
#814 = ORIENTED_EDGE('',*,*,#815,.T.);
#815 = EDGE_CURVE('',#816,#816,#818,.T.);
#816 = VERTEX_POINT('',#817);
#817 = CARTESIAN_POINT('',(-3.2,46.,51.5));
#818 = CIRCLE('',#819,3.2);
#819 = AXIS2_PLACEMENT_3D('',#820,#821,#822);
#820 = CARTESIAN_POINT('',(0.,46.,51.5));
#821 = DIRECTION('',(0.,0.,-1.));
#822 = DIRECTION('',(-1.,0.,-0.));
#823 = FACE_BOUND('',#824,.T.);
#824 = EDGE_LOOP('',(#825));
#825 = ORIENTED_EDGE('',*,*,#826,.T.);
#826 = EDGE_CURVE('',#827,#827,#829,.T.);
#827 = VERTEX_POINT('',#828);
#828 = CARTESIAN_POINT('',(72.8,46.,51.5));
#829 = CIRCLE('',#830,3.2);
#830 = AXIS2_PLACEMENT_3D('',#831,#832,#833);
#831 = CARTESIAN_POINT('',(76.,46.,51.5));
#832 = DIRECTION('',(0.,0.,-1.));
#833 = DIRECTION('',(-1.,0.,-0.));
#834 = PLANE('',#835);
#835 = AXIS2_PLACEMENT_3D('',#836,#837,#838);
#836 = CARTESIAN_POINT('',(-3.504402982607E-15,1.752201491304E-15,51.5)
  );
#837 = DIRECTION('',(0.,0.,1.));
#838 = DIRECTION('',(1.,0.,-0.));
#839 = ADVANCED_FACE('',(#840),#851,.T.);
#840 = FACE_BOUND('',#841,.F.);
#841 = EDGE_LOOP('',(#842,#848,#849,#850));
#842 = ORIENTED_EDGE('',*,*,#843,.T.);
#843 = EDGE_CURVE('',#154,#644,#844,.T.);
#844 = LINE('',#845,#846);
#845 = CARTESIAN_POINT('',(-81.,-46.,48.));
#846 = VECTOR('',#847,1.);
#847 = DIRECTION('',(0.,0.,1.));
#848 = ORIENTED_EDGE('',*,*,#651,.T.);
#849 = ORIENTED_EDGE('',*,*,#63,.F.);
#850 = ORIENTED_EDGE('',*,*,#161,.F.);
#851 = CYLINDRICAL_SURFACE('',#852,5.);
#852 = AXIS2_PLACEMENT_3D('',#853,#854,#855);
#853 = CARTESIAN_POINT('',(-76.,-46.,48.));
#854 = DIRECTION('',(-0.,-0.,-1.));
#855 = DIRECTION('',(-1.,0.,0.));
#856 = ADVANCED_FACE('',(#857),#868,.T.);
#857 = FACE_BOUND('',#858,.F.);
#858 = EDGE_LOOP('',(#859,#860,#861,#867));
#859 = ORIENTED_EDGE('',*,*,#103,.T.);
#860 = ORIENTED_EDGE('',*,*,#617,.T.);
#861 = ORIENTED_EDGE('',*,*,#862,.F.);
#862 = EDGE_CURVE('',#128,#618,#863,.T.);
#863 = LINE('',#864,#865);
#864 = CARTESIAN_POINT('',(76.,51.,48.));
#865 = VECTOR('',#866,1.);
#866 = DIRECTION('',(0.,0.,1.));
#867 = ORIENTED_EDGE('',*,*,#127,.F.);
#868 = CYLINDRICAL_SURFACE('',#869,5.);
#869 = AXIS2_PLACEMENT_3D('',#870,#871,#872);
#870 = CARTESIAN_POINT('',(76.,46.,48.));
#871 = DIRECTION('',(-0.,-0.,-1.));
#872 = DIRECTION('',(1.,0.,-0.));
#873 = ADVANCED_FACE('',(#874),#885,.F.);
#874 = FACE_BOUND('',#875,.F.);
#875 = EDGE_LOOP('',(#876,#882,#883,#884));
#876 = ORIENTED_EDGE('',*,*,#877,.T.);
#877 = EDGE_CURVE('',#145,#635,#878,.T.);
#878 = LINE('',#879,#880);
#879 = CARTESIAN_POINT('',(-81.,46.,48.));
#880 = VECTOR('',#881,1.);
#881 = DIRECTION('',(0.,0.,1.));
#882 = ORIENTED_EDGE('',*,*,#643,.T.);
#883 = ORIENTED_EDGE('',*,*,#843,.F.);
#884 = ORIENTED_EDGE('',*,*,#153,.F.);
#885 = PLANE('',#886);
#886 = AXIS2_PLACEMENT_3D('',#887,#888,#889);
#887 = CARTESIAN_POINT('',(-81.,46.,48.));
#888 = DIRECTION('',(1.,0.,-0.));
#889 = DIRECTION('',(0.,-1.,0.));
#890 = ADVANCED_FACE('',(#891),#902,.F.);
#891 = FACE_BOUND('',#892,.F.);
#892 = EDGE_LOOP('',(#893,#894,#895,#901));
#893 = ORIENTED_EDGE('',*,*,#862,.T.);
#894 = ORIENTED_EDGE('',*,*,#626,.T.);
#895 = ORIENTED_EDGE('',*,*,#896,.F.);
#896 = EDGE_CURVE('',#137,#627,#897,.T.);
#897 = LINE('',#898,#899);
#898 = CARTESIAN_POINT('',(-76.,51.,48.));
#899 = VECTOR('',#900,1.);
#900 = DIRECTION('',(0.,0.,1.));
#901 = ORIENTED_EDGE('',*,*,#136,.F.);
#902 = PLANE('',#903);
#903 = AXIS2_PLACEMENT_3D('',#904,#905,#906);
#904 = CARTESIAN_POINT('',(76.,51.,48.));
#905 = DIRECTION('',(0.,-1.,0.));
#906 = DIRECTION('',(-1.,0.,0.));
#907 = ADVANCED_FACE('',(#908),#914,.T.);
#908 = FACE_BOUND('',#909,.F.);
#909 = EDGE_LOOP('',(#910,#911,#912,#913));
#910 = ORIENTED_EDGE('',*,*,#896,.T.);
#911 = ORIENTED_EDGE('',*,*,#634,.T.);
#912 = ORIENTED_EDGE('',*,*,#877,.F.);
#913 = ORIENTED_EDGE('',*,*,#144,.F.);
#914 = CYLINDRICAL_SURFACE('',#915,5.);
#915 = AXIS2_PLACEMENT_3D('',#916,#917,#918);
#916 = CARTESIAN_POINT('',(-76.,46.,48.));
#917 = DIRECTION('',(-0.,0.,-1.));
#918 = DIRECTION('',(0.,1.,0.));
#919 = ADVANCED_FACE('',(#920),#948,.F.);
#920 = FACE_BOUND('',#921,.F.);
#921 = EDGE_LOOP('',(#922,#933,#939,#940,#941));
#922 = ORIENTED_EDGE('',*,*,#923,.T.);
#923 = EDGE_CURVE('',#924,#926,#928,.T.);
#924 = VERTEX_POINT('',#925);
#925 = CARTESIAN_POINT('',(-77.7,-46.,50.));
#926 = VERTEX_POINT('',#927);
#927 = CARTESIAN_POINT('',(-74.3,-46.,50.));
#928 = CIRCLE('',#929,1.7);
#929 = AXIS2_PLACEMENT_3D('',#930,#931,#932);
#930 = CARTESIAN_POINT('',(-76.,-46.,50.));
#931 = DIRECTION('',(0.,0.,-1.));
#932 = DIRECTION('',(-1.,0.,-0.));
#933 = ORIENTED_EDGE('',*,*,#934,.F.);
#934 = EDGE_CURVE('',#172,#926,#935,.T.);
#935 = LINE('',#936,#937);
#936 = CARTESIAN_POINT('',(-74.3,-46.,47.));
#937 = VECTOR('',#938,1.);
#938 = DIRECTION('',(0.,0.,1.));
#939 = ORIENTED_EDGE('',*,*,#171,.T.);
#940 = ORIENTED_EDGE('',*,*,#934,.T.);
#941 = ORIENTED_EDGE('',*,*,#942,.T.);
#942 = EDGE_CURVE('',#926,#924,#943,.T.);
#943 = CIRCLE('',#944,1.7);
#944 = AXIS2_PLACEMENT_3D('',#945,#946,#947);
#945 = CARTESIAN_POINT('',(-76.,-46.,50.));
#946 = DIRECTION('',(0.,0.,-1.));
#947 = DIRECTION('',(-1.,0.,-0.));
#948 = CYLINDRICAL_SURFACE('',#949,1.7);
#949 = AXIS2_PLACEMENT_3D('',#950,#951,#952);
#950 = CARTESIAN_POINT('',(-76.,-46.,47.));
#951 = DIRECTION('',(0.,0.,1.));
#952 = DIRECTION('',(1.,0.,-0.));
#953 = ADVANCED_FACE('',(#954),#979,.T.);
#954 = FACE_BOUND('',#955,.T.);
#955 = EDGE_LOOP('',(#956,#964,#972,#978));
#956 = ORIENTED_EDGE('',*,*,#957,.F.);
#957 = EDGE_CURVE('',#958,#183,#960,.T.);
#958 = VERTEX_POINT('',#959);
#959 = CARTESIAN_POINT('',(-76.7,-25.255,46.));
#960 = LINE('',#961,#962);
#961 = CARTESIAN_POINT('',(-76.7,-25.255,45.));
#962 = VECTOR('',#963,1.);
#963 = DIRECTION('',(0.,0.,1.));
#964 = ORIENTED_EDGE('',*,*,#965,.T.);
#965 = EDGE_CURVE('',#958,#966,#968,.T.);
#966 = VERTEX_POINT('',#967);
#967 = CARTESIAN_POINT('',(-78.7,-25.255,46.));
#968 = LINE('',#969,#970);
#969 = CARTESIAN_POINT('',(-44.5,-25.255,46.));
#970 = VECTOR('',#971,1.);
#971 = DIRECTION('',(-1.,-0.,0.));
#972 = ORIENTED_EDGE('',*,*,#973,.T.);
#973 = EDGE_CURVE('',#966,#185,#974,.T.);
#974 = LINE('',#975,#976);
#975 = CARTESIAN_POINT('',(-78.7,-25.255,45.5));
#976 = VECTOR('',#977,1.);
#977 = DIRECTION('',(0.,0.,1.));
#978 = ORIENTED_EDGE('',*,*,#182,.F.);
#979 = PLANE('',#980);
#980 = AXIS2_PLACEMENT_3D('',#981,#982,#983);
#981 = CARTESIAN_POINT('',(-89.,-25.255,45.));
#982 = DIRECTION('',(-0.,1.,0.));
#983 = DIRECTION('',(0.,0.,1.));
#984 = ADVANCED_FACE('',(#985),#1003,.T.);
#985 = FACE_BOUND('',#986,.T.);
#986 = EDGE_LOOP('',(#987,#995,#1001,#1002));
#987 = ORIENTED_EDGE('',*,*,#988,.F.);
#988 = EDGE_CURVE('',#989,#193,#991,.T.);
#989 = VERTEX_POINT('',#990);
#990 = CARTESIAN_POINT('',(-76.7,-41.55477784582,46.));
#991 = LINE('',#992,#993);
#992 = CARTESIAN_POINT('',(-76.7,-41.55477784582,45.));
#993 = VECTOR('',#994,1.);
#994 = DIRECTION('',(0.,0.,1.));
#995 = ORIENTED_EDGE('',*,*,#996,.T.);
#996 = EDGE_CURVE('',#989,#958,#997,.T.);
#997 = LINE('',#998,#999);
#998 = CARTESIAN_POINT('',(-76.7,23.,46.));
#999 = VECTOR('',#1000,1.);
#1000 = DIRECTION('',(-0.,1.,0.));
#1001 = ORIENTED_EDGE('',*,*,#957,.T.);
#1002 = ORIENTED_EDGE('',*,*,#192,.F.);
#1003 = PLANE('',#1004);
#1004 = AXIS2_PLACEMENT_3D('',#1005,#1006,#1007);
#1005 = CARTESIAN_POINT('',(-76.7,46.,45.));
#1006 = DIRECTION('',(1.,0.,-0.));
#1007 = DIRECTION('',(0.,-1.,0.));
#1008 = ADVANCED_FACE('',(#1009),#1027,.F.);
#1009 = FACE_BOUND('',#1010,.F.);
#1010 = EDGE_LOOP('',(#1011,#1019,#1020,#1021));
#1011 = ORIENTED_EDGE('',*,*,#1012,.F.);
#1012 = EDGE_CURVE('',#966,#1013,#1015,.T.);
#1013 = VERTEX_POINT('',#1014);
#1014 = CARTESIAN_POINT('',(-78.7,-42.4,46.));
#1015 = LINE('',#1016,#1017);
#1016 = CARTESIAN_POINT('',(-78.7,46.,46.));
#1017 = VECTOR('',#1018,1.);
#1018 = DIRECTION('',(0.,-1.,0.));
#1019 = ORIENTED_EDGE('',*,*,#973,.T.);
#1020 = ORIENTED_EDGE('',*,*,#209,.T.);
#1021 = ORIENTED_EDGE('',*,*,#1022,.F.);
#1022 = EDGE_CURVE('',#1013,#201,#1023,.T.);
#1023 = LINE('',#1024,#1025);
#1024 = CARTESIAN_POINT('',(-78.7,-42.4,45.));
#1025 = VECTOR('',#1026,1.);
#1026 = DIRECTION('',(0.,0.,1.));
#1027 = PLANE('',#1028);
#1028 = AXIS2_PLACEMENT_3D('',#1029,#1030,#1031);
#1029 = CARTESIAN_POINT('',(-78.7,46.,46.));
#1030 = DIRECTION('',(1.,0.,-0.));
#1031 = DIRECTION('',(0.,-1.,0.));
#1032 = ADVANCED_FACE('',(#1033),#1045,.F.);
#1033 = FACE_BOUND('',#1034,.F.);
#1034 = EDGE_LOOP('',(#1035,#1036,#1043,#1044));
#1035 = ORIENTED_EDGE('',*,*,#988,.F.);
#1036 = ORIENTED_EDGE('',*,*,#1037,.T.);
#1037 = EDGE_CURVE('',#989,#1013,#1038,.T.);
#1038 = CIRCLE('',#1039,4.5);
#1039 = AXIS2_PLACEMENT_3D('',#1040,#1041,#1042);
#1040 = CARTESIAN_POINT('',(-76.,-46.,46.));
#1041 = DIRECTION('',(0.,0.,1.));
#1042 = DIRECTION('',(1.,0.,-0.));
#1043 = ORIENTED_EDGE('',*,*,#1022,.T.);
#1044 = ORIENTED_EDGE('',*,*,#200,.F.);
#1045 = CYLINDRICAL_SURFACE('',#1046,4.5);
#1046 = AXIS2_PLACEMENT_3D('',#1047,#1048,#1049);
#1047 = CARTESIAN_POINT('',(-76.,-46.,45.));
#1048 = DIRECTION('',(0.,0.,1.));
#1049 = DIRECTION('',(1.,0.,-0.));
#1050 = ADVANCED_FACE('',(#1051),#1076,.F.);
#1051 = FACE_BOUND('',#1052,.F.);
#1052 = EDGE_LOOP('',(#1053,#1063,#1069,#1070));
#1053 = ORIENTED_EDGE('',*,*,#1054,.F.);
#1054 = EDGE_CURVE('',#1055,#1057,#1059,.T.);
#1055 = VERTEX_POINT('',#1056);
#1056 = CARTESIAN_POINT('',(-72.4,-48.7,46.));
#1057 = VERTEX_POINT('',#1058);
#1058 = CARTESIAN_POINT('',(-3.6,-48.7,46.));
#1059 = LINE('',#1060,#1061);
#1060 = CARTESIAN_POINT('',(-76.,-48.7,46.));
#1061 = VECTOR('',#1062,1.);
#1062 = DIRECTION('',(1.,0.,0.));
#1063 = ORIENTED_EDGE('',*,*,#1064,.T.);
#1064 = EDGE_CURVE('',#1055,#218,#1065,.T.);
#1065 = LINE('',#1066,#1067);
#1066 = CARTESIAN_POINT('',(-72.4,-48.7,45.));
#1067 = VECTOR('',#1068,1.);
#1068 = DIRECTION('',(0.,0.,1.));
#1069 = ORIENTED_EDGE('',*,*,#217,.T.);
#1070 = ORIENTED_EDGE('',*,*,#1071,.F.);
#1071 = EDGE_CURVE('',#1057,#220,#1072,.T.);
#1072 = LINE('',#1073,#1074);
#1073 = CARTESIAN_POINT('',(-3.6,-48.7,45.));
#1074 = VECTOR('',#1075,1.);
#1075 = DIRECTION('',(0.,0.,1.));
#1076 = PLANE('',#1077);
#1077 = AXIS2_PLACEMENT_3D('',#1078,#1079,#1080);
#1078 = CARTESIAN_POINT('',(-76.,-48.7,46.));
#1079 = DIRECTION('',(0.,1.,0.));
#1080 = DIRECTION('',(1.,0.,0.));
#1081 = ADVANCED_FACE('',(#1082),#1101,.F.);
#1082 = FACE_BOUND('',#1083,.F.);
#1083 = EDGE_LOOP('',(#1084,#1085,#1094,#1100));
#1084 = ORIENTED_EDGE('',*,*,#1064,.F.);
#1085 = ORIENTED_EDGE('',*,*,#1086,.T.);
#1086 = EDGE_CURVE('',#1055,#1087,#1089,.T.);
#1087 = VERTEX_POINT('',#1088);
#1088 = CARTESIAN_POINT('',(-71.55477784582,-46.7,46.));
#1089 = CIRCLE('',#1090,4.5);
#1090 = AXIS2_PLACEMENT_3D('',#1091,#1092,#1093);
#1091 = CARTESIAN_POINT('',(-76.,-46.,46.));
#1092 = DIRECTION('',(0.,0.,1.));
#1093 = DIRECTION('',(1.,0.,-0.));
#1094 = ORIENTED_EDGE('',*,*,#1095,.T.);
#1095 = EDGE_CURVE('',#1087,#228,#1096,.T.);
#1096 = LINE('',#1097,#1098);
#1097 = CARTESIAN_POINT('',(-71.55477784582,-46.7,45.));
#1098 = VECTOR('',#1099,1.);
#1099 = DIRECTION('',(0.,0.,1.));
#1100 = ORIENTED_EDGE('',*,*,#227,.F.);
#1101 = CYLINDRICAL_SURFACE('',#1102,4.5);
#1102 = AXIS2_PLACEMENT_3D('',#1103,#1104,#1105);
#1103 = CARTESIAN_POINT('',(-76.,-46.,45.));
#1104 = DIRECTION('',(0.,0.,1.));
#1105 = DIRECTION('',(1.,0.,-0.));
#1106 = ADVANCED_FACE('',(#1107),#1126,.F.);
#1107 = FACE_BOUND('',#1108,.F.);
#1108 = EDGE_LOOP('',(#1109,#1118,#1119,#1120));
#1109 = ORIENTED_EDGE('',*,*,#1110,.T.);
#1110 = EDGE_CURVE('',#1111,#1057,#1113,.T.);
#1111 = VERTEX_POINT('',#1112);
#1112 = CARTESIAN_POINT('',(-4.445222154179,-46.7,46.));
#1113 = CIRCLE('',#1114,4.5);
#1114 = AXIS2_PLACEMENT_3D('',#1115,#1116,#1117);
#1115 = CARTESIAN_POINT('',(0.,-46.,46.));
#1116 = DIRECTION('',(0.,0.,1.));
#1117 = DIRECTION('',(1.,0.,-0.));
#1118 = ORIENTED_EDGE('',*,*,#1071,.T.);
#1119 = ORIENTED_EDGE('',*,*,#244,.F.);
#1120 = ORIENTED_EDGE('',*,*,#1121,.F.);
#1121 = EDGE_CURVE('',#1111,#237,#1122,.T.);
#1122 = LINE('',#1123,#1124);
#1123 = CARTESIAN_POINT('',(-4.445222154179,-46.7,45.));
#1124 = VECTOR('',#1125,1.);
#1125 = DIRECTION('',(0.,0.,1.));
#1126 = CYLINDRICAL_SURFACE('',#1127,4.5);
#1127 = AXIS2_PLACEMENT_3D('',#1128,#1129,#1130);
#1128 = CARTESIAN_POINT('',(0.,-46.,45.));
#1129 = DIRECTION('',(0.,0.,1.));
#1130 = DIRECTION('',(1.,0.,-0.));
#1131 = ADVANCED_FACE('',(#1132),#1143,.T.);
#1132 = FACE_BOUND('',#1133,.T.);
#1133 = EDGE_LOOP('',(#1134,#1135,#1141,#1142));
#1134 = ORIENTED_EDGE('',*,*,#1121,.F.);
#1135 = ORIENTED_EDGE('',*,*,#1136,.T.);
#1136 = EDGE_CURVE('',#1111,#1087,#1137,.T.);
#1137 = LINE('',#1138,#1139);
#1138 = CARTESIAN_POINT('',(-38.,-46.7,46.));
#1139 = VECTOR('',#1140,1.);
#1140 = DIRECTION('',(-1.,0.,0.));
#1141 = ORIENTED_EDGE('',*,*,#1095,.T.);
#1142 = ORIENTED_EDGE('',*,*,#236,.F.);
#1143 = PLANE('',#1144);
#1144 = AXIS2_PLACEMENT_3D('',#1145,#1146,#1147);
#1145 = CARTESIAN_POINT('',(-76.,-46.7,45.));
#1146 = DIRECTION('',(0.,1.,0.));
#1147 = DIRECTION('',(1.,0.,0.));
#1148 = ADVANCED_FACE('',(#1149),#1168,.F.);
#1149 = FACE_BOUND('',#1150,.F.);
#1150 = EDGE_LOOP('',(#1151,#1160,#1166,#1167));
#1151 = ORIENTED_EDGE('',*,*,#1152,.F.);
#1152 = EDGE_CURVE('',#1153,#1153,#1155,.T.);
#1153 = VERTEX_POINT('',#1154);
#1154 = CARTESIAN_POINT('',(-40.,-17.5,49.4));
#1155 = CIRCLE('',#1156,12.5);
#1156 = AXIS2_PLACEMENT_3D('',#1157,#1158,#1159);
#1157 = CARTESIAN_POINT('',(-52.5,-17.5,49.4));
#1158 = DIRECTION('',(0.,0.,1.));
#1159 = DIRECTION('',(1.,0.,-0.));
#1160 = ORIENTED_EDGE('',*,*,#1161,.F.);
#1161 = EDGE_CURVE('',#254,#1153,#1162,.T.);
#1162 = LINE('',#1163,#1164);
#1163 = CARTESIAN_POINT('',(-40.,-17.5,47.));
#1164 = VECTOR('',#1165,1.);
#1165 = DIRECTION('',(0.,0.,1.));
#1166 = ORIENTED_EDGE('',*,*,#253,.T.);
#1167 = ORIENTED_EDGE('',*,*,#1161,.T.);
#1168 = CYLINDRICAL_SURFACE('',#1169,12.5);
#1169 = AXIS2_PLACEMENT_3D('',#1170,#1171,#1172);
#1170 = CARTESIAN_POINT('',(-52.5,-17.5,47.));
#1171 = DIRECTION('',(0.,0.,1.));
#1172 = DIRECTION('',(1.,0.,-0.));
#1173 = ADVANCED_FACE('',(#1174),#1193,.F.);
#1174 = FACE_BOUND('',#1175,.F.);
#1175 = EDGE_LOOP('',(#1176,#1185,#1191,#1192));
#1176 = ORIENTED_EDGE('',*,*,#1177,.F.);
#1177 = EDGE_CURVE('',#1178,#1178,#1180,.T.);
#1178 = VERTEX_POINT('',#1179);
#1179 = CARTESIAN_POINT('',(-5.,-17.5,49.4));
#1180 = CIRCLE('',#1181,12.5);
#1181 = AXIS2_PLACEMENT_3D('',#1182,#1183,#1184);
#1182 = CARTESIAN_POINT('',(-17.5,-17.5,49.4));
#1183 = DIRECTION('',(0.,0.,1.));
#1184 = DIRECTION('',(1.,0.,-0.));
#1185 = ORIENTED_EDGE('',*,*,#1186,.F.);
#1186 = EDGE_CURVE('',#265,#1178,#1187,.T.);
#1187 = LINE('',#1188,#1189);
#1188 = CARTESIAN_POINT('',(-5.,-17.5,47.));
#1189 = VECTOR('',#1190,1.);
#1190 = DIRECTION('',(0.,0.,1.));
#1191 = ORIENTED_EDGE('',*,*,#264,.T.);
#1192 = ORIENTED_EDGE('',*,*,#1186,.T.);
#1193 = CYLINDRICAL_SURFACE('',#1194,12.5);
#1194 = AXIS2_PLACEMENT_3D('',#1195,#1196,#1197);
#1195 = CARTESIAN_POINT('',(-17.5,-17.5,47.));
#1196 = DIRECTION('',(0.,0.,1.));
#1197 = DIRECTION('',(1.,0.,-0.));
#1198 = ADVANCED_FACE('',(#1199),#1227,.F.);
#1199 = FACE_BOUND('',#1200,.F.);
#1200 = EDGE_LOOP('',(#1201,#1212,#1218,#1219,#1220));
#1201 = ORIENTED_EDGE('',*,*,#1202,.T.);
#1202 = EDGE_CURVE('',#1203,#1205,#1207,.T.);
#1203 = VERTEX_POINT('',#1204);
#1204 = CARTESIAN_POINT('',(-1.7,-46.,50.));
#1205 = VERTEX_POINT('',#1206);
#1206 = CARTESIAN_POINT('',(1.7,-46.,50.));
#1207 = CIRCLE('',#1208,1.7);
#1208 = AXIS2_PLACEMENT_3D('',#1209,#1210,#1211);
#1209 = CARTESIAN_POINT('',(0.,-46.,50.));
#1210 = DIRECTION('',(0.,0.,-1.));
#1211 = DIRECTION('',(-1.,0.,-0.));
#1212 = ORIENTED_EDGE('',*,*,#1213,.F.);
#1213 = EDGE_CURVE('',#276,#1205,#1214,.T.);
#1214 = LINE('',#1215,#1216);
#1215 = CARTESIAN_POINT('',(1.7,-46.,47.));
#1216 = VECTOR('',#1217,1.);
#1217 = DIRECTION('',(0.,0.,1.));
#1218 = ORIENTED_EDGE('',*,*,#275,.T.);
#1219 = ORIENTED_EDGE('',*,*,#1213,.T.);
#1220 = ORIENTED_EDGE('',*,*,#1221,.T.);
#1221 = EDGE_CURVE('',#1205,#1203,#1222,.T.);
#1222 = CIRCLE('',#1223,1.7);
#1223 = AXIS2_PLACEMENT_3D('',#1224,#1225,#1226);
#1224 = CARTESIAN_POINT('',(0.,-46.,50.));
#1225 = DIRECTION('',(0.,0.,-1.));
#1226 = DIRECTION('',(-1.,0.,-0.));
#1227 = CYLINDRICAL_SURFACE('',#1228,1.7);
#1228 = AXIS2_PLACEMENT_3D('',#1229,#1230,#1231);
#1229 = CARTESIAN_POINT('',(0.,-46.,47.));
#1230 = DIRECTION('',(0.,0.,1.));
#1231 = DIRECTION('',(1.,0.,-0.));
#1232 = ADVANCED_FACE('',(#1233),#1258,.F.);
#1233 = FACE_BOUND('',#1234,.F.);
#1234 = EDGE_LOOP('',(#1235,#1245,#1251,#1252));
#1235 = ORIENTED_EDGE('',*,*,#1236,.F.);
#1236 = EDGE_CURVE('',#1237,#1239,#1241,.T.);
#1237 = VERTEX_POINT('',#1238);
#1238 = CARTESIAN_POINT('',(3.6,-48.7,46.));
#1239 = VERTEX_POINT('',#1240);
#1240 = CARTESIAN_POINT('',(72.4,-48.7,46.));
#1241 = LINE('',#1242,#1243);
#1242 = CARTESIAN_POINT('',(-76.,-48.7,46.));
#1243 = VECTOR('',#1244,1.);
#1244 = DIRECTION('',(1.,0.,0.));
#1245 = ORIENTED_EDGE('',*,*,#1246,.T.);
#1246 = EDGE_CURVE('',#1237,#287,#1247,.T.);
#1247 = LINE('',#1248,#1249);
#1248 = CARTESIAN_POINT('',(3.6,-48.7,45.));
#1249 = VECTOR('',#1250,1.);
#1250 = DIRECTION('',(0.,0.,1.));
#1251 = ORIENTED_EDGE('',*,*,#286,.T.);
#1252 = ORIENTED_EDGE('',*,*,#1253,.F.);
#1253 = EDGE_CURVE('',#1239,#289,#1254,.T.);
#1254 = LINE('',#1255,#1256);
#1255 = CARTESIAN_POINT('',(72.4,-48.7,45.));
#1256 = VECTOR('',#1257,1.);
#1257 = DIRECTION('',(0.,0.,1.));
#1258 = PLANE('',#1259);
#1259 = AXIS2_PLACEMENT_3D('',#1260,#1261,#1262);
#1260 = CARTESIAN_POINT('',(-76.,-48.7,46.));
#1261 = DIRECTION('',(0.,1.,0.));
#1262 = DIRECTION('',(1.,0.,0.));
#1263 = ADVANCED_FACE('',(#1264),#1283,.F.);
#1264 = FACE_BOUND('',#1265,.F.);
#1265 = EDGE_LOOP('',(#1266,#1267,#1276,#1282));
#1266 = ORIENTED_EDGE('',*,*,#1246,.F.);
#1267 = ORIENTED_EDGE('',*,*,#1268,.T.);
#1268 = EDGE_CURVE('',#1237,#1269,#1271,.T.);
#1269 = VERTEX_POINT('',#1270);
#1270 = CARTESIAN_POINT('',(4.445222154179,-46.7,46.));
#1271 = CIRCLE('',#1272,4.5);
#1272 = AXIS2_PLACEMENT_3D('',#1273,#1274,#1275);
#1273 = CARTESIAN_POINT('',(0.,-46.,46.));
#1274 = DIRECTION('',(0.,0.,1.));
#1275 = DIRECTION('',(1.,0.,-0.));
#1276 = ORIENTED_EDGE('',*,*,#1277,.T.);
#1277 = EDGE_CURVE('',#1269,#297,#1278,.T.);
#1278 = LINE('',#1279,#1280);
#1279 = CARTESIAN_POINT('',(4.445222154179,-46.7,45.));
#1280 = VECTOR('',#1281,1.);
#1281 = DIRECTION('',(0.,0.,1.));
#1282 = ORIENTED_EDGE('',*,*,#296,.F.);
#1283 = CYLINDRICAL_SURFACE('',#1284,4.5);
#1284 = AXIS2_PLACEMENT_3D('',#1285,#1286,#1287);
#1285 = CARTESIAN_POINT('',(0.,-46.,45.));
#1286 = DIRECTION('',(0.,0.,1.));
#1287 = DIRECTION('',(1.,0.,-0.));
#1288 = ADVANCED_FACE('',(#1289),#1308,.F.);
#1289 = FACE_BOUND('',#1290,.F.);
#1290 = EDGE_LOOP('',(#1291,#1300,#1301,#1302));
#1291 = ORIENTED_EDGE('',*,*,#1292,.T.);
#1292 = EDGE_CURVE('',#1293,#1239,#1295,.T.);
#1293 = VERTEX_POINT('',#1294);
#1294 = CARTESIAN_POINT('',(71.554777845821,-46.7,46.));
#1295 = CIRCLE('',#1296,4.5);
#1296 = AXIS2_PLACEMENT_3D('',#1297,#1298,#1299);
#1297 = CARTESIAN_POINT('',(76.,-46.,46.));
#1298 = DIRECTION('',(0.,0.,1.));
#1299 = DIRECTION('',(1.,0.,-0.));
#1300 = ORIENTED_EDGE('',*,*,#1253,.T.);
#1301 = ORIENTED_EDGE('',*,*,#313,.F.);
#1302 = ORIENTED_EDGE('',*,*,#1303,.F.);
#1303 = EDGE_CURVE('',#1293,#306,#1304,.T.);
#1304 = LINE('',#1305,#1306);
#1305 = CARTESIAN_POINT('',(71.554777845821,-46.7,45.));
#1306 = VECTOR('',#1307,1.);
#1307 = DIRECTION('',(0.,0.,1.));
#1308 = CYLINDRICAL_SURFACE('',#1309,4.5);
#1309 = AXIS2_PLACEMENT_3D('',#1310,#1311,#1312);
#1310 = CARTESIAN_POINT('',(76.,-46.,45.));
#1311 = DIRECTION('',(0.,0.,1.));
#1312 = DIRECTION('',(1.,0.,-0.));
#1313 = ADVANCED_FACE('',(#1314),#1325,.T.);
#1314 = FACE_BOUND('',#1315,.T.);
#1315 = EDGE_LOOP('',(#1316,#1317,#1323,#1324));
#1316 = ORIENTED_EDGE('',*,*,#1303,.F.);
#1317 = ORIENTED_EDGE('',*,*,#1318,.T.);
#1318 = EDGE_CURVE('',#1293,#1269,#1319,.T.);
#1319 = LINE('',#1320,#1321);
#1320 = CARTESIAN_POINT('',(-38.,-46.7,46.));
#1321 = VECTOR('',#1322,1.);
#1322 = DIRECTION('',(-1.,0.,0.));
#1323 = ORIENTED_EDGE('',*,*,#1277,.T.);
#1324 = ORIENTED_EDGE('',*,*,#305,.F.);
#1325 = PLANE('',#1326);
#1326 = AXIS2_PLACEMENT_3D('',#1327,#1328,#1329);
#1327 = CARTESIAN_POINT('',(-76.,-46.7,45.));
#1328 = DIRECTION('',(0.,1.,0.));
#1329 = DIRECTION('',(1.,0.,0.));
#1330 = ADVANCED_FACE('',(#1331),#1359,.F.);
#1331 = FACE_BOUND('',#1332,.F.);
#1332 = EDGE_LOOP('',(#1333,#1344,#1350,#1351,#1352));
#1333 = ORIENTED_EDGE('',*,*,#1334,.T.);
#1334 = EDGE_CURVE('',#1335,#1337,#1339,.T.);
#1335 = VERTEX_POINT('',#1336);
#1336 = CARTESIAN_POINT('',(74.3,-46.,50.));
#1337 = VERTEX_POINT('',#1338);
#1338 = CARTESIAN_POINT('',(77.7,-46.,50.));
#1339 = CIRCLE('',#1340,1.7);
#1340 = AXIS2_PLACEMENT_3D('',#1341,#1342,#1343);
#1341 = CARTESIAN_POINT('',(76.,-46.,50.));
#1342 = DIRECTION('',(0.,0.,-1.));
#1343 = DIRECTION('',(-1.,0.,-0.));
#1344 = ORIENTED_EDGE('',*,*,#1345,.F.);
#1345 = EDGE_CURVE('',#323,#1337,#1346,.T.);
#1346 = LINE('',#1347,#1348);
#1347 = CARTESIAN_POINT('',(77.7,-46.,47.));
#1348 = VECTOR('',#1349,1.);
#1349 = DIRECTION('',(0.,0.,1.));
#1350 = ORIENTED_EDGE('',*,*,#322,.T.);
#1351 = ORIENTED_EDGE('',*,*,#1345,.T.);
#1352 = ORIENTED_EDGE('',*,*,#1353,.T.);
#1353 = EDGE_CURVE('',#1337,#1335,#1354,.T.);
#1354 = CIRCLE('',#1355,1.7);
#1355 = AXIS2_PLACEMENT_3D('',#1356,#1357,#1358);
#1356 = CARTESIAN_POINT('',(76.,-46.,50.));
#1357 = DIRECTION('',(0.,0.,-1.));
#1358 = DIRECTION('',(-1.,0.,-0.));
#1359 = CYLINDRICAL_SURFACE('',#1360,1.7);
#1360 = AXIS2_PLACEMENT_3D('',#1361,#1362,#1363);
#1361 = CARTESIAN_POINT('',(76.,-46.,47.));
#1362 = DIRECTION('',(0.,0.,1.));
#1363 = DIRECTION('',(1.,0.,-0.));
#1364 = ADVANCED_FACE('',(#1365),#1390,.F.);
#1365 = FACE_BOUND('',#1366,.F.);
#1366 = EDGE_LOOP('',(#1367,#1377,#1383,#1384));
#1367 = ORIENTED_EDGE('',*,*,#1368,.F.);
#1368 = EDGE_CURVE('',#1369,#1371,#1373,.T.);
#1369 = VERTEX_POINT('',#1370);
#1370 = CARTESIAN_POINT('',(78.7,-42.4,46.));
#1371 = VERTEX_POINT('',#1372);
#1372 = CARTESIAN_POINT('',(78.7,-25.255,46.));
#1373 = LINE('',#1374,#1375);
#1374 = CARTESIAN_POINT('',(78.7,-46.,46.));
#1375 = VECTOR('',#1376,1.);
#1376 = DIRECTION('',(0.,1.,0.));
#1377 = ORIENTED_EDGE('',*,*,#1378,.T.);
#1378 = EDGE_CURVE('',#1369,#334,#1379,.T.);
#1379 = LINE('',#1380,#1381);
#1380 = CARTESIAN_POINT('',(78.7,-42.4,45.));
#1381 = VECTOR('',#1382,1.);
#1382 = DIRECTION('',(0.,0.,1.));
#1383 = ORIENTED_EDGE('',*,*,#333,.T.);
#1384 = ORIENTED_EDGE('',*,*,#1385,.T.);
#1385 = EDGE_CURVE('',#336,#1371,#1386,.T.);
#1386 = LINE('',#1387,#1388);
#1387 = CARTESIAN_POINT('',(78.7,-25.255,45.5));
#1388 = VECTOR('',#1389,1.);
#1389 = DIRECTION('',(0.,0.,-1.));
#1390 = PLANE('',#1391);
#1391 = AXIS2_PLACEMENT_3D('',#1392,#1393,#1394);
#1392 = CARTESIAN_POINT('',(78.7,-46.,46.));
#1393 = DIRECTION('',(-1.,0.,0.));
#1394 = DIRECTION('',(0.,1.,0.));
#1395 = ADVANCED_FACE('',(#1396),#1415,.F.);
#1396 = FACE_BOUND('',#1397,.F.);
#1397 = EDGE_LOOP('',(#1398,#1399,#1408,#1414));
#1398 = ORIENTED_EDGE('',*,*,#1378,.F.);
#1399 = ORIENTED_EDGE('',*,*,#1400,.T.);
#1400 = EDGE_CURVE('',#1369,#1401,#1403,.T.);
#1401 = VERTEX_POINT('',#1402);
#1402 = CARTESIAN_POINT('',(76.7,-41.55477784582,46.));
#1403 = CIRCLE('',#1404,4.5);
#1404 = AXIS2_PLACEMENT_3D('',#1405,#1406,#1407);
#1405 = CARTESIAN_POINT('',(76.,-46.,46.));
#1406 = DIRECTION('',(0.,0.,1.));
#1407 = DIRECTION('',(1.,0.,-0.));
#1408 = ORIENTED_EDGE('',*,*,#1409,.T.);
#1409 = EDGE_CURVE('',#1401,#344,#1410,.T.);
#1410 = LINE('',#1411,#1412);
#1411 = CARTESIAN_POINT('',(76.7,-41.55477784582,45.));
#1412 = VECTOR('',#1413,1.);
#1413 = DIRECTION('',(0.,0.,1.));
#1414 = ORIENTED_EDGE('',*,*,#343,.F.);
#1415 = CYLINDRICAL_SURFACE('',#1416,4.5);
#1416 = AXIS2_PLACEMENT_3D('',#1417,#1418,#1419);
#1417 = CARTESIAN_POINT('',(76.,-46.,45.));
#1418 = DIRECTION('',(0.,0.,1.));
#1419 = DIRECTION('',(1.,0.,-0.));
#1420 = ADVANCED_FACE('',(#1421),#1439,.T.);
#1421 = FACE_BOUND('',#1422,.T.);
#1422 = EDGE_LOOP('',(#1423,#1431,#1437,#1438));
#1423 = ORIENTED_EDGE('',*,*,#1424,.T.);
#1424 = EDGE_CURVE('',#1371,#1425,#1427,.T.);
#1425 = VERTEX_POINT('',#1426);
#1426 = CARTESIAN_POINT('',(76.7,-25.255,46.));
#1427 = LINE('',#1428,#1429);
#1428 = CARTESIAN_POINT('',(38.35,-25.255,46.));
#1429 = VECTOR('',#1430,1.);
#1430 = DIRECTION('',(-1.,-0.,0.));
#1431 = ORIENTED_EDGE('',*,*,#1432,.T.);
#1432 = EDGE_CURVE('',#1425,#353,#1433,.T.);
#1433 = LINE('',#1434,#1435);
#1434 = CARTESIAN_POINT('',(76.7,-25.255,45.));
#1435 = VECTOR('',#1436,1.);
#1436 = DIRECTION('',(0.,0.,1.));
#1437 = ORIENTED_EDGE('',*,*,#360,.F.);
#1438 = ORIENTED_EDGE('',*,*,#1385,.T.);
#1439 = PLANE('',#1440);
#1440 = AXIS2_PLACEMENT_3D('',#1441,#1442,#1443);
#1441 = CARTESIAN_POINT('',(76.7,-25.255,45.));
#1442 = DIRECTION('',(-0.,1.,0.));
#1443 = DIRECTION('',(0.,0.,1.));
#1444 = ADVANCED_FACE('',(#1445),#1456,.T.);
#1445 = FACE_BOUND('',#1446,.T.);
#1446 = EDGE_LOOP('',(#1447,#1448,#1454,#1455));
#1447 = ORIENTED_EDGE('',*,*,#1432,.F.);
#1448 = ORIENTED_EDGE('',*,*,#1449,.T.);
#1449 = EDGE_CURVE('',#1425,#1401,#1450,.T.);
#1450 = LINE('',#1451,#1452);
#1451 = CARTESIAN_POINT('',(76.7,-23.,46.));
#1452 = VECTOR('',#1453,1.);
#1453 = DIRECTION('',(0.,-1.,0.));
#1454 = ORIENTED_EDGE('',*,*,#1409,.T.);
#1455 = ORIENTED_EDGE('',*,*,#352,.F.);
#1456 = PLANE('',#1457);
#1457 = AXIS2_PLACEMENT_3D('',#1458,#1459,#1460);
#1458 = CARTESIAN_POINT('',(76.7,-46.,45.));
#1459 = DIRECTION('',(-1.,0.,0.));
#1460 = DIRECTION('',(0.,1.,0.));
#1461 = ADVANCED_FACE('',(#1462),#1481,.F.);
#1462 = FACE_BOUND('',#1463,.F.);
#1463 = EDGE_LOOP('',(#1464,#1473,#1479,#1480));
#1464 = ORIENTED_EDGE('',*,*,#1465,.F.);
#1465 = EDGE_CURVE('',#1466,#1466,#1468,.T.);
#1466 = VERTEX_POINT('',#1467);
#1467 = CARTESIAN_POINT('',(30.,-17.5,49.4));
#1468 = CIRCLE('',#1469,12.5);
#1469 = AXIS2_PLACEMENT_3D('',#1470,#1471,#1472);
#1470 = CARTESIAN_POINT('',(17.5,-17.5,49.4));
#1471 = DIRECTION('',(0.,0.,1.));
#1472 = DIRECTION('',(1.,0.,-0.));
#1473 = ORIENTED_EDGE('',*,*,#1474,.F.);
#1474 = EDGE_CURVE('',#369,#1466,#1475,.T.);
#1475 = LINE('',#1476,#1477);
#1476 = CARTESIAN_POINT('',(30.,-17.5,47.));
#1477 = VECTOR('',#1478,1.);
#1478 = DIRECTION('',(0.,0.,1.));
#1479 = ORIENTED_EDGE('',*,*,#368,.T.);
#1480 = ORIENTED_EDGE('',*,*,#1474,.T.);
#1481 = CYLINDRICAL_SURFACE('',#1482,12.5);
#1482 = AXIS2_PLACEMENT_3D('',#1483,#1484,#1485);
#1483 = CARTESIAN_POINT('',(17.5,-17.5,47.));
#1484 = DIRECTION('',(0.,0.,1.));
#1485 = DIRECTION('',(1.,0.,-0.));
#1486 = ADVANCED_FACE('',(#1487),#1506,.F.);
#1487 = FACE_BOUND('',#1488,.F.);
#1488 = EDGE_LOOP('',(#1489,#1498,#1504,#1505));
#1489 = ORIENTED_EDGE('',*,*,#1490,.F.);
#1490 = EDGE_CURVE('',#1491,#1491,#1493,.T.);
#1491 = VERTEX_POINT('',#1492);
#1492 = CARTESIAN_POINT('',(65.,-17.5,49.4));
#1493 = CIRCLE('',#1494,12.5);
#1494 = AXIS2_PLACEMENT_3D('',#1495,#1496,#1497);
#1495 = CARTESIAN_POINT('',(52.5,-17.5,49.4));
#1496 = DIRECTION('',(0.,0.,1.));
#1497 = DIRECTION('',(1.,0.,-0.));
#1498 = ORIENTED_EDGE('',*,*,#1499,.F.);
#1499 = EDGE_CURVE('',#380,#1491,#1500,.T.);
#1500 = LINE('',#1501,#1502);
#1501 = CARTESIAN_POINT('',(65.,-17.5,47.));
#1502 = VECTOR('',#1503,1.);
#1503 = DIRECTION('',(0.,0.,1.));
#1504 = ORIENTED_EDGE('',*,*,#379,.T.);
#1505 = ORIENTED_EDGE('',*,*,#1499,.T.);
#1506 = CYLINDRICAL_SURFACE('',#1507,12.5);
#1507 = AXIS2_PLACEMENT_3D('',#1508,#1509,#1510);
#1508 = CARTESIAN_POINT('',(52.5,-17.5,47.));
#1509 = DIRECTION('',(0.,0.,1.));
#1510 = DIRECTION('',(1.,0.,-0.));
#1511 = ADVANCED_FACE('',(#1512),#1531,.F.);
#1512 = FACE_BOUND('',#1513,.F.);
#1513 = EDGE_LOOP('',(#1514,#1523,#1529,#1530));
#1514 = ORIENTED_EDGE('',*,*,#1515,.F.);
#1515 = EDGE_CURVE('',#1516,#1516,#1518,.T.);
#1516 = VERTEX_POINT('',#1517);
#1517 = CARTESIAN_POINT('',(-40.,17.5,49.4));
#1518 = CIRCLE('',#1519,12.5);
#1519 = AXIS2_PLACEMENT_3D('',#1520,#1521,#1522);
#1520 = CARTESIAN_POINT('',(-52.5,17.5,49.4));
#1521 = DIRECTION('',(0.,0.,1.));
#1522 = DIRECTION('',(1.,0.,-0.));
#1523 = ORIENTED_EDGE('',*,*,#1524,.F.);
#1524 = EDGE_CURVE('',#391,#1516,#1525,.T.);
#1525 = LINE('',#1526,#1527);
#1526 = CARTESIAN_POINT('',(-40.,17.5,47.));
#1527 = VECTOR('',#1528,1.);
#1528 = DIRECTION('',(0.,0.,1.));
#1529 = ORIENTED_EDGE('',*,*,#390,.T.);
#1530 = ORIENTED_EDGE('',*,*,#1524,.T.);
#1531 = CYLINDRICAL_SURFACE('',#1532,12.5);
#1532 = AXIS2_PLACEMENT_3D('',#1533,#1534,#1535);
#1533 = CARTESIAN_POINT('',(-52.5,17.5,47.));
#1534 = DIRECTION('',(0.,0.,1.));
#1535 = DIRECTION('',(1.,0.,-0.));
#1536 = ADVANCED_FACE('',(#1537),#1556,.F.);
#1537 = FACE_BOUND('',#1538,.F.);
#1538 = EDGE_LOOP('',(#1539,#1548,#1554,#1555));
#1539 = ORIENTED_EDGE('',*,*,#1540,.F.);
#1540 = EDGE_CURVE('',#1541,#1541,#1543,.T.);
#1541 = VERTEX_POINT('',#1542);
#1542 = CARTESIAN_POINT('',(-5.,17.5,49.4));
#1543 = CIRCLE('',#1544,12.5);
#1544 = AXIS2_PLACEMENT_3D('',#1545,#1546,#1547);
#1545 = CARTESIAN_POINT('',(-17.5,17.5,49.4));
#1546 = DIRECTION('',(0.,0.,1.));
#1547 = DIRECTION('',(1.,0.,-0.));
#1548 = ORIENTED_EDGE('',*,*,#1549,.F.);
#1549 = EDGE_CURVE('',#402,#1541,#1550,.T.);
#1550 = LINE('',#1551,#1552);
#1551 = CARTESIAN_POINT('',(-5.,17.5,47.));
#1552 = VECTOR('',#1553,1.);
#1553 = DIRECTION('',(0.,0.,1.));
#1554 = ORIENTED_EDGE('',*,*,#401,.T.);
#1555 = ORIENTED_EDGE('',*,*,#1549,.T.);
#1556 = CYLINDRICAL_SURFACE('',#1557,12.5);
#1557 = AXIS2_PLACEMENT_3D('',#1558,#1559,#1560);
#1558 = CARTESIAN_POINT('',(-17.5,17.5,47.));
#1559 = DIRECTION('',(0.,0.,1.));
#1560 = DIRECTION('',(1.,0.,-0.));
#1561 = ADVANCED_FACE('',(#1562),#1587,.F.);
#1562 = FACE_BOUND('',#1563,.F.);
#1563 = EDGE_LOOP('',(#1564,#1574,#1580,#1581));
#1564 = ORIENTED_EDGE('',*,*,#1565,.F.);
#1565 = EDGE_CURVE('',#1566,#1568,#1570,.T.);
#1566 = VERTEX_POINT('',#1567);
#1567 = CARTESIAN_POINT('',(-78.7,42.4,46.));
#1568 = VERTEX_POINT('',#1569);
#1569 = CARTESIAN_POINT('',(-78.7,25.255,46.));
#1570 = LINE('',#1571,#1572);
#1571 = CARTESIAN_POINT('',(-78.7,46.,46.));
#1572 = VECTOR('',#1573,1.);
#1573 = DIRECTION('',(0.,-1.,0.));
#1574 = ORIENTED_EDGE('',*,*,#1575,.T.);
#1575 = EDGE_CURVE('',#1566,#413,#1576,.T.);
#1576 = LINE('',#1577,#1578);
#1577 = CARTESIAN_POINT('',(-78.7,42.4,45.));
#1578 = VECTOR('',#1579,1.);
#1579 = DIRECTION('',(0.,0.,1.));
#1580 = ORIENTED_EDGE('',*,*,#412,.T.);
#1581 = ORIENTED_EDGE('',*,*,#1582,.F.);
#1582 = EDGE_CURVE('',#1568,#415,#1583,.T.);
#1583 = LINE('',#1584,#1585);
#1584 = CARTESIAN_POINT('',(-78.7,25.255,45.5));
#1585 = VECTOR('',#1586,1.);
#1586 = DIRECTION('',(0.,0.,1.));
#1587 = PLANE('',#1588);
#1588 = AXIS2_PLACEMENT_3D('',#1589,#1590,#1591);
#1589 = CARTESIAN_POINT('',(-78.7,46.,46.));
#1590 = DIRECTION('',(1.,0.,-0.));
#1591 = DIRECTION('',(0.,-1.,0.));
#1592 = ADVANCED_FACE('',(#1593),#1612,.F.);
#1593 = FACE_BOUND('',#1594,.F.);
#1594 = EDGE_LOOP('',(#1595,#1596,#1605,#1611));
#1595 = ORIENTED_EDGE('',*,*,#1575,.F.);
#1596 = ORIENTED_EDGE('',*,*,#1597,.T.);
#1597 = EDGE_CURVE('',#1566,#1598,#1600,.T.);
#1598 = VERTEX_POINT('',#1599);
#1599 = CARTESIAN_POINT('',(-76.7,41.554777845821,46.));
#1600 = CIRCLE('',#1601,4.5);
#1601 = AXIS2_PLACEMENT_3D('',#1602,#1603,#1604);
#1602 = CARTESIAN_POINT('',(-76.,46.,46.));
#1603 = DIRECTION('',(0.,0.,1.));
#1604 = DIRECTION('',(1.,0.,-0.));
#1605 = ORIENTED_EDGE('',*,*,#1606,.T.);
#1606 = EDGE_CURVE('',#1598,#423,#1607,.T.);
#1607 = LINE('',#1608,#1609);
#1608 = CARTESIAN_POINT('',(-76.7,41.554777845821,45.));
#1609 = VECTOR('',#1610,1.);
#1610 = DIRECTION('',(0.,0.,1.));
#1611 = ORIENTED_EDGE('',*,*,#422,.F.);
#1612 = CYLINDRICAL_SURFACE('',#1613,4.5);
#1613 = AXIS2_PLACEMENT_3D('',#1614,#1615,#1616);
#1614 = CARTESIAN_POINT('',(-76.,46.,45.));
#1615 = DIRECTION('',(0.,0.,1.));
#1616 = DIRECTION('',(1.,0.,-0.));
#1617 = ADVANCED_FACE('',(#1618),#1636,.F.);
#1618 = FACE_BOUND('',#1619,.F.);
#1619 = EDGE_LOOP('',(#1620,#1628,#1634,#1635));
#1620 = ORIENTED_EDGE('',*,*,#1621,.F.);
#1621 = EDGE_CURVE('',#1622,#432,#1624,.T.);
#1622 = VERTEX_POINT('',#1623);
#1623 = CARTESIAN_POINT('',(-76.7,25.255,46.));
#1624 = LINE('',#1625,#1626);
#1625 = CARTESIAN_POINT('',(-76.7,25.255,45.));
#1626 = VECTOR('',#1627,1.);
#1627 = DIRECTION('',(0.,0.,1.));
#1628 = ORIENTED_EDGE('',*,*,#1629,.T.);
#1629 = EDGE_CURVE('',#1622,#1568,#1630,.T.);
#1630 = LINE('',#1631,#1632);
#1631 = CARTESIAN_POINT('',(-44.5,25.255,46.));
#1632 = VECTOR('',#1633,1.);
#1633 = DIRECTION('',(-1.,-0.,0.));
#1634 = ORIENTED_EDGE('',*,*,#1582,.T.);
#1635 = ORIENTED_EDGE('',*,*,#439,.F.);
#1636 = PLANE('',#1637);
#1637 = AXIS2_PLACEMENT_3D('',#1638,#1639,#1640);
#1638 = CARTESIAN_POINT('',(-89.,25.255,45.));
#1639 = DIRECTION('',(-0.,1.,0.));
#1640 = DIRECTION('',(0.,0.,1.));
#1641 = ADVANCED_FACE('',(#1642),#1653,.T.);
#1642 = FACE_BOUND('',#1643,.T.);
#1643 = EDGE_LOOP('',(#1644,#1645,#1651,#1652));
#1644 = ORIENTED_EDGE('',*,*,#1621,.F.);
#1645 = ORIENTED_EDGE('',*,*,#1646,.T.);
#1646 = EDGE_CURVE('',#1622,#1598,#1647,.T.);
#1647 = LINE('',#1648,#1649);
#1648 = CARTESIAN_POINT('',(-76.7,23.,46.));
#1649 = VECTOR('',#1650,1.);
#1650 = DIRECTION('',(-0.,1.,0.));
#1651 = ORIENTED_EDGE('',*,*,#1606,.T.);
#1652 = ORIENTED_EDGE('',*,*,#431,.F.);
#1653 = PLANE('',#1654);
#1654 = AXIS2_PLACEMENT_3D('',#1655,#1656,#1657);
#1655 = CARTESIAN_POINT('',(-76.7,46.,45.));
#1656 = DIRECTION('',(1.,0.,-0.));
#1657 = DIRECTION('',(0.,-1.,0.));
#1658 = ADVANCED_FACE('',(#1659),#1687,.F.);
#1659 = FACE_BOUND('',#1660,.F.);
#1660 = EDGE_LOOP('',(#1661,#1672,#1678,#1679,#1680));
#1661 = ORIENTED_EDGE('',*,*,#1662,.T.);
#1662 = EDGE_CURVE('',#1663,#1665,#1667,.T.);
#1663 = VERTEX_POINT('',#1664);
#1664 = CARTESIAN_POINT('',(-77.7,46.,50.));
#1665 = VERTEX_POINT('',#1666);
#1666 = CARTESIAN_POINT('',(-74.3,46.,50.));
#1667 = CIRCLE('',#1668,1.7);
#1668 = AXIS2_PLACEMENT_3D('',#1669,#1670,#1671);
#1669 = CARTESIAN_POINT('',(-76.,46.,50.));
#1670 = DIRECTION('',(0.,0.,-1.));
#1671 = DIRECTION('',(-1.,0.,-0.));
#1672 = ORIENTED_EDGE('',*,*,#1673,.F.);
#1673 = EDGE_CURVE('',#448,#1665,#1674,.T.);
#1674 = LINE('',#1675,#1676);
#1675 = CARTESIAN_POINT('',(-74.3,46.,47.));
#1676 = VECTOR('',#1677,1.);
#1677 = DIRECTION('',(0.,0.,1.));
#1678 = ORIENTED_EDGE('',*,*,#447,.T.);
#1679 = ORIENTED_EDGE('',*,*,#1673,.T.);
#1680 = ORIENTED_EDGE('',*,*,#1681,.T.);
#1681 = EDGE_CURVE('',#1665,#1663,#1682,.T.);
#1682 = CIRCLE('',#1683,1.7);
#1683 = AXIS2_PLACEMENT_3D('',#1684,#1685,#1686);
#1684 = CARTESIAN_POINT('',(-76.,46.,50.));
#1685 = DIRECTION('',(0.,0.,-1.));
#1686 = DIRECTION('',(-1.,0.,-0.));
#1687 = CYLINDRICAL_SURFACE('',#1688,1.7);
#1688 = AXIS2_PLACEMENT_3D('',#1689,#1690,#1691);
#1689 = CARTESIAN_POINT('',(-76.,46.,47.));
#1690 = DIRECTION('',(0.,0.,1.));
#1691 = DIRECTION('',(1.,0.,-0.));
#1692 = ADVANCED_FACE('',(#1693),#1718,.F.);
#1693 = FACE_BOUND('',#1694,.F.);
#1694 = EDGE_LOOP('',(#1695,#1705,#1711,#1712));
#1695 = ORIENTED_EDGE('',*,*,#1696,.F.);
#1696 = EDGE_CURVE('',#1697,#1699,#1701,.T.);
#1697 = VERTEX_POINT('',#1698);
#1698 = CARTESIAN_POINT('',(-3.6,48.7,46.));
#1699 = VERTEX_POINT('',#1700);
#1700 = CARTESIAN_POINT('',(-72.4,48.7,46.));
#1701 = LINE('',#1702,#1703);
#1702 = CARTESIAN_POINT('',(76.,48.7,46.));
#1703 = VECTOR('',#1704,1.);
#1704 = DIRECTION('',(-1.,0.,0.));
#1705 = ORIENTED_EDGE('',*,*,#1706,.T.);
#1706 = EDGE_CURVE('',#1697,#459,#1707,.T.);
#1707 = LINE('',#1708,#1709);
#1708 = CARTESIAN_POINT('',(-3.6,48.7,45.));
#1709 = VECTOR('',#1710,1.);
#1710 = DIRECTION('',(0.,0.,1.));
#1711 = ORIENTED_EDGE('',*,*,#458,.T.);
#1712 = ORIENTED_EDGE('',*,*,#1713,.F.);
#1713 = EDGE_CURVE('',#1699,#461,#1714,.T.);
#1714 = LINE('',#1715,#1716);
#1715 = CARTESIAN_POINT('',(-72.4,48.7,45.));
#1716 = VECTOR('',#1717,1.);
#1717 = DIRECTION('',(0.,0.,1.));
#1718 = PLANE('',#1719);
#1719 = AXIS2_PLACEMENT_3D('',#1720,#1721,#1722);
#1720 = CARTESIAN_POINT('',(76.,48.7,46.));
#1721 = DIRECTION('',(0.,-1.,0.));
#1722 = DIRECTION('',(-1.,0.,0.));
#1723 = ADVANCED_FACE('',(#1724),#1743,.F.);
#1724 = FACE_BOUND('',#1725,.F.);
#1725 = EDGE_LOOP('',(#1726,#1727,#1736,#1742));
#1726 = ORIENTED_EDGE('',*,*,#1706,.F.);
#1727 = ORIENTED_EDGE('',*,*,#1728,.T.);
#1728 = EDGE_CURVE('',#1697,#1729,#1731,.T.);
#1729 = VERTEX_POINT('',#1730);
#1730 = CARTESIAN_POINT('',(-4.445222154179,46.7,46.));
#1731 = CIRCLE('',#1732,4.5);
#1732 = AXIS2_PLACEMENT_3D('',#1733,#1734,#1735);
#1733 = CARTESIAN_POINT('',(0.,46.,46.));
#1734 = DIRECTION('',(0.,0.,1.));
#1735 = DIRECTION('',(1.,0.,-0.));
#1736 = ORIENTED_EDGE('',*,*,#1737,.T.);
#1737 = EDGE_CURVE('',#1729,#469,#1738,.T.);
#1738 = LINE('',#1739,#1740);
#1739 = CARTESIAN_POINT('',(-4.445222154179,46.7,45.));
#1740 = VECTOR('',#1741,1.);
#1741 = DIRECTION('',(0.,0.,1.));
#1742 = ORIENTED_EDGE('',*,*,#468,.F.);
#1743 = CYLINDRICAL_SURFACE('',#1744,4.5);
#1744 = AXIS2_PLACEMENT_3D('',#1745,#1746,#1747);
#1745 = CARTESIAN_POINT('',(0.,46.,45.));
#1746 = DIRECTION('',(0.,0.,1.));
#1747 = DIRECTION('',(1.,0.,-0.));
#1748 = ADVANCED_FACE('',(#1749),#1768,.F.);
#1749 = FACE_BOUND('',#1750,.F.);
#1750 = EDGE_LOOP('',(#1751,#1759,#1766,#1767));
#1751 = ORIENTED_EDGE('',*,*,#1752,.F.);
#1752 = EDGE_CURVE('',#1753,#478,#1755,.T.);
#1753 = VERTEX_POINT('',#1754);
#1754 = CARTESIAN_POINT('',(-71.55477784582,46.7,46.));
#1755 = LINE('',#1756,#1757);
#1756 = CARTESIAN_POINT('',(-71.55477784582,46.7,45.));
#1757 = VECTOR('',#1758,1.);
#1758 = DIRECTION('',(0.,0.,1.));
#1759 = ORIENTED_EDGE('',*,*,#1760,.T.);
#1760 = EDGE_CURVE('',#1753,#1699,#1761,.T.);
#1761 = CIRCLE('',#1762,4.5);
#1762 = AXIS2_PLACEMENT_3D('',#1763,#1764,#1765);
#1763 = CARTESIAN_POINT('',(-76.,46.,46.));
#1764 = DIRECTION('',(0.,0.,1.));
#1765 = DIRECTION('',(1.,0.,-0.));
#1766 = ORIENTED_EDGE('',*,*,#1713,.T.);
#1767 = ORIENTED_EDGE('',*,*,#485,.F.);
#1768 = CYLINDRICAL_SURFACE('',#1769,4.5);
#1769 = AXIS2_PLACEMENT_3D('',#1770,#1771,#1772);
#1770 = CARTESIAN_POINT('',(-76.,46.,45.));
#1771 = DIRECTION('',(0.,0.,1.));
#1772 = DIRECTION('',(1.,0.,-0.));
#1773 = ADVANCED_FACE('',(#1774),#1785,.T.);
#1774 = FACE_BOUND('',#1775,.T.);
#1775 = EDGE_LOOP('',(#1776,#1777,#1783,#1784));
#1776 = ORIENTED_EDGE('',*,*,#1752,.F.);
#1777 = ORIENTED_EDGE('',*,*,#1778,.T.);
#1778 = EDGE_CURVE('',#1753,#1729,#1779,.T.);
#1779 = LINE('',#1780,#1781);
#1780 = CARTESIAN_POINT('',(38.,46.7,46.));
#1781 = VECTOR('',#1782,1.);
#1782 = DIRECTION('',(1.,0.,-0.));
#1783 = ORIENTED_EDGE('',*,*,#1737,.T.);
#1784 = ORIENTED_EDGE('',*,*,#477,.F.);
#1785 = PLANE('',#1786);
#1786 = AXIS2_PLACEMENT_3D('',#1787,#1788,#1789);
#1787 = CARTESIAN_POINT('',(76.,46.7,45.));
#1788 = DIRECTION('',(0.,-1.,0.));
#1789 = DIRECTION('',(-1.,0.,0.));
#1790 = ADVANCED_FACE('',(#1791),#1810,.F.);
#1791 = FACE_BOUND('',#1792,.F.);
#1792 = EDGE_LOOP('',(#1793,#1802,#1808,#1809));
#1793 = ORIENTED_EDGE('',*,*,#1794,.F.);
#1794 = EDGE_CURVE('',#1795,#1795,#1797,.T.);
#1795 = VERTEX_POINT('',#1796);
#1796 = CARTESIAN_POINT('',(30.,17.5,49.4));
#1797 = CIRCLE('',#1798,12.5);
#1798 = AXIS2_PLACEMENT_3D('',#1799,#1800,#1801);
#1799 = CARTESIAN_POINT('',(17.5,17.5,49.4));
#1800 = DIRECTION('',(0.,0.,1.));
#1801 = DIRECTION('',(1.,0.,-0.));
#1802 = ORIENTED_EDGE('',*,*,#1803,.F.);
#1803 = EDGE_CURVE('',#495,#1795,#1804,.T.);
#1804 = LINE('',#1805,#1806);
#1805 = CARTESIAN_POINT('',(30.,17.5,47.));
#1806 = VECTOR('',#1807,1.);
#1807 = DIRECTION('',(0.,0.,1.));
#1808 = ORIENTED_EDGE('',*,*,#494,.T.);
#1809 = ORIENTED_EDGE('',*,*,#1803,.T.);
#1810 = CYLINDRICAL_SURFACE('',#1811,12.5);
#1811 = AXIS2_PLACEMENT_3D('',#1812,#1813,#1814);
#1812 = CARTESIAN_POINT('',(17.5,17.5,47.));
#1813 = DIRECTION('',(0.,0.,1.));
#1814 = DIRECTION('',(1.,0.,-0.));
#1815 = ADVANCED_FACE('',(#1816),#1835,.F.);
#1816 = FACE_BOUND('',#1817,.F.);
#1817 = EDGE_LOOP('',(#1818,#1827,#1833,#1834));
#1818 = ORIENTED_EDGE('',*,*,#1819,.F.);
#1819 = EDGE_CURVE('',#1820,#1820,#1822,.T.);
#1820 = VERTEX_POINT('',#1821);
#1821 = CARTESIAN_POINT('',(65.,17.5,49.4));
#1822 = CIRCLE('',#1823,12.5);
#1823 = AXIS2_PLACEMENT_3D('',#1824,#1825,#1826);
#1824 = CARTESIAN_POINT('',(52.5,17.5,49.4));
#1825 = DIRECTION('',(0.,0.,1.));
#1826 = DIRECTION('',(1.,0.,-0.));
#1827 = ORIENTED_EDGE('',*,*,#1828,.F.);
#1828 = EDGE_CURVE('',#506,#1820,#1829,.T.);
#1829 = LINE('',#1830,#1831);
#1830 = CARTESIAN_POINT('',(65.,17.5,47.));
#1831 = VECTOR('',#1832,1.);
#1832 = DIRECTION('',(0.,0.,1.));
#1833 = ORIENTED_EDGE('',*,*,#505,.T.);
#1834 = ORIENTED_EDGE('',*,*,#1828,.T.);
#1835 = CYLINDRICAL_SURFACE('',#1836,12.5);
#1836 = AXIS2_PLACEMENT_3D('',#1837,#1838,#1839);
#1837 = CARTESIAN_POINT('',(52.5,17.5,47.));
#1838 = DIRECTION('',(0.,0.,1.));
#1839 = DIRECTION('',(1.,0.,-0.));
#1840 = ADVANCED_FACE('',(#1841),#1869,.F.);
#1841 = FACE_BOUND('',#1842,.F.);
#1842 = EDGE_LOOP('',(#1843,#1854,#1860,#1861,#1862));
#1843 = ORIENTED_EDGE('',*,*,#1844,.T.);
#1844 = EDGE_CURVE('',#1845,#1847,#1849,.T.);
#1845 = VERTEX_POINT('',#1846);
#1846 = CARTESIAN_POINT('',(-1.7,46.,50.));
#1847 = VERTEX_POINT('',#1848);
#1848 = CARTESIAN_POINT('',(1.7,46.,50.));
#1849 = CIRCLE('',#1850,1.7);
#1850 = AXIS2_PLACEMENT_3D('',#1851,#1852,#1853);
#1851 = CARTESIAN_POINT('',(0.,46.,50.));
#1852 = DIRECTION('',(0.,0.,-1.));
#1853 = DIRECTION('',(-1.,0.,-0.));
#1854 = ORIENTED_EDGE('',*,*,#1855,.F.);
#1855 = EDGE_CURVE('',#517,#1847,#1856,.T.);
#1856 = LINE('',#1857,#1858);
#1857 = CARTESIAN_POINT('',(1.7,46.,47.));
#1858 = VECTOR('',#1859,1.);
#1859 = DIRECTION('',(0.,0.,1.));
#1860 = ORIENTED_EDGE('',*,*,#516,.T.);
#1861 = ORIENTED_EDGE('',*,*,#1855,.T.);
#1862 = ORIENTED_EDGE('',*,*,#1863,.T.);
#1863 = EDGE_CURVE('',#1847,#1845,#1864,.T.);
#1864 = CIRCLE('',#1865,1.7);
#1865 = AXIS2_PLACEMENT_3D('',#1866,#1867,#1868);
#1866 = CARTESIAN_POINT('',(0.,46.,50.));
#1867 = DIRECTION('',(0.,0.,-1.));
#1868 = DIRECTION('',(-1.,0.,-0.));
#1869 = CYLINDRICAL_SURFACE('',#1870,1.7);
#1870 = AXIS2_PLACEMENT_3D('',#1871,#1872,#1873);
#1871 = CARTESIAN_POINT('',(0.,46.,47.));
#1872 = DIRECTION('',(0.,0.,1.));
#1873 = DIRECTION('',(1.,0.,-0.));
#1874 = ADVANCED_FACE('',(#1875),#1900,.F.);
#1875 = FACE_BOUND('',#1876,.F.);
#1876 = EDGE_LOOP('',(#1877,#1887,#1893,#1894));
#1877 = ORIENTED_EDGE('',*,*,#1878,.F.);
#1878 = EDGE_CURVE('',#1879,#1881,#1883,.T.);
#1879 = VERTEX_POINT('',#1880);
#1880 = CARTESIAN_POINT('',(72.4,48.7,46.));
#1881 = VERTEX_POINT('',#1882);
#1882 = CARTESIAN_POINT('',(3.6,48.7,46.));
#1883 = LINE('',#1884,#1885);
#1884 = CARTESIAN_POINT('',(76.,48.7,46.));
#1885 = VECTOR('',#1886,1.);
#1886 = DIRECTION('',(-1.,0.,0.));
#1887 = ORIENTED_EDGE('',*,*,#1888,.T.);
#1888 = EDGE_CURVE('',#1879,#528,#1889,.T.);
#1889 = LINE('',#1890,#1891);
#1890 = CARTESIAN_POINT('',(72.4,48.7,45.));
#1891 = VECTOR('',#1892,1.);
#1892 = DIRECTION('',(0.,0.,1.));
#1893 = ORIENTED_EDGE('',*,*,#527,.T.);
#1894 = ORIENTED_EDGE('',*,*,#1895,.F.);
#1895 = EDGE_CURVE('',#1881,#530,#1896,.T.);
#1896 = LINE('',#1897,#1898);
#1897 = CARTESIAN_POINT('',(3.6,48.7,45.));
#1898 = VECTOR('',#1899,1.);
#1899 = DIRECTION('',(0.,0.,1.));
#1900 = PLANE('',#1901);
#1901 = AXIS2_PLACEMENT_3D('',#1902,#1903,#1904);
#1902 = CARTESIAN_POINT('',(76.,48.7,46.));
#1903 = DIRECTION('',(0.,-1.,0.));
#1904 = DIRECTION('',(-1.,0.,0.));
#1905 = ADVANCED_FACE('',(#1906),#1925,.F.);
#1906 = FACE_BOUND('',#1907,.F.);
#1907 = EDGE_LOOP('',(#1908,#1909,#1918,#1924));
#1908 = ORIENTED_EDGE('',*,*,#1888,.F.);
#1909 = ORIENTED_EDGE('',*,*,#1910,.T.);
#1910 = EDGE_CURVE('',#1879,#1911,#1913,.T.);
#1911 = VERTEX_POINT('',#1912);
#1912 = CARTESIAN_POINT('',(71.554777845821,46.7,46.));
#1913 = CIRCLE('',#1914,4.5);
#1914 = AXIS2_PLACEMENT_3D('',#1915,#1916,#1917);
#1915 = CARTESIAN_POINT('',(76.,46.,46.));
#1916 = DIRECTION('',(0.,0.,1.));
#1917 = DIRECTION('',(1.,0.,-0.));
#1918 = ORIENTED_EDGE('',*,*,#1919,.T.);
#1919 = EDGE_CURVE('',#1911,#538,#1920,.T.);
#1920 = LINE('',#1921,#1922);
#1921 = CARTESIAN_POINT('',(71.554777845821,46.7,45.));
#1922 = VECTOR('',#1923,1.);
#1923 = DIRECTION('',(0.,0.,1.));
#1924 = ORIENTED_EDGE('',*,*,#537,.F.);
#1925 = CYLINDRICAL_SURFACE('',#1926,4.5);
#1926 = AXIS2_PLACEMENT_3D('',#1927,#1928,#1929);
#1927 = CARTESIAN_POINT('',(76.,46.,45.));
#1928 = DIRECTION('',(0.,0.,1.));
#1929 = DIRECTION('',(1.,0.,-0.));
#1930 = ADVANCED_FACE('',(#1931),#1950,.F.);
#1931 = FACE_BOUND('',#1932,.F.);
#1932 = EDGE_LOOP('',(#1933,#1941,#1948,#1949));
#1933 = ORIENTED_EDGE('',*,*,#1934,.F.);
#1934 = EDGE_CURVE('',#1935,#547,#1937,.T.);
#1935 = VERTEX_POINT('',#1936);
#1936 = CARTESIAN_POINT('',(4.445222154179,46.7,46.));
#1937 = LINE('',#1938,#1939);
#1938 = CARTESIAN_POINT('',(4.445222154179,46.7,45.));
#1939 = VECTOR('',#1940,1.);
#1940 = DIRECTION('',(0.,0.,1.));
#1941 = ORIENTED_EDGE('',*,*,#1942,.T.);
#1942 = EDGE_CURVE('',#1935,#1881,#1943,.T.);
#1943 = CIRCLE('',#1944,4.5);
#1944 = AXIS2_PLACEMENT_3D('',#1945,#1946,#1947);
#1945 = CARTESIAN_POINT('',(0.,46.,46.));
#1946 = DIRECTION('',(0.,0.,1.));
#1947 = DIRECTION('',(1.,0.,-0.));
#1948 = ORIENTED_EDGE('',*,*,#1895,.T.);
#1949 = ORIENTED_EDGE('',*,*,#554,.F.);
#1950 = CYLINDRICAL_SURFACE('',#1951,4.5);
#1951 = AXIS2_PLACEMENT_3D('',#1952,#1953,#1954);
#1952 = CARTESIAN_POINT('',(0.,46.,45.));
#1953 = DIRECTION('',(0.,0.,1.));
#1954 = DIRECTION('',(1.,0.,-0.));
#1955 = ADVANCED_FACE('',(#1956),#1967,.T.);
#1956 = FACE_BOUND('',#1957,.T.);
#1957 = EDGE_LOOP('',(#1958,#1959,#1965,#1966));
#1958 = ORIENTED_EDGE('',*,*,#1934,.F.);
#1959 = ORIENTED_EDGE('',*,*,#1960,.T.);
#1960 = EDGE_CURVE('',#1935,#1911,#1961,.T.);
#1961 = LINE('',#1962,#1963);
#1962 = CARTESIAN_POINT('',(38.,46.7,46.));
#1963 = VECTOR('',#1964,1.);
#1964 = DIRECTION('',(1.,0.,-0.));
#1965 = ORIENTED_EDGE('',*,*,#1919,.T.);
#1966 = ORIENTED_EDGE('',*,*,#546,.F.);
#1967 = PLANE('',#1968);
#1968 = AXIS2_PLACEMENT_3D('',#1969,#1970,#1971);
#1969 = CARTESIAN_POINT('',(76.,46.7,45.));
#1970 = DIRECTION('',(0.,-1.,0.));
#1971 = DIRECTION('',(-1.,0.,0.));
#1972 = ADVANCED_FACE('',(#1973),#1998,.F.);
#1973 = FACE_BOUND('',#1974,.F.);
#1974 = EDGE_LOOP('',(#1975,#1985,#1991,#1992));
#1975 = ORIENTED_EDGE('',*,*,#1976,.F.);
#1976 = EDGE_CURVE('',#1977,#1979,#1981,.T.);
#1977 = VERTEX_POINT('',#1978);
#1978 = CARTESIAN_POINT('',(78.7,25.255,46.));
#1979 = VERTEX_POINT('',#1980);
#1980 = CARTESIAN_POINT('',(78.7,42.4,46.));
#1981 = LINE('',#1982,#1983);
#1982 = CARTESIAN_POINT('',(78.7,-46.,46.));
#1983 = VECTOR('',#1984,1.);
#1984 = DIRECTION('',(0.,1.,0.));
#1985 = ORIENTED_EDGE('',*,*,#1986,.F.);
#1986 = EDGE_CURVE('',#564,#1977,#1987,.T.);
#1987 = LINE('',#1988,#1989);
#1988 = CARTESIAN_POINT('',(78.7,25.255,45.5));
#1989 = VECTOR('',#1990,1.);
#1990 = DIRECTION('',(0.,0.,-1.));
#1991 = ORIENTED_EDGE('',*,*,#563,.T.);
#1992 = ORIENTED_EDGE('',*,*,#1993,.F.);
#1993 = EDGE_CURVE('',#1979,#566,#1994,.T.);
#1994 = LINE('',#1995,#1996);
#1995 = CARTESIAN_POINT('',(78.7,42.4,45.));
#1996 = VECTOR('',#1997,1.);
#1997 = DIRECTION('',(0.,0.,1.));
#1998 = PLANE('',#1999);
#1999 = AXIS2_PLACEMENT_3D('',#2000,#2001,#2002);
#2000 = CARTESIAN_POINT('',(78.7,-46.,46.));
#2001 = DIRECTION('',(-1.,0.,0.));
#2002 = DIRECTION('',(0.,1.,0.));
#2003 = ADVANCED_FACE('',(#2004),#2022,.F.);
#2004 = FACE_BOUND('',#2005,.F.);
#2005 = EDGE_LOOP('',(#2006,#2014,#2020,#2021));
#2006 = ORIENTED_EDGE('',*,*,#2007,.T.);
#2007 = EDGE_CURVE('',#1977,#2008,#2010,.T.);
#2008 = VERTEX_POINT('',#2009);
#2009 = CARTESIAN_POINT('',(76.7,25.255,46.));
#2010 = LINE('',#2011,#2012);
#2011 = CARTESIAN_POINT('',(38.35,25.255,46.));
#2012 = VECTOR('',#2013,1.);
#2013 = DIRECTION('',(-1.,-0.,0.));
#2014 = ORIENTED_EDGE('',*,*,#2015,.T.);
#2015 = EDGE_CURVE('',#2008,#574,#2016,.T.);
#2016 = LINE('',#2017,#2018);
#2017 = CARTESIAN_POINT('',(76.7,25.255,45.));
#2018 = VECTOR('',#2019,1.);
#2019 = DIRECTION('',(0.,0.,1.));
#2020 = ORIENTED_EDGE('',*,*,#573,.F.);
#2021 = ORIENTED_EDGE('',*,*,#1986,.T.);
#2022 = PLANE('',#2023);
#2023 = AXIS2_PLACEMENT_3D('',#2024,#2025,#2026);
#2024 = CARTESIAN_POINT('',(76.7,25.255,45.));
#2025 = DIRECTION('',(-0.,1.,0.));
#2026 = DIRECTION('',(0.,0.,1.));
#2027 = ADVANCED_FACE('',(#2028),#2047,.F.);
#2028 = FACE_BOUND('',#2029,.F.);
#2029 = EDGE_LOOP('',(#2030,#2039,#2040,#2041));
#2030 = ORIENTED_EDGE('',*,*,#2031,.T.);
#2031 = EDGE_CURVE('',#2032,#1979,#2034,.T.);
#2032 = VERTEX_POINT('',#2033);
#2033 = CARTESIAN_POINT('',(76.7,41.554777845821,46.));
#2034 = CIRCLE('',#2035,4.5);
#2035 = AXIS2_PLACEMENT_3D('',#2036,#2037,#2038);
#2036 = CARTESIAN_POINT('',(76.,46.,46.));
#2037 = DIRECTION('',(0.,0.,1.));
#2038 = DIRECTION('',(1.,0.,-0.));
#2039 = ORIENTED_EDGE('',*,*,#1993,.T.);
#2040 = ORIENTED_EDGE('',*,*,#589,.F.);
#2041 = ORIENTED_EDGE('',*,*,#2042,.F.);
#2042 = EDGE_CURVE('',#2032,#582,#2043,.T.);
#2043 = LINE('',#2044,#2045);
#2044 = CARTESIAN_POINT('',(76.7,41.554777845821,45.));
#2045 = VECTOR('',#2046,1.);
#2046 = DIRECTION('',(0.,0.,1.));
#2047 = CYLINDRICAL_SURFACE('',#2048,4.5);
#2048 = AXIS2_PLACEMENT_3D('',#2049,#2050,#2051);
#2049 = CARTESIAN_POINT('',(76.,46.,45.));
#2050 = DIRECTION('',(0.,0.,1.));
#2051 = DIRECTION('',(1.,0.,-0.));
#2052 = ADVANCED_FACE('',(#2053),#2064,.T.);
#2053 = FACE_BOUND('',#2054,.T.);
#2054 = EDGE_LOOP('',(#2055,#2056,#2062,#2063));
#2055 = ORIENTED_EDGE('',*,*,#2042,.F.);
#2056 = ORIENTED_EDGE('',*,*,#2057,.T.);
#2057 = EDGE_CURVE('',#2032,#2008,#2058,.T.);
#2058 = LINE('',#2059,#2060);
#2059 = CARTESIAN_POINT('',(76.7,-23.,46.));
#2060 = VECTOR('',#2061,1.);
#2061 = DIRECTION('',(0.,-1.,0.));
#2062 = ORIENTED_EDGE('',*,*,#2015,.T.);
#2063 = ORIENTED_EDGE('',*,*,#581,.F.);
#2064 = PLANE('',#2065);
#2065 = AXIS2_PLACEMENT_3D('',#2066,#2067,#2068);
#2066 = CARTESIAN_POINT('',(76.7,-46.,45.));
#2067 = DIRECTION('',(-1.,0.,0.));
#2068 = DIRECTION('',(0.,1.,0.));
#2069 = ADVANCED_FACE('',(#2070),#2098,.F.);
#2070 = FACE_BOUND('',#2071,.F.);
#2071 = EDGE_LOOP('',(#2072,#2083,#2089,#2090,#2091));
#2072 = ORIENTED_EDGE('',*,*,#2073,.T.);
#2073 = EDGE_CURVE('',#2074,#2076,#2078,.T.);
#2074 = VERTEX_POINT('',#2075);
#2075 = CARTESIAN_POINT('',(74.3,46.,50.));
#2076 = VERTEX_POINT('',#2077);
#2077 = CARTESIAN_POINT('',(77.7,46.,50.));
#2078 = CIRCLE('',#2079,1.7);
#2079 = AXIS2_PLACEMENT_3D('',#2080,#2081,#2082);
#2080 = CARTESIAN_POINT('',(76.,46.,50.));
#2081 = DIRECTION('',(0.,0.,-1.));
#2082 = DIRECTION('',(-1.,0.,-0.));
#2083 = ORIENTED_EDGE('',*,*,#2084,.F.);
#2084 = EDGE_CURVE('',#599,#2076,#2085,.T.);
#2085 = LINE('',#2086,#2087);
#2086 = CARTESIAN_POINT('',(77.7,46.,47.));
#2087 = VECTOR('',#2088,1.);
#2088 = DIRECTION('',(0.,0.,1.));
#2089 = ORIENTED_EDGE('',*,*,#598,.T.);
#2090 = ORIENTED_EDGE('',*,*,#2084,.T.);
#2091 = ORIENTED_EDGE('',*,*,#2092,.T.);
#2092 = EDGE_CURVE('',#2076,#2074,#2093,.T.);
#2093 = CIRCLE('',#2094,1.7);
#2094 = AXIS2_PLACEMENT_3D('',#2095,#2096,#2097);
#2095 = CARTESIAN_POINT('',(76.,46.,50.));
#2096 = DIRECTION('',(0.,0.,-1.));
#2097 = DIRECTION('',(-1.,0.,-0.));
#2098 = CYLINDRICAL_SURFACE('',#2099,1.7);
#2099 = AXIS2_PLACEMENT_3D('',#2100,#2101,#2102);
#2100 = CARTESIAN_POINT('',(76.,46.,47.));
#2101 = DIRECTION('',(0.,0.,1.));
#2102 = DIRECTION('',(1.,0.,-0.));
#2103 = ADVANCED_FACE('',(#2104),#2116,.F.);
#2104 = FACE_BOUND('',#2105,.F.);
#2105 = EDGE_LOOP('',(#2106,#2112,#2113,#2114,#2115));
#2106 = ORIENTED_EDGE('',*,*,#2107,.T.);
#2107 = EDGE_CURVE('',#662,#924,#2108,.T.);
#2108 = LINE('',#2109,#2110);
#2109 = CARTESIAN_POINT('',(-79.2,-46.,51.5));
#2110 = VECTOR('',#2111,1.);
#2111 = DIRECTION('',(0.707106781187,1.731912112471E-16,-0.707106781187)
  );
#2112 = ORIENTED_EDGE('',*,*,#942,.F.);
#2113 = ORIENTED_EDGE('',*,*,#923,.F.);
#2114 = ORIENTED_EDGE('',*,*,#2107,.F.);
#2115 = ORIENTED_EDGE('',*,*,#661,.T.);
#2116 = CONICAL_SURFACE('',#2117,3.2,0.785398163397);
#2117 = AXIS2_PLACEMENT_3D('',#2118,#2119,#2120);
#2118 = CARTESIAN_POINT('',(-76.,-46.,51.5));
#2119 = DIRECTION('',(-0.,-0.,1.));
#2120 = DIRECTION('',(-1.,0.,-0.));
#2121 = ADVANCED_FACE('',(#2122),#2141,.F.);
#2122 = FACE_BOUND('',#2123,.F.);
#2123 = EDGE_LOOP('',(#2124,#2125,#2133,#2140));
#2124 = ORIENTED_EDGE('',*,*,#672,.F.);
#2125 = ORIENTED_EDGE('',*,*,#2126,.F.);
#2126 = EDGE_CURVE('',#2127,#673,#2129,.T.);
#2127 = VERTEX_POINT('',#2128);
#2128 = CARTESIAN_POINT('',(-38.4,-17.5,51.));
#2129 = LINE('',#2130,#2131);
#2130 = CARTESIAN_POINT('',(-38.4,-17.5,51.));
#2131 = VECTOR('',#2132,1.);
#2132 = DIRECTION('',(0.,0.,1.));
#2133 = ORIENTED_EDGE('',*,*,#2134,.T.);
#2134 = EDGE_CURVE('',#2127,#2127,#2135,.T.);
#2135 = CIRCLE('',#2136,14.1);
#2136 = AXIS2_PLACEMENT_3D('',#2137,#2138,#2139);
#2137 = CARTESIAN_POINT('',(-52.5,-17.5,51.));
#2138 = DIRECTION('',(0.,0.,1.));
#2139 = DIRECTION('',(1.,0.,-0.));
#2140 = ORIENTED_EDGE('',*,*,#2126,.T.);
#2141 = CYLINDRICAL_SURFACE('',#2142,14.1);
#2142 = AXIS2_PLACEMENT_3D('',#2143,#2144,#2145);
#2143 = CARTESIAN_POINT('',(-52.5,-17.5,51.));
#2144 = DIRECTION('',(0.,0.,1.));
#2145 = DIRECTION('',(1.,0.,-0.));
#2146 = ADVANCED_FACE('',(#2147),#2166,.F.);
#2147 = FACE_BOUND('',#2148,.F.);
#2148 = EDGE_LOOP('',(#2149,#2150,#2158,#2165));
#2149 = ORIENTED_EDGE('',*,*,#683,.F.);
#2150 = ORIENTED_EDGE('',*,*,#2151,.F.);
#2151 = EDGE_CURVE('',#2152,#684,#2154,.T.);
#2152 = VERTEX_POINT('',#2153);
#2153 = CARTESIAN_POINT('',(-3.4,-17.5,51.));
#2154 = LINE('',#2155,#2156);
#2155 = CARTESIAN_POINT('',(-3.4,-17.5,51.));
#2156 = VECTOR('',#2157,1.);
#2157 = DIRECTION('',(0.,0.,1.));
#2158 = ORIENTED_EDGE('',*,*,#2159,.T.);
#2159 = EDGE_CURVE('',#2152,#2152,#2160,.T.);
#2160 = CIRCLE('',#2161,14.1);
#2161 = AXIS2_PLACEMENT_3D('',#2162,#2163,#2164);
#2162 = CARTESIAN_POINT('',(-17.5,-17.5,51.));
#2163 = DIRECTION('',(0.,0.,1.));
#2164 = DIRECTION('',(1.,0.,-0.));
#2165 = ORIENTED_EDGE('',*,*,#2151,.T.);
#2166 = CYLINDRICAL_SURFACE('',#2167,14.1);
#2167 = AXIS2_PLACEMENT_3D('',#2168,#2169,#2170);
#2168 = CARTESIAN_POINT('',(-17.5,-17.5,51.));
#2169 = DIRECTION('',(0.,0.,1.));
#2170 = DIRECTION('',(1.,0.,-0.));
#2171 = ADVANCED_FACE('',(#2172),#2184,.F.);
#2172 = FACE_BOUND('',#2173,.F.);
#2173 = EDGE_LOOP('',(#2174,#2180,#2181,#2182,#2183));
#2174 = ORIENTED_EDGE('',*,*,#2175,.T.);
#2175 = EDGE_CURVE('',#695,#1203,#2176,.T.);
#2176 = LINE('',#2177,#2178);
#2177 = CARTESIAN_POINT('',(-3.2,-46.,51.5));
#2178 = VECTOR('',#2179,1.);
#2179 = DIRECTION('',(0.707106781187,1.731912112471E-16,-0.707106781187)
  );
#2180 = ORIENTED_EDGE('',*,*,#1221,.F.);
#2181 = ORIENTED_EDGE('',*,*,#1202,.F.);
#2182 = ORIENTED_EDGE('',*,*,#2175,.F.);
#2183 = ORIENTED_EDGE('',*,*,#694,.T.);
#2184 = CONICAL_SURFACE('',#2185,3.2,0.785398163397);
#2185 = AXIS2_PLACEMENT_3D('',#2186,#2187,#2188);
#2186 = CARTESIAN_POINT('',(0.,-46.,51.5));
#2187 = DIRECTION('',(-0.,-0.,1.));
#2188 = DIRECTION('',(-1.,0.,-0.));
#2189 = ADVANCED_FACE('',(#2190),#2202,.F.);
#2190 = FACE_BOUND('',#2191,.F.);
#2191 = EDGE_LOOP('',(#2192,#2198,#2199,#2200,#2201));
#2192 = ORIENTED_EDGE('',*,*,#2193,.T.);
#2193 = EDGE_CURVE('',#706,#1335,#2194,.T.);
#2194 = LINE('',#2195,#2196);
#2195 = CARTESIAN_POINT('',(72.8,-46.,51.5));
#2196 = VECTOR('',#2197,1.);
#2197 = DIRECTION('',(0.707106781187,1.731912112471E-16,-0.707106781187)
  );
#2198 = ORIENTED_EDGE('',*,*,#1353,.F.);
#2199 = ORIENTED_EDGE('',*,*,#1334,.F.);
#2200 = ORIENTED_EDGE('',*,*,#2193,.F.);
#2201 = ORIENTED_EDGE('',*,*,#705,.T.);
#2202 = CONICAL_SURFACE('',#2203,3.2,0.785398163397);
#2203 = AXIS2_PLACEMENT_3D('',#2204,#2205,#2206);
#2204 = CARTESIAN_POINT('',(76.,-46.,51.5));
#2205 = DIRECTION('',(-0.,-0.,1.));
#2206 = DIRECTION('',(-1.,0.,-0.));
#2207 = ADVANCED_FACE('',(#2208),#2227,.F.);
#2208 = FACE_BOUND('',#2209,.F.);
#2209 = EDGE_LOOP('',(#2210,#2211,#2219,#2226));
#2210 = ORIENTED_EDGE('',*,*,#716,.F.);
#2211 = ORIENTED_EDGE('',*,*,#2212,.F.);
#2212 = EDGE_CURVE('',#2213,#717,#2215,.T.);
#2213 = VERTEX_POINT('',#2214);
#2214 = CARTESIAN_POINT('',(31.6,-17.5,51.));
#2215 = LINE('',#2216,#2217);
#2216 = CARTESIAN_POINT('',(31.6,-17.5,51.));
#2217 = VECTOR('',#2218,1.);
#2218 = DIRECTION('',(0.,0.,1.));
#2219 = ORIENTED_EDGE('',*,*,#2220,.T.);
#2220 = EDGE_CURVE('',#2213,#2213,#2221,.T.);
#2221 = CIRCLE('',#2222,14.1);
#2222 = AXIS2_PLACEMENT_3D('',#2223,#2224,#2225);
#2223 = CARTESIAN_POINT('',(17.5,-17.5,51.));
#2224 = DIRECTION('',(0.,0.,1.));
#2225 = DIRECTION('',(1.,0.,-0.));
#2226 = ORIENTED_EDGE('',*,*,#2212,.T.);
#2227 = CYLINDRICAL_SURFACE('',#2228,14.1);
#2228 = AXIS2_PLACEMENT_3D('',#2229,#2230,#2231);
#2229 = CARTESIAN_POINT('',(17.5,-17.5,51.));
#2230 = DIRECTION('',(0.,0.,1.));
#2231 = DIRECTION('',(1.,0.,-0.));
#2232 = ADVANCED_FACE('',(#2233),#2252,.F.);
#2233 = FACE_BOUND('',#2234,.F.);
#2234 = EDGE_LOOP('',(#2235,#2236,#2244,#2251));
#2235 = ORIENTED_EDGE('',*,*,#727,.F.);
#2236 = ORIENTED_EDGE('',*,*,#2237,.F.);
#2237 = EDGE_CURVE('',#2238,#728,#2240,.T.);
#2238 = VERTEX_POINT('',#2239);
#2239 = CARTESIAN_POINT('',(66.6,-17.5,51.));
#2240 = LINE('',#2241,#2242);
#2241 = CARTESIAN_POINT('',(66.6,-17.5,51.));
#2242 = VECTOR('',#2243,1.);
#2243 = DIRECTION('',(0.,0.,1.));
#2244 = ORIENTED_EDGE('',*,*,#2245,.T.);
#2245 = EDGE_CURVE('',#2238,#2238,#2246,.T.);
#2246 = CIRCLE('',#2247,14.1);
#2247 = AXIS2_PLACEMENT_3D('',#2248,#2249,#2250);
#2248 = CARTESIAN_POINT('',(52.5,-17.5,51.));
#2249 = DIRECTION('',(0.,0.,1.));
#2250 = DIRECTION('',(1.,0.,-0.));
#2251 = ORIENTED_EDGE('',*,*,#2237,.T.);
#2252 = CYLINDRICAL_SURFACE('',#2253,14.1);
#2253 = AXIS2_PLACEMENT_3D('',#2254,#2255,#2256);
#2254 = CARTESIAN_POINT('',(52.5,-17.5,51.));
#2255 = DIRECTION('',(0.,0.,1.));
#2256 = DIRECTION('',(1.,0.,-0.));
#2257 = ADVANCED_FACE('',(#2258),#2277,.F.);
#2258 = FACE_BOUND('',#2259,.F.);
#2259 = EDGE_LOOP('',(#2260,#2261,#2269,#2276));
#2260 = ORIENTED_EDGE('',*,*,#738,.F.);
#2261 = ORIENTED_EDGE('',*,*,#2262,.F.);
#2262 = EDGE_CURVE('',#2263,#739,#2265,.T.);
#2263 = VERTEX_POINT('',#2264);
#2264 = CARTESIAN_POINT('',(-62.92081528017,5.479184719829,49.4));
#2265 = LINE('',#2266,#2267);
#2266 = CARTESIAN_POINT('',(-62.92081528017,5.479184719829,49.4));
#2267 = VECTOR('',#2268,1.);
#2268 = DIRECTION('',(0.,0.,1.));
#2269 = ORIENTED_EDGE('',*,*,#2270,.T.);
#2270 = EDGE_CURVE('',#2263,#2263,#2271,.T.);
#2271 = CIRCLE('',#2272,1.6);
#2272 = AXIS2_PLACEMENT_3D('',#2273,#2274,#2275);
#2273 = CARTESIAN_POINT('',(-64.52081528017,5.479184719829,49.4));
#2274 = DIRECTION('',(0.,0.,1.));
#2275 = DIRECTION('',(1.,0.,-0.));
#2276 = ORIENTED_EDGE('',*,*,#2262,.T.);
#2277 = CYLINDRICAL_SURFACE('',#2278,1.6);
#2278 = AXIS2_PLACEMENT_3D('',#2279,#2280,#2281);
#2279 = CARTESIAN_POINT('',(-64.52081528017,5.479184719829,49.4));
#2280 = DIRECTION('',(0.,0.,1.));
#2281 = DIRECTION('',(1.,0.,-0.));
#2282 = ADVANCED_FACE('',(#2283),#2302,.F.);
#2283 = FACE_BOUND('',#2284,.F.);
#2284 = EDGE_LOOP('',(#2285,#2286,#2294,#2301));
#2285 = ORIENTED_EDGE('',*,*,#749,.F.);
#2286 = ORIENTED_EDGE('',*,*,#2287,.F.);
#2287 = EDGE_CURVE('',#2288,#750,#2290,.T.);
#2288 = VERTEX_POINT('',#2289);
#2289 = CARTESIAN_POINT('',(-38.4,17.5,51.));
#2290 = LINE('',#2291,#2292);
#2291 = CARTESIAN_POINT('',(-38.4,17.5,51.));
#2292 = VECTOR('',#2293,1.);
#2293 = DIRECTION('',(0.,0.,1.));
#2294 = ORIENTED_EDGE('',*,*,#2295,.T.);
#2295 = EDGE_CURVE('',#2288,#2288,#2296,.T.);
#2296 = CIRCLE('',#2297,14.1);
#2297 = AXIS2_PLACEMENT_3D('',#2298,#2299,#2300);
#2298 = CARTESIAN_POINT('',(-52.5,17.5,51.));
#2299 = DIRECTION('',(0.,0.,1.));
#2300 = DIRECTION('',(1.,0.,-0.));
#2301 = ORIENTED_EDGE('',*,*,#2287,.T.);
#2302 = CYLINDRICAL_SURFACE('',#2303,14.1);
#2303 = AXIS2_PLACEMENT_3D('',#2304,#2305,#2306);
#2304 = CARTESIAN_POINT('',(-52.5,17.5,51.));
#2305 = DIRECTION('',(0.,0.,1.));
#2306 = DIRECTION('',(1.,0.,-0.));
#2307 = ADVANCED_FACE('',(#2308),#2327,.F.);
#2308 = FACE_BOUND('',#2309,.F.);
#2309 = EDGE_LOOP('',(#2310,#2311,#2319,#2326));
#2310 = ORIENTED_EDGE('',*,*,#760,.F.);
#2311 = ORIENTED_EDGE('',*,*,#2312,.F.);
#2312 = EDGE_CURVE('',#2313,#761,#2315,.T.);
#2313 = VERTEX_POINT('',#2314);
#2314 = CARTESIAN_POINT('',(-3.4,17.5,51.));
#2315 = LINE('',#2316,#2317);
#2316 = CARTESIAN_POINT('',(-3.4,17.5,51.));
#2317 = VECTOR('',#2318,1.);
#2318 = DIRECTION('',(0.,0.,1.));
#2319 = ORIENTED_EDGE('',*,*,#2320,.T.);
#2320 = EDGE_CURVE('',#2313,#2313,#2321,.T.);
#2321 = CIRCLE('',#2322,14.1);
#2322 = AXIS2_PLACEMENT_3D('',#2323,#2324,#2325);
#2323 = CARTESIAN_POINT('',(-17.5,17.5,51.));
#2324 = DIRECTION('',(0.,0.,1.));
#2325 = DIRECTION('',(1.,0.,-0.));
#2326 = ORIENTED_EDGE('',*,*,#2312,.T.);
#2327 = CYLINDRICAL_SURFACE('',#2328,14.1);
#2328 = AXIS2_PLACEMENT_3D('',#2329,#2330,#2331);
#2329 = CARTESIAN_POINT('',(-17.5,17.5,51.));
#2330 = DIRECTION('',(0.,0.,1.));
#2331 = DIRECTION('',(1.,0.,-0.));
#2332 = ADVANCED_FACE('',(#2333),#2352,.F.);
#2333 = FACE_BOUND('',#2334,.F.);
#2334 = EDGE_LOOP('',(#2335,#2336,#2344,#2351));
#2335 = ORIENTED_EDGE('',*,*,#771,.F.);
#2336 = ORIENTED_EDGE('',*,*,#2337,.F.);
#2337 = EDGE_CURVE('',#2338,#772,#2340,.T.);
#2338 = VERTEX_POINT('',#2339);
#2339 = CARTESIAN_POINT('',(-38.87918471982,29.520815280171,49.4));
#2340 = LINE('',#2341,#2342);
#2341 = CARTESIAN_POINT('',(-38.87918471982,29.520815280171,49.4));
#2342 = VECTOR('',#2343,1.);
#2343 = DIRECTION('',(0.,0.,1.));
#2344 = ORIENTED_EDGE('',*,*,#2345,.T.);
#2345 = EDGE_CURVE('',#2338,#2338,#2346,.T.);
#2346 = CIRCLE('',#2347,1.6);
#2347 = AXIS2_PLACEMENT_3D('',#2348,#2349,#2350);
#2348 = CARTESIAN_POINT('',(-40.47918471982,29.520815280171,49.4));
#2349 = DIRECTION('',(0.,0.,1.));
#2350 = DIRECTION('',(1.,0.,-0.));
#2351 = ORIENTED_EDGE('',*,*,#2337,.T.);
#2352 = CYLINDRICAL_SURFACE('',#2353,1.6);
#2353 = AXIS2_PLACEMENT_3D('',#2354,#2355,#2356);
#2354 = CARTESIAN_POINT('',(-40.47918471982,29.520815280171,49.4));
#2355 = DIRECTION('',(0.,0.,1.));
#2356 = DIRECTION('',(1.,0.,-0.));
#2357 = ADVANCED_FACE('',(#2358),#2370,.F.);
#2358 = FACE_BOUND('',#2359,.F.);
#2359 = EDGE_LOOP('',(#2360,#2366,#2367,#2368,#2369));
#2360 = ORIENTED_EDGE('',*,*,#2361,.T.);
#2361 = EDGE_CURVE('',#783,#1663,#2362,.T.);
#2362 = LINE('',#2363,#2364);
#2363 = CARTESIAN_POINT('',(-79.2,46.,51.5));
#2364 = VECTOR('',#2365,1.);
#2365 = DIRECTION('',(0.707106781187,1.731912112471E-16,-0.707106781187)
  );
#2366 = ORIENTED_EDGE('',*,*,#1681,.F.);
#2367 = ORIENTED_EDGE('',*,*,#1662,.F.);
#2368 = ORIENTED_EDGE('',*,*,#2361,.F.);
#2369 = ORIENTED_EDGE('',*,*,#782,.T.);
#2370 = CONICAL_SURFACE('',#2371,3.2,0.785398163397);
#2371 = AXIS2_PLACEMENT_3D('',#2372,#2373,#2374);
#2372 = CARTESIAN_POINT('',(-76.,46.,51.5));
#2373 = DIRECTION('',(-0.,-0.,1.));
#2374 = DIRECTION('',(-1.,0.,-0.));
#2375 = ADVANCED_FACE('',(#2376),#2395,.F.);
#2376 = FACE_BOUND('',#2377,.F.);
#2377 = EDGE_LOOP('',(#2378,#2379,#2387,#2394));
#2378 = ORIENTED_EDGE('',*,*,#793,.F.);
#2379 = ORIENTED_EDGE('',*,*,#2380,.F.);
#2380 = EDGE_CURVE('',#2381,#794,#2383,.T.);
#2381 = VERTEX_POINT('',#2382);
#2382 = CARTESIAN_POINT('',(31.6,17.5,51.));
#2383 = LINE('',#2384,#2385);
#2384 = CARTESIAN_POINT('',(31.6,17.5,51.));
#2385 = VECTOR('',#2386,1.);
#2386 = DIRECTION('',(0.,0.,1.));
#2387 = ORIENTED_EDGE('',*,*,#2388,.T.);
#2388 = EDGE_CURVE('',#2381,#2381,#2389,.T.);
#2389 = CIRCLE('',#2390,14.1);
#2390 = AXIS2_PLACEMENT_3D('',#2391,#2392,#2393);
#2391 = CARTESIAN_POINT('',(17.5,17.5,51.));
#2392 = DIRECTION('',(0.,0.,1.));
#2393 = DIRECTION('',(1.,0.,-0.));
#2394 = ORIENTED_EDGE('',*,*,#2380,.T.);
#2395 = CYLINDRICAL_SURFACE('',#2396,14.1);
#2396 = AXIS2_PLACEMENT_3D('',#2397,#2398,#2399);
#2397 = CARTESIAN_POINT('',(17.5,17.5,51.));
#2398 = DIRECTION('',(0.,0.,1.));
#2399 = DIRECTION('',(1.,0.,-0.));
#2400 = ADVANCED_FACE('',(#2401),#2420,.F.);
#2401 = FACE_BOUND('',#2402,.F.);
#2402 = EDGE_LOOP('',(#2403,#2404,#2412,#2419));
#2403 = ORIENTED_EDGE('',*,*,#804,.F.);
#2404 = ORIENTED_EDGE('',*,*,#2405,.F.);
#2405 = EDGE_CURVE('',#2406,#805,#2408,.T.);
#2406 = VERTEX_POINT('',#2407);
#2407 = CARTESIAN_POINT('',(66.6,17.5,51.));
#2408 = LINE('',#2409,#2410);
#2409 = CARTESIAN_POINT('',(66.6,17.5,51.));
#2410 = VECTOR('',#2411,1.);
#2411 = DIRECTION('',(0.,0.,1.));
#2412 = ORIENTED_EDGE('',*,*,#2413,.T.);
#2413 = EDGE_CURVE('',#2406,#2406,#2414,.T.);
#2414 = CIRCLE('',#2415,14.1);
#2415 = AXIS2_PLACEMENT_3D('',#2416,#2417,#2418);
#2416 = CARTESIAN_POINT('',(52.5,17.5,51.));
#2417 = DIRECTION('',(0.,0.,1.));
#2418 = DIRECTION('',(1.,0.,-0.));
#2419 = ORIENTED_EDGE('',*,*,#2405,.T.);
#2420 = CYLINDRICAL_SURFACE('',#2421,14.1);
#2421 = AXIS2_PLACEMENT_3D('',#2422,#2423,#2424);
#2422 = CARTESIAN_POINT('',(52.5,17.5,51.));
#2423 = DIRECTION('',(0.,0.,1.));
#2424 = DIRECTION('',(1.,0.,-0.));
#2425 = ADVANCED_FACE('',(#2426),#2438,.F.);
#2426 = FACE_BOUND('',#2427,.F.);
#2427 = EDGE_LOOP('',(#2428,#2434,#2435,#2436,#2437));
#2428 = ORIENTED_EDGE('',*,*,#2429,.T.);
#2429 = EDGE_CURVE('',#816,#1845,#2430,.T.);
#2430 = LINE('',#2431,#2432);
#2431 = CARTESIAN_POINT('',(-3.2,46.,51.5));
#2432 = VECTOR('',#2433,1.);
#2433 = DIRECTION('',(0.707106781187,1.731912112471E-16,-0.707106781187)
  );
#2434 = ORIENTED_EDGE('',*,*,#1863,.F.);
#2435 = ORIENTED_EDGE('',*,*,#1844,.F.);
#2436 = ORIENTED_EDGE('',*,*,#2429,.F.);
#2437 = ORIENTED_EDGE('',*,*,#815,.T.);
#2438 = CONICAL_SURFACE('',#2439,3.2,0.785398163397);
#2439 = AXIS2_PLACEMENT_3D('',#2440,#2441,#2442);
#2440 = CARTESIAN_POINT('',(0.,46.,51.5));
#2441 = DIRECTION('',(-0.,-0.,1.));
#2442 = DIRECTION('',(-1.,0.,-0.));
#2443 = ADVANCED_FACE('',(#2444),#2456,.F.);
#2444 = FACE_BOUND('',#2445,.F.);
#2445 = EDGE_LOOP('',(#2446,#2452,#2453,#2454,#2455));
#2446 = ORIENTED_EDGE('',*,*,#2447,.T.);
#2447 = EDGE_CURVE('',#827,#2074,#2448,.T.);
#2448 = LINE('',#2449,#2450);
#2449 = CARTESIAN_POINT('',(72.8,46.,51.5));
#2450 = VECTOR('',#2451,1.);
#2451 = DIRECTION('',(0.707106781187,1.731912112471E-16,-0.707106781187)
  );
#2452 = ORIENTED_EDGE('',*,*,#2092,.F.);
#2453 = ORIENTED_EDGE('',*,*,#2073,.F.);
#2454 = ORIENTED_EDGE('',*,*,#2447,.F.);
#2455 = ORIENTED_EDGE('',*,*,#826,.T.);
#2456 = CONICAL_SURFACE('',#2457,3.2,0.785398163397);
#2457 = AXIS2_PLACEMENT_3D('',#2458,#2459,#2460);
#2458 = CARTESIAN_POINT('',(76.,46.,51.5));
#2459 = DIRECTION('',(-0.,-0.,1.));
#2460 = DIRECTION('',(-1.,0.,-0.));
#2461 = ADVANCED_FACE('',(#2462),#2468,.F.);
#2462 = FACE_BOUND('',#2463,.F.);
#2463 = EDGE_LOOP('',(#2464,#2465,#2466,#2467));
#2464 = ORIENTED_EDGE('',*,*,#965,.T.);
#2465 = ORIENTED_EDGE('',*,*,#1012,.T.);
#2466 = ORIENTED_EDGE('',*,*,#1037,.F.);
#2467 = ORIENTED_EDGE('',*,*,#996,.T.);
#2468 = PLANE('',#2469);
#2469 = AXIS2_PLACEMENT_3D('',#2470,#2471,#2472);
#2470 = CARTESIAN_POINT('',(-1.801794967423E-15,1.801794967423E-15,46.)
  );
#2471 = DIRECTION('',(0.,0.,1.));
#2472 = DIRECTION('',(1.,0.,-0.));
#2473 = ADVANCED_FACE('',(#2474),#2480,.F.);
#2474 = FACE_BOUND('',#2475,.F.);
#2475 = EDGE_LOOP('',(#2476,#2477,#2478,#2479));
#2476 = ORIENTED_EDGE('',*,*,#1086,.F.);
#2477 = ORIENTED_EDGE('',*,*,#1054,.T.);
#2478 = ORIENTED_EDGE('',*,*,#1110,.F.);
#2479 = ORIENTED_EDGE('',*,*,#1136,.T.);
#2480 = PLANE('',#2481);
#2481 = AXIS2_PLACEMENT_3D('',#2482,#2483,#2484);
#2482 = CARTESIAN_POINT('',(-1.801794967423E-15,1.801794967423E-15,46.)
  );
#2483 = DIRECTION('',(0.,0.,1.));
#2484 = DIRECTION('',(1.,0.,-0.));
#2485 = ADVANCED_FACE('',(#2486),#2497,.F.);
#2486 = FACE_BOUND('',#2487,.F.);
#2487 = EDGE_LOOP('',(#2488,#2489,#2495,#2496));
#2488 = ORIENTED_EDGE('',*,*,#2134,.F.);
#2489 = ORIENTED_EDGE('',*,*,#2490,.F.);
#2490 = EDGE_CURVE('',#1153,#2127,#2491,.T.);
#2491 = LINE('',#2492,#2493);
#2492 = CARTESIAN_POINT('',(-40.,-17.5,49.4));
#2493 = VECTOR('',#2494,1.);
#2494 = DIRECTION('',(0.707106781187,-1.731912112471E-16,0.707106781187)
  );
#2495 = ORIENTED_EDGE('',*,*,#1152,.T.);
#2496 = ORIENTED_EDGE('',*,*,#2490,.T.);
#2497 = CONICAL_SURFACE('',#2498,12.5,0.785398163397);
#2498 = AXIS2_PLACEMENT_3D('',#2499,#2500,#2501);
#2499 = CARTESIAN_POINT('',(-52.5,-17.5,49.4));
#2500 = DIRECTION('',(0.,0.,1.));
#2501 = DIRECTION('',(1.,0.,-0.));
#2502 = ADVANCED_FACE('',(#2503),#2514,.F.);
#2503 = FACE_BOUND('',#2504,.F.);
#2504 = EDGE_LOOP('',(#2505,#2506,#2512,#2513));
#2505 = ORIENTED_EDGE('',*,*,#2159,.F.);
#2506 = ORIENTED_EDGE('',*,*,#2507,.F.);
#2507 = EDGE_CURVE('',#1178,#2152,#2508,.T.);
#2508 = LINE('',#2509,#2510);
#2509 = CARTESIAN_POINT('',(-5.,-17.5,49.4));
#2510 = VECTOR('',#2511,1.);
#2511 = DIRECTION('',(0.707106781187,-1.731912112471E-16,0.707106781187)
  );
#2512 = ORIENTED_EDGE('',*,*,#1177,.T.);
#2513 = ORIENTED_EDGE('',*,*,#2507,.T.);
#2514 = CONICAL_SURFACE('',#2515,12.5,0.785398163397);
#2515 = AXIS2_PLACEMENT_3D('',#2516,#2517,#2518);
#2516 = CARTESIAN_POINT('',(-17.5,-17.5,49.4));
#2517 = DIRECTION('',(0.,0.,1.));
#2518 = DIRECTION('',(1.,0.,-0.));
#2519 = ADVANCED_FACE('',(#2520),#2526,.F.);
#2520 = FACE_BOUND('',#2521,.F.);
#2521 = EDGE_LOOP('',(#2522,#2523,#2524,#2525));
#2522 = ORIENTED_EDGE('',*,*,#1268,.F.);
#2523 = ORIENTED_EDGE('',*,*,#1236,.T.);
#2524 = ORIENTED_EDGE('',*,*,#1292,.F.);
#2525 = ORIENTED_EDGE('',*,*,#1318,.T.);
#2526 = PLANE('',#2527);
#2527 = AXIS2_PLACEMENT_3D('',#2528,#2529,#2530);
#2528 = CARTESIAN_POINT('',(-1.801794967423E-15,1.801794967423E-15,46.)
  );
#2529 = DIRECTION('',(0.,0.,1.));
#2530 = DIRECTION('',(1.,0.,-0.));
#2531 = ADVANCED_FACE('',(#2532),#2538,.F.);
#2532 = FACE_BOUND('',#2533,.F.);
#2533 = EDGE_LOOP('',(#2534,#2535,#2536,#2537));
#2534 = ORIENTED_EDGE('',*,*,#1400,.F.);
#2535 = ORIENTED_EDGE('',*,*,#1368,.T.);
#2536 = ORIENTED_EDGE('',*,*,#1424,.T.);
#2537 = ORIENTED_EDGE('',*,*,#1449,.T.);
#2538 = PLANE('',#2539);
#2539 = AXIS2_PLACEMENT_3D('',#2540,#2541,#2542);
#2540 = CARTESIAN_POINT('',(-1.801794967423E-15,1.801794967423E-15,46.)
  );
#2541 = DIRECTION('',(0.,0.,1.));
#2542 = DIRECTION('',(1.,0.,-0.));
#2543 = ADVANCED_FACE('',(#2544),#2555,.F.);
#2544 = FACE_BOUND('',#2545,.F.);
#2545 = EDGE_LOOP('',(#2546,#2547,#2553,#2554));
#2546 = ORIENTED_EDGE('',*,*,#2220,.F.);
#2547 = ORIENTED_EDGE('',*,*,#2548,.F.);
#2548 = EDGE_CURVE('',#1466,#2213,#2549,.T.);
#2549 = LINE('',#2550,#2551);
#2550 = CARTESIAN_POINT('',(30.,-17.5,49.4));
#2551 = VECTOR('',#2552,1.);
#2552 = DIRECTION('',(0.707106781187,-1.731912112471E-16,0.707106781187)
  );
#2553 = ORIENTED_EDGE('',*,*,#1465,.T.);
#2554 = ORIENTED_EDGE('',*,*,#2548,.T.);
#2555 = CONICAL_SURFACE('',#2556,12.5,0.785398163397);
#2556 = AXIS2_PLACEMENT_3D('',#2557,#2558,#2559);
#2557 = CARTESIAN_POINT('',(17.5,-17.5,49.4));
#2558 = DIRECTION('',(0.,0.,1.));
#2559 = DIRECTION('',(1.,0.,-0.));
#2560 = ADVANCED_FACE('',(#2561),#2572,.F.);
#2561 = FACE_BOUND('',#2562,.F.);
#2562 = EDGE_LOOP('',(#2563,#2564,#2570,#2571));
#2563 = ORIENTED_EDGE('',*,*,#2245,.F.);
#2564 = ORIENTED_EDGE('',*,*,#2565,.F.);
#2565 = EDGE_CURVE('',#1491,#2238,#2566,.T.);
#2566 = LINE('',#2567,#2568);
#2567 = CARTESIAN_POINT('',(65.,-17.5,49.4));
#2568 = VECTOR('',#2569,1.);
#2569 = DIRECTION('',(0.707106781187,-1.731912112471E-16,0.707106781187)
  );
#2570 = ORIENTED_EDGE('',*,*,#1490,.T.);
#2571 = ORIENTED_EDGE('',*,*,#2565,.T.);
#2572 = CONICAL_SURFACE('',#2573,12.5,0.785398163397);
#2573 = AXIS2_PLACEMENT_3D('',#2574,#2575,#2576);
#2574 = CARTESIAN_POINT('',(52.5,-17.5,49.4));
#2575 = DIRECTION('',(0.,0.,1.));
#2576 = DIRECTION('',(1.,0.,-0.));
#2577 = ADVANCED_FACE('',(#2578),#2589,.F.);
#2578 = FACE_BOUND('',#2579,.F.);
#2579 = EDGE_LOOP('',(#2580,#2581,#2587,#2588));
#2580 = ORIENTED_EDGE('',*,*,#2295,.F.);
#2581 = ORIENTED_EDGE('',*,*,#2582,.F.);
#2582 = EDGE_CURVE('',#1516,#2288,#2583,.T.);
#2583 = LINE('',#2584,#2585);
#2584 = CARTESIAN_POINT('',(-40.,17.5,49.4));
#2585 = VECTOR('',#2586,1.);
#2586 = DIRECTION('',(0.707106781187,-1.731912112471E-16,0.707106781187)
  );
#2587 = ORIENTED_EDGE('',*,*,#1515,.T.);
#2588 = ORIENTED_EDGE('',*,*,#2582,.T.);
#2589 = CONICAL_SURFACE('',#2590,12.5,0.785398163397);
#2590 = AXIS2_PLACEMENT_3D('',#2591,#2592,#2593);
#2591 = CARTESIAN_POINT('',(-52.5,17.5,49.4));
#2592 = DIRECTION('',(0.,0.,1.));
#2593 = DIRECTION('',(1.,0.,-0.));
#2594 = ADVANCED_FACE('',(#2595),#2606,.F.);
#2595 = FACE_BOUND('',#2596,.F.);
#2596 = EDGE_LOOP('',(#2597,#2598,#2604,#2605));
#2597 = ORIENTED_EDGE('',*,*,#2320,.F.);
#2598 = ORIENTED_EDGE('',*,*,#2599,.F.);
#2599 = EDGE_CURVE('',#1541,#2313,#2600,.T.);
#2600 = LINE('',#2601,#2602);
#2601 = CARTESIAN_POINT('',(-5.,17.5,49.4));
#2602 = VECTOR('',#2603,1.);
#2603 = DIRECTION('',(0.707106781187,-1.731912112471E-16,0.707106781187)
  );
#2604 = ORIENTED_EDGE('',*,*,#1540,.T.);
#2605 = ORIENTED_EDGE('',*,*,#2599,.T.);
#2606 = CONICAL_SURFACE('',#2607,12.5,0.785398163397);
#2607 = AXIS2_PLACEMENT_3D('',#2608,#2609,#2610);
#2608 = CARTESIAN_POINT('',(-17.5,17.5,49.4));
#2609 = DIRECTION('',(0.,0.,1.));
#2610 = DIRECTION('',(1.,0.,-0.));
#2611 = ADVANCED_FACE('',(#2612),#2618,.F.);
#2612 = FACE_BOUND('',#2613,.F.);
#2613 = EDGE_LOOP('',(#2614,#2615,#2616,#2617));
#2614 = ORIENTED_EDGE('',*,*,#1597,.F.);
#2615 = ORIENTED_EDGE('',*,*,#1565,.T.);
#2616 = ORIENTED_EDGE('',*,*,#1629,.F.);
#2617 = ORIENTED_EDGE('',*,*,#1646,.T.);
#2618 = PLANE('',#2619);
#2619 = AXIS2_PLACEMENT_3D('',#2620,#2621,#2622);
#2620 = CARTESIAN_POINT('',(-1.801794967423E-15,1.801794967423E-15,46.)
  );
#2621 = DIRECTION('',(0.,0.,1.));
#2622 = DIRECTION('',(1.,0.,-0.));
#2623 = ADVANCED_FACE('',(#2624),#2630,.F.);
#2624 = FACE_BOUND('',#2625,.F.);
#2625 = EDGE_LOOP('',(#2626,#2627,#2628,#2629));
#2626 = ORIENTED_EDGE('',*,*,#1728,.F.);
#2627 = ORIENTED_EDGE('',*,*,#1696,.T.);
#2628 = ORIENTED_EDGE('',*,*,#1760,.F.);
#2629 = ORIENTED_EDGE('',*,*,#1778,.T.);
#2630 = PLANE('',#2631);
#2631 = AXIS2_PLACEMENT_3D('',#2632,#2633,#2634);
#2632 = CARTESIAN_POINT('',(-1.801794967423E-15,1.801794967423E-15,46.)
  );
#2633 = DIRECTION('',(0.,0.,1.));
#2634 = DIRECTION('',(1.,0.,-0.));
#2635 = ADVANCED_FACE('',(#2636),#2647,.F.);
#2636 = FACE_BOUND('',#2637,.F.);
#2637 = EDGE_LOOP('',(#2638,#2639,#2645,#2646));
#2638 = ORIENTED_EDGE('',*,*,#2388,.F.);
#2639 = ORIENTED_EDGE('',*,*,#2640,.F.);
#2640 = EDGE_CURVE('',#1795,#2381,#2641,.T.);
#2641 = LINE('',#2642,#2643);
#2642 = CARTESIAN_POINT('',(30.,17.5,49.4));
#2643 = VECTOR('',#2644,1.);
#2644 = DIRECTION('',(0.707106781187,-1.731912112471E-16,0.707106781187)
  );
#2645 = ORIENTED_EDGE('',*,*,#1794,.T.);
#2646 = ORIENTED_EDGE('',*,*,#2640,.T.);
#2647 = CONICAL_SURFACE('',#2648,12.5,0.785398163397);
#2648 = AXIS2_PLACEMENT_3D('',#2649,#2650,#2651);
#2649 = CARTESIAN_POINT('',(17.5,17.5,49.4));
#2650 = DIRECTION('',(0.,0.,1.));
#2651 = DIRECTION('',(1.,0.,-0.));
#2652 = ADVANCED_FACE('',(#2653),#2664,.F.);
#2653 = FACE_BOUND('',#2654,.F.);
#2654 = EDGE_LOOP('',(#2655,#2656,#2662,#2663));
#2655 = ORIENTED_EDGE('',*,*,#2413,.F.);
#2656 = ORIENTED_EDGE('',*,*,#2657,.F.);
#2657 = EDGE_CURVE('',#1820,#2406,#2658,.T.);
#2658 = LINE('',#2659,#2660);
#2659 = CARTESIAN_POINT('',(65.,17.5,49.4));
#2660 = VECTOR('',#2661,1.);
#2661 = DIRECTION('',(0.707106781187,-1.731912112471E-16,0.707106781187)
  );
#2662 = ORIENTED_EDGE('',*,*,#1819,.T.);
#2663 = ORIENTED_EDGE('',*,*,#2657,.T.);
#2664 = CONICAL_SURFACE('',#2665,12.5,0.785398163397);
#2665 = AXIS2_PLACEMENT_3D('',#2666,#2667,#2668);
#2666 = CARTESIAN_POINT('',(52.5,17.5,49.4));
#2667 = DIRECTION('',(0.,0.,1.));
#2668 = DIRECTION('',(1.,0.,-0.));
#2669 = ADVANCED_FACE('',(#2670),#2676,.F.);
#2670 = FACE_BOUND('',#2671,.F.);
#2671 = EDGE_LOOP('',(#2672,#2673,#2674,#2675));
#2672 = ORIENTED_EDGE('',*,*,#1910,.F.);
#2673 = ORIENTED_EDGE('',*,*,#1878,.T.);
#2674 = ORIENTED_EDGE('',*,*,#1942,.F.);
#2675 = ORIENTED_EDGE('',*,*,#1960,.T.);
#2676 = PLANE('',#2677);
#2677 = AXIS2_PLACEMENT_3D('',#2678,#2679,#2680);
#2678 = CARTESIAN_POINT('',(-1.801794967423E-15,1.801794967423E-15,46.)
  );
#2679 = DIRECTION('',(0.,0.,1.));
#2680 = DIRECTION('',(1.,0.,-0.));
#2681 = ADVANCED_FACE('',(#2682),#2688,.F.);
#2682 = FACE_BOUND('',#2683,.F.);
#2683 = EDGE_LOOP('',(#2684,#2685,#2686,#2687));
#2684 = ORIENTED_EDGE('',*,*,#2007,.F.);
#2685 = ORIENTED_EDGE('',*,*,#1976,.T.);
#2686 = ORIENTED_EDGE('',*,*,#2031,.F.);
#2687 = ORIENTED_EDGE('',*,*,#2057,.T.);
#2688 = PLANE('',#2689);
#2689 = AXIS2_PLACEMENT_3D('',#2690,#2691,#2692);
#2690 = CARTESIAN_POINT('',(-1.801794967423E-15,1.801794967423E-15,46.)
  );
#2691 = DIRECTION('',(0.,0.,1.));
#2692 = DIRECTION('',(1.,0.,-0.));
#2693 = ADVANCED_FACE('',(#2694),#2697,.T.);
#2694 = FACE_BOUND('',#2695,.F.);
#2695 = EDGE_LOOP('',(#2696));
#2696 = ORIENTED_EDGE('',*,*,#2270,.F.);
#2697 = PLANE('',#2698);
#2698 = AXIS2_PLACEMENT_3D('',#2699,#2700,#2701);
#2699 = CARTESIAN_POINT('',(-64.52081528017,5.479184719829,49.4));
#2700 = DIRECTION('',(0.,0.,1.));
#2701 = DIRECTION('',(1.,0.,-0.));
#2702 = ADVANCED_FACE('',(#2703),#2706,.T.);
#2703 = FACE_BOUND('',#2704,.F.);
#2704 = EDGE_LOOP('',(#2705));
#2705 = ORIENTED_EDGE('',*,*,#2345,.F.);
#2706 = PLANE('',#2707);
#2707 = AXIS2_PLACEMENT_3D('',#2708,#2709,#2710);
#2708 = CARTESIAN_POINT('',(-40.47918471982,29.520815280171,49.4));
#2709 = DIRECTION('',(0.,0.,1.));
#2710 = DIRECTION('',(1.,0.,-0.));
#2711 = ( GEOMETRIC_REPRESENTATION_CONTEXT(3) 
GLOBAL_UNCERTAINTY_ASSIGNED_CONTEXT((#2715)) 
GLOBAL_UNIT_ASSIGNED_CONTEXT((#2712,#2713,#2714)) REPRESENTATION_CONTEXT
('Context #1','3D Context with UNIT and UNCERTAINTY') );
#2712 = ( LENGTH_UNIT() NAMED_UNIT(*) SI_UNIT(.MILLI.,.METRE.) );
#2713 = ( NAMED_UNIT(*) PLANE_ANGLE_UNIT() SI_UNIT($,.RADIAN.) );
#2714 = ( NAMED_UNIT(*) SI_UNIT($,.STERADIAN.) SOLID_ANGLE_UNIT() );
#2715 = UNCERTAINTY_MEASURE_WITH_UNIT(LENGTH_MEASURE(1.E-07),#2712,
  'distance_accuracy_value','confusion accuracy');
#2716 = PRODUCT_RELATED_PRODUCT_CATEGORY('part',$,(#7));
ENDSEC;
END-ISO-10303-21;
